current_goal: info: loading goal `lint/lint_rtl' (in progress)
current_goal: info: finished loading goal `lint/lint_rtl' (ok)

INFO:    SpyGlass will run goal(s) 'lint/lint_rtl'.


RULE-CHECKING IN MIXED MODE
Loading spyglass (SpyGlass_vP-2019.06-SP1-01) ... (picked from /opt/synopsys/spyglass/P-2019.06-SP1-1/SPYGLASS_HOME/policies/spyglass)
Loading openmore (SpyGlass_vP-2019.06-SP1-01) ... (picked from /opt/synopsys/spyglass/P-2019.06-SP1-1/SPYGLASS_HOME/policies/openmore)
Loading starc (SpyGlass_vP-2019.06-SP1-01) ... (picked from /opt/synopsys/spyglass/P-2019.06-SP1-1/SPYGLASS_HOME/policies/starc)
Loading starc2005 (SpyGlass_vP-2019.06-SP1-01) ... (picked from /opt/synopsys/spyglass/P-2019.06-SP1-1/SPYGLASS_HOME/policies/starc2005)
Loading erc (SpyGlass_vP-2019.06-SP1-01) ... (picked from /opt/synopsys/spyglass/P-2019.06-SP1-1/SPYGLASS_HOME/policies/erc)
Loading simulation (SpyGlass_vP-2019.06-SP1-01) ... (picked from /opt/synopsys/spyglass/P-2019.06-SP1-1/SPYGLASS_HOME/policies/simulation)
Loading lint (SpyGlass_vP-2019.06-SP1-01) ... (picked from /opt/synopsys/spyglass/P-2019.06-SP1-1/SPYGLASS_HOME/policies/lint)
Loading latch (SpyGlass_vP-2019.06-SP1-01) ... (picked from /opt/synopsys/spyglass/P-2019.06-SP1-1/SPYGLASS_HOME/policies/latch)
Loading morelint (SpyGlass_vP-2019.06-SP1-01) ... (picked from /opt/synopsys/spyglass/P-2019.06-SP1-1/SPYGLASS_HOME/policies/morelint)
Loading timing (SpyGlass_vP-2019.06-SP1-01) ... (picked from /opt/synopsys/spyglass/P-2019.06-SP1-1/SPYGLASS_HOME/policies/timing)
Loading starc2002 (SpyGlass_vP-2019.06-SP1-01) ... (picked from /opt/synopsys/spyglass/P-2019.06-SP1-1/SPYGLASS_HOME/policies/starc2002)
Loading Audits (SpyGlass_vP-2019.06-SP1-01) ... (picked from /opt/synopsys/spyglass/P-2019.06-SP1-1/SPYGLASS_HOME/policies/Audits)
Loading area (SpyGlass_vP-2019.06-SP1-01) ... (picked from /opt/synopsys/spyglass/P-2019.06-SP1-1/SPYGLASS_HOME/policies/area)
Loading miscellaneous (SpyGlass_vP-2019.06-SP1-01) ... (picked from /opt/synopsys/spyglass/P-2019.06-SP1-1/SPYGLASS_HOME/policies/miscellaneous)
Loading starcad-21 (SpyGlass_vP-2019.06-SP1-01) ... (picked from /opt/synopsys/spyglass/P-2019.06-SP1-1/SPYGLASS_HOME/policies/starcad-21)
Loading txv (SpyGlass_vP-2019.06-SP1-01) ... (picked from /opt/synopsys/spyglass/P-2019.06-SP1-1/SPYGLASS_HOME/policies/txv)

TXV_INFO Parameter txv_extract_domain will be renamed to txv_domain_mode in future!

Loading power_est (SpyGlass_vL-2016.06) ... (picked from /opt/synopsys/spyglass/P-2019.06-SP1-1/SPYGLASS_HOME/policies/power_est)
Loading lowpower (5.6.1) ... (picked from /opt/synopsys/spyglass/P-2019.06-SP1-1/SPYGLASS_HOME/policies/lowpower)
Loading dft_dsm (SpyGlass_vP-2019.06-SP1-01) ... (picked from /opt/synopsys/spyglass/P-2019.06-SP1-1/SPYGLASS_HOME/policies/dft_dsm)
Loading dft (SpyGlass_vP-2019.06-SP1-01) ... (picked from /opt/synopsys/spyglass/P-2019.06-SP1-1/SPYGLASS_HOME/policies/dft)
Loading constraints (SpyGlass_vP-2019.06-SP1-01) ... (picked from /opt/synopsys/spyglass/P-2019.06-SP1-1/SPYGLASS_HOME/policies/constraints)
Loading const_intern1 (SpyGlass_vP-2019.06-SP1-01) ... (picked from /opt/synopsys/spyglass/P-2019.06-SP1-1/SPYGLASS_HOME/policies/constraints)
Loading clock-reset (SpyGlass_vP-2019.06-SP1-01) ... (picked from /opt/synopsys/spyglass/P-2019.06-SP1-1/SPYGLASS_HOME/policies/clock)

Note: The rule Reset_check05 will be deprecated in the future release starting April 2018.

INFO [76]    Using './spyglass-1/WORK/64' as the Work Directory for 64bit precompiled dump.
Checking Rule SGDC_power_est29 (Rule 1 of total 304) .... done (Time = 0.00s, Memory = 0.0K)
Checking Rule PECHECK04 (Rule 2 of total 304) .... done (Time = 0.00s, Memory = 16.0K)
Checking Rule PECHECK18 (Rule 3 of total 304) .... done (Time = 0.00s, Memory = 0.0K)
Checking Rule PEMVDD01 (Rule 4 of total 304) .... done (Time = 0.00s, Memory = 0.0K)
Checking Rule PrecompileLibCheck01 (Rule 5 of total 304) .... done (Time = 0.00s, Memory = 0.0K)
Checking Rule PrecompileLibCheck02 (Rule 6 of total 304) .... done (Time = 0.00s, Memory = 0.0K)
Checking Rule PrecompileLibCheck03 (Rule 7 of total 304) .... done (Time = 0.00s, Memory = 0.0K)
Checking Rule PrecompileLibCheck04 (Rule 8 of total 304) .... done (Time = 0.00s, Memory = 0.0K)
Checking Rule AbstractInterface (Rule 9 of total 304) .... done (Time = 0.00s, Memory = 0.0K)
Checking Rule SGDC_assume_path01 (Rule 10 of total 304) .... done (Time = 0.00s, Memory = 0.0K)
Checking Rule SGDC_sdcschema02 (Rule 11 of total 304) .... done (Time = 0.00s, Memory = 32.0K)
Checking Rule SGDC_clock05 (Rule 12 of total 304) .... done (Time = 0.00s, Memory = 0.0K)
Checking Rule SGDC_clock09 (Rule 13 of total 304) .... done (Time = 0.00s, Memory = 0.0K)
Checking Rule SGDC_force_ta05 (Rule 14 of total 304) .... done (Time = 0.00s, Memory = -8.0K)
Checking Rule SGDC_require_path03 (Rule 15 of total 304) .... done (Time = 0.00s, Memory = 40.0K)
Checking Rule SGDC_require_value03 (Rule 16 of total 304) .... done (Time = 0.00s, Memory = 0.0K)
Checking Rule SGDC_voltagedomain05 (Rule 17 of total 304) .... done (Time = 0.00s, Memory = 32.0K)
Checking Rule SGDC_voltagedomain06 (Rule 18 of total 304) .... done (Time = 0.00s, Memory = 8.0K)
Checking Rule SGDC_voltagedomain07 (Rule 19 of total 304) .... done (Time = 0.00s, Memory = 0.0K)
Checking Rule SGDC_powerdomainoutputs02 (Rule 20 of total 304) .... done (Time = 0.00s, Memory = -24.0K)
Checking Rule SGDC_supply01 (Rule 21 of total 304) .... done (Time = 0.00s, Memory = 8.0K)
Checking Rule SGDC_waive01 (Rule 22 of total 304) .... done (Time = 0.00s, Memory = 0.0K)
Checking Rule SGDC_waive02 (Rule 23 of total 304) .... done (Time = 0.00s, Memory = 0.0K)
Checking Rule SGDC_waive03 (Rule 24 of total 304) .... done (Time = 0.00s, Memory = -32.0K)
Checking Rule SGDC_waive04 (Rule 25 of total 304) .... done (Time = 0.00s, Memory = 0.0K)
Checking Rule SGDC_waive05 (Rule 26 of total 304) .... done (Time = 0.00s, Memory = 0.0K)
Checking Rule SGDC_waive06 (Rule 27 of total 304) .... done (Time = 0.00s, Memory = -8.0K)
Checking Rule SGDC_waive07 (Rule 28 of total 304) .... done (Time = 0.00s, Memory = 0.0K)
Checking Rule SGDC_waive08 (Rule 29 of total 304) .... done (Time = 0.00s, Memory = 0.0K)
Checking Rule SGDC_waive09 (Rule 30 of total 304) .... done (Time = 0.00s, Memory = 0.0K)
Checking Rule SGDC_waive10 (Rule 31 of total 304) .... done (Time = 0.00s, Memory = 0.0K)
Checking Rule SGDC_waive11 (Rule 32 of total 304) .... done (Time = 0.00s, Memory = 0.0K)
Checking Rule SGDC_waive12 (Rule 33 of total 304) .... done (Time = 0.00s, Memory = 0.0K)
Checking Rule SGDC_waive13 (Rule 34 of total 304) .... done (Time = 0.00s, Memory = 0.0K)
Checking Rule SGDC_waive21 (Rule 35 of total 304) .... done (Time = 0.00s, Memory = 0.0K)
Checking Rule SGDC_waive22 (Rule 36 of total 304) .... done (Time = 0.00s, Memory = 0.0K)
Checking Rule SGDC_waive30 (Rule 37 of total 304) .... done (Time = 0.00s, Memory = 0.0K)
Checking Rule SGDC_waive32 (Rule 38 of total 304) .... done (Time = 0.00s, Memory = 0.0K)
Checking Rule SGDC_waive33 (Rule 39 of total 304) .... done (Time = 0.00s, Memory = 0.0K)
Checking Rule SGDC_waive36 (Rule 40 of total 304) .... done (Time = 0.00s, Memory = 0.0K)
Checking Rule SGDC_waive38 (Rule 41 of total 304) .... done (Time = 0.00s, Memory = 0.0K)
Checking Rule SGDC_fifo01 (Rule 42 of total 304) .... done (Time = 0.00s, Memory = 0.0K)
Checking Rule SGDC_libgroup01 (Rule 43 of total 304) .... done (Time = 0.00s, Memory = 0.0K)
Checking Rule SGDC_libgroup02 (Rule 44 of total 304) .... done (Time = 0.00s, Memory = 0.0K)
Checking Rule SGDC_libgroup04 (Rule 45 of total 304) .... done (Time = 0.00s, Memory = 0.0K)
Checking Rule SGDC_power_data01 (Rule 46 of total 304) .... done (Time = 0.00s, Memory = 32.0K)
Checking Rule SGDC_ungroup01 (Rule 47 of total 304) .... done (Time = 0.00s, Memory = 0.0K)
Checking Rule SGDC_abstract_port06 (Rule 48 of total 304) .... done (Time = 0.00s, Memory = 8.0K)
Checking Rule SGDC_abstract_port14 (Rule 49 of total 304) .... done (Time = 0.00s, Memory = 0.0K)
Checking Rule SGDC_abstract_port15 (Rule 50 of total 304) .... done (Time = 0.00s, Memory = 8.0K)
Checking Rule SGDC_abstract_port18 (Rule 51 of total 304) .... done (Time = 0.00s, Memory = 0.0K)
Checking Rule sdc_init_rule (Rule 52 of total 304) .... done (Time = 0.00s, Memory = 32.0K)
Checking Rule CMD_ignorelibs01 (Rule 53 of total 304) .... done (Time = 0.00s, Memory = 32.0K)
Checking Rule ReportRuleNotRun (Rule 54 of total 304) .... done (Time = 0.00s, Memory = -8.0K)
Checking Rule STARC05-2.3.1.2c (Rule 55 of total 304) .... done (Time = 0.00s, Memory = 0.0K)
Checking Rule W442a (Rule 56 of total 304) .... done (Time = 0.00s, Memory = 0.0K)
Checking Rule W442b (Rule 57 of total 304) .... done (Time = 0.00s, Memory = 0.0K)
Checking Rule W442c (Rule 58 of total 304) .... done (Time = 0.00s, Memory = 0.0K)
Checking Rule W442f (Rule 59 of total 304) .... done (Time = 0.00s, Memory = 0.0K)
Checking Rule mixedsenselist (Rule 60 of total 304) .... done (Time = 0.00s, Memory = 0.0K)
Checking Rule badimplicitSM1 (Rule 61 of total 304) .... done (Time = 0.00s, Memory = 0.0K)
Checking Rule badimplicitSM2 (Rule 62 of total 304) .... done (Time = 0.00s, Memory = 0.0K)
Checking Rule badimplicitSM4 (Rule 63 of total 304) .... done (Time = 0.00s, Memory = 0.0K)
Checking Rule bothedges (Rule 64 of total 304) .... done (Time = 0.00s, Memory = 0.0K)
Checking Rule BlockHeader (Rule 65 of total 304) .... done (Time = 0.00s, Memory = 0.0K)
Checking Rule W421 (Rule 66 of total 304) .... done (Time = 0.00s, Memory = 0.0K)
Checking Rule STARC05-2.1.6.5 (Rule 67 of total 304) .... done (Time = 0.00s, Memory = 0.0K)
Checking Rule ReportStopSummary (Rule 68 of total 304) .... done (Time = 0.00s, Memory = -24.0K)
Checking Rule ReportIgnoreSummary (Rule 69 of total 304) .... done (Time = 0.00s, Memory = -16.0K)
 Analyzing source file "verilog/core.v" ....
 Analyzing source file "verilog/fifo_depth16.v" ....
 Analyzing source file "verilog/fifo_mux_2_1.v" ....
 Analyzing source file "verilog/fifo_mux_8_1.v" ....
 Analyzing source file "verilog/fifo_mux_16_1.v" ....
 Analyzing source file "verilog/fullchip.v" ....
 Analyzing source file "verilog/fullchip_tb.v" ....
 Analyzing source file "verilog/mac_8in.v" ....
 Analyzing source file "verilog/sram_w16.v" ....
 Analyzing source file "verilog/mac_array.v" ....
 Analyzing source file "verilog/mac_col.v" ....
 Analyzing source file "verilog/ofifo.v" ....
***Syntax Errors detected - RULE CHECKING ABORTED***
Checking Rule ReportCheckDataSummary (Rule 70 of total 304) .... done (Time = 0.00s, Memory = 0.0K)

SpyGlass Rule Checking ABORTED.

Generating data for Console...

Generating moresimple report from './spyglass-1/lint/lint_rtl/spyglass.vdb' to './spyglass-1/lint/lint_rtl/spyglass_reports/moresimple.rpt' ....

Generating runsummary report from './spyglass-1/lint/lint_rtl/spyglass.vdb' ....

Generating no_msg_reporting_rules report from './spyglass-1/lint/lint_rtl/spyglass.vdb' to './spyglass-1/lint/lint_rtl/spyglass_reports/no_msg_reporting_rules.rpt' ....

Policy specific data (reports) are present in the directory './spyglass-1/lint/lint_rtl/spyglass_reports'.

SpyGlass critical reports for the current run are present in directory './spyglass-1/consolidated_reports/lint_lint_rtl/'.

---------------------------------------------------------------------------------------------
Results Summary:
---------------------------------------------------------------------------------------------
   Goal Run           :      lint/lint_rtl
** Design Read        :     28 fatals,     0 error,       16 warnings,     0 information message 
   -------------------------------------------------------------------------------------
** Total              :     28 fatals,     0 error,       16 warnings,     0 information message 

  Total Number of Generated Messages     :        44 (28 fatals, 0 error, 16 warnings, 0 Info)
  Number of Reported Messages            :        44 (28 fatals, 0 error, 16 warnings, 0 Info)

  NOTE: It is recommended to first fix/reconcile fatals/errors reported on
        lines starting with ** as subsequent issues might be related to it.
        Please re-run SpyGlass once ** prefixed lines are fatal/error clean.

---------------------------------------------------------------------------------------------

First 10 FATAL message(s) generated in current run are -

Rule          Severity   File                     Line   Message
-------------------------------------------------------------------------
STX_VE_479    Syntax     verilog/fifo_mux_2_1.v   19     Syntax error near ( for ). Please use 'set_option enableV05 yes' to support Verilog-2005 construct ( Generate for outside generate/endgenerate )
STX_VE_479    Syntax     verilog/fifo_mux_2_1.v   19     Syntax error near ( i ). Please use 'set_option enableSV yes' to support SystemVerilog construct ( int )
STX_VE_481    Syntax     verilog/fifo_mux_2_1.v   23     Syntax error near ( [ end ] - Illegal use of Verilog keyword 'end' )
STX_VE_479    Syntax     verilog/mac_array.v      29     Syntax error near ( for ). Please use 'set_option enableV05 yes' to support Verilog-2005 construct ( Generate for outside generate/endgenerate )
STX_VE_1188   Syntax     verilog/mac_array.v      29     Invalid context for genvar 'i'. A genvar can be used only inside of the generate loop that it indexes
STX_VE_1188   Syntax     verilog/mac_array.v      29     Invalid context for genvar 'i'. A genvar can be used only inside of the generate loop that it indexes
STX_VE_1188   Syntax     verilog/mac_array.v      30     Invalid context for genvar 'i'. A genvar can be used only inside of the generate loop that it indexes
STX_VE_1188   Syntax     verilog/mac_array.v      31     Invalid context for genvar 'i'. A genvar can be used only inside of the generate loop that it indexes
STX_VE_1188   Syntax     verilog/mac_array.v      31     Invalid context for genvar 'i'. A genvar can be used only inside of the generate loop that it indexes
STX_VE_1188   Syntax     verilog/mac_array.v      32     Invalid context for genvar 'i'. A genvar can be used only inside of the generate loop that it indexes

Please refer ./spyglass-1/lint/lint_rtl/spyglass_reports directory for SpyGlass reports, or use SpyGlass GUI to see all FATAL messages.
run_goal: info: updating spyglass.log with goal summary
---------------------------------------------------------------------------------------------------
Results Summary:
---------------------------------------------------------------------------------------------------
   Goal Run           :      lint/lint_rtl
   Top Module         :      
---------------------------------------------------------------------------------------------------
   Reports Directory: 
   /home/caden99/Documents/projects/vector_processor/1D_Vector_Processor/spyglass-1/consolidated_reports/lint_lint_rtl/ 

   SpyGlass LogFile: 
    /home/caden99/Documents/projects/vector_processor/1D_Vector_Processor/spyglass-1/lint/lint_rtl/spyglass.log 

   Standard Reports: 
     moresimple.rpt          no_msg_reporting_rules.rpt       

   HTML report:
    /home/caden99/Documents/projects/vector_processor/1D_Vector_Processor/spyglass-1/html_reports/goals_summary.html
  

   Technology Reports:  
     <Not Available>
   
   
---------------------------------------------------------------------------------------------------
   Goal Violation Summary:
       Waived   Messages:                      0 Errors,      0 Warnings,      0 Infos
       Reported Messages:        28 Fatals,    0 Errors,     16 Warnings,      0 Infos
---------------------------------------------------------------------------------------------------
   
---------------------------------------------------------------------------------------------------
 
run_goal: info: spyglass.log successfully updated with goal summary
6 {Rule-checking terminated due to FATAL errors - design syntax error}current_goal: info: loading goal `lint/lint_abstract' (in progress)
current_goal: info: finished loading goal `lint/lint_abstract' (ok)

INFO:    SpyGlass will run goal(s) 'lint/lint_abstract'.


RULE-CHECKING IN MIXED MODE
Loading spyglass (SpyGlass_vP-2019.06-SP1-01) ... (picked from /opt/synopsys/spyglass/P-2019.06-SP1-1/SPYGLASS_HOME/policies/spyglass)
Loading lint (SpyGlass_vP-2019.06-SP1-01) ... (picked from /opt/synopsys/spyglass/P-2019.06-SP1-1/SPYGLASS_HOME/policies/lint)
Loading Audits (SpyGlass_vP-2019.06-SP1-01) ... (picked from /opt/synopsys/spyglass/P-2019.06-SP1-1/SPYGLASS_HOME/policies/Audits)
Loading area (SpyGlass_vP-2019.06-SP1-01) ... (picked from /opt/synopsys/spyglass/P-2019.06-SP1-1/SPYGLASS_HOME/policies/area)
Loading latch (SpyGlass_vP-2019.06-SP1-01) ... (picked from /opt/synopsys/spyglass/P-2019.06-SP1-1/SPYGLASS_HOME/policies/latch)
Loading miscellaneous (SpyGlass_vP-2019.06-SP1-01) ... (picked from /opt/synopsys/spyglass/P-2019.06-SP1-1/SPYGLASS_HOME/policies/miscellaneous)
Loading morelint (SpyGlass_vP-2019.06-SP1-01) ... (picked from /opt/synopsys/spyglass/P-2019.06-SP1-1/SPYGLASS_HOME/policies/morelint)
Loading openmore (SpyGlass_vP-2019.06-SP1-01) ... (picked from /opt/synopsys/spyglass/P-2019.06-SP1-1/SPYGLASS_HOME/policies/openmore)
Loading starc (SpyGlass_vP-2019.06-SP1-01) ... (picked from /opt/synopsys/spyglass/P-2019.06-SP1-1/SPYGLASS_HOME/policies/starc)
Loading starc2002 (SpyGlass_vP-2019.06-SP1-01) ... (picked from /opt/synopsys/spyglass/P-2019.06-SP1-1/SPYGLASS_HOME/policies/starc2002)
Loading timing (SpyGlass_vP-2019.06-SP1-01) ... (picked from /opt/synopsys/spyglass/P-2019.06-SP1-1/SPYGLASS_HOME/policies/timing)
Loading starcad-21 (SpyGlass_vP-2019.06-SP1-01) ... (picked from /opt/synopsys/spyglass/P-2019.06-SP1-1/SPYGLASS_HOME/policies/starcad-21)
Loading erc (SpyGlass_vP-2019.06-SP1-01) ... (picked from /opt/synopsys/spyglass/P-2019.06-SP1-1/SPYGLASS_HOME/policies/erc)
Loading simulation (SpyGlass_vP-2019.06-SP1-01) ... (picked from /opt/synopsys/spyglass/P-2019.06-SP1-1/SPYGLASS_HOME/policies/simulation)
Loading starc2005 (SpyGlass_vP-2019.06-SP1-01) ... (picked from /opt/synopsys/spyglass/P-2019.06-SP1-1/SPYGLASS_HOME/policies/starc2005)
Loading txv (SpyGlass_vP-2019.06-SP1-01) ... (picked from /opt/synopsys/spyglass/P-2019.06-SP1-1/SPYGLASS_HOME/policies/txv)

TXV_INFO Parameter txv_extract_domain will be renamed to txv_domain_mode in future!

Loading power_est (SpyGlass_vL-2016.06) ... (picked from /opt/synopsys/spyglass/P-2019.06-SP1-1/SPYGLASS_HOME/policies/power_est)
Loading lowpower (5.6.1) ... (picked from /opt/synopsys/spyglass/P-2019.06-SP1-1/SPYGLASS_HOME/policies/lowpower)
Loading dft_dsm (SpyGlass_vP-2019.06-SP1-01) ... (picked from /opt/synopsys/spyglass/P-2019.06-SP1-1/SPYGLASS_HOME/policies/dft_dsm)
Loading dft (SpyGlass_vP-2019.06-SP1-01) ... (picked from /opt/synopsys/spyglass/P-2019.06-SP1-1/SPYGLASS_HOME/policies/dft)
Loading constraints (SpyGlass_vP-2019.06-SP1-01) ... (picked from /opt/synopsys/spyglass/P-2019.06-SP1-1/SPYGLASS_HOME/policies/constraints)
Loading const_intern1 (SpyGlass_vP-2019.06-SP1-01) ... (picked from /opt/synopsys/spyglass/P-2019.06-SP1-1/SPYGLASS_HOME/policies/constraints)
Loading clock-reset (SpyGlass_vP-2019.06-SP1-01) ... (picked from /opt/synopsys/spyglass/P-2019.06-SP1-1/SPYGLASS_HOME/policies/clock)

Note: The rule Reset_check05 will be deprecated in the future release starting April 2018.

INFO [76]    Using './spyglass-1/WORK/64' as the Work Directory for 64bit precompiled dump.
Checking Rule SGDC_power_est29 (Rule 1 of total 171) .... done (Time = 0.00s, Memory = 0.0K)
Checking Rule PECHECK04 (Rule 2 of total 171) .... done (Time = 0.01s, Memory = 40.0K)
Checking Rule PECHECK18 (Rule 3 of total 171) .... done (Time = 0.00s, Memory = 0.0K)
Checking Rule PEMVDD01 (Rule 4 of total 171) .... done (Time = 0.00s, Memory = -24.0K)
Checking Rule PrecompileLibCheck01 (Rule 5 of total 171) .... done (Time = 0.00s, Memory = 0.0K)
Checking Rule PrecompileLibCheck02 (Rule 6 of total 171) .... done (Time = 0.00s, Memory = 32.0K)
Checking Rule PrecompileLibCheck03 (Rule 7 of total 171) .... done (Time = 0.00s, Memory = 0.0K)
Checking Rule PrecompileLibCheck04 (Rule 8 of total 171) .... done (Time = 0.00s, Memory = -8.0K)
Checking Rule AbstractInterface (Rule 9 of total 171) .... done (Time = 0.00s, Memory = 0.0K)
Checking Rule SGDC_assume_path01 (Rule 10 of total 171) .... done (Time = 0.00s, Memory = 0.0K)
Checking Rule SGDC_sdcschema02 (Rule 11 of total 171) .... done (Time = 0.00s, Memory = 40.0K)
Checking Rule SGDC_clock05 (Rule 12 of total 171) .... done (Time = 0.00s, Memory = 0.0K)
Checking Rule SGDC_clock09 (Rule 13 of total 171) .... done (Time = 0.00s, Memory = 0.0K)
Checking Rule SGDC_force_ta05 (Rule 14 of total 171) .... done (Time = 0.00s, Memory = 0.0K)
Checking Rule SGDC_require_path03 (Rule 15 of total 171) .... done (Time = 0.00s, Memory = 8.0K)
Checking Rule SGDC_require_value03 (Rule 16 of total 171) .... done (Time = 0.00s, Memory = 0.0K)
Checking Rule SGDC_voltagedomain05 (Rule 17 of total 171) .... done (Time = 0.00s, Memory = 0.0K)
Checking Rule SGDC_voltagedomain06 (Rule 18 of total 171) .... done (Time = 0.00s, Memory = 8.0K)
Checking Rule SGDC_voltagedomain07 (Rule 19 of total 171) .... done (Time = 0.00s, Memory = 0.0K)
Checking Rule SGDC_powerdomainoutputs02 (Rule 20 of total 171) .... done (Time = 0.00s, Memory = 8.0K)
Checking Rule SGDC_supply01 (Rule 21 of total 171) .... done (Time = 0.00s, Memory = 0.0K)
Checking Rule SGDC_waive01 (Rule 22 of total 171) .... done (Time = 0.00s, Memory = 24.0K)
Checking Rule SGDC_waive02 (Rule 23 of total 171) .... done (Time = 0.00s, Memory = 0.0K)
Checking Rule SGDC_waive03 (Rule 24 of total 171) .... done (Time = 0.00s, Memory = 0.0K)
Checking Rule SGDC_waive04 (Rule 25 of total 171) .... done (Time = 0.00s, Memory = -8.0K)
Checking Rule SGDC_waive05 (Rule 26 of total 171) .... done (Time = 0.00s, Memory = 0.0K)
Checking Rule SGDC_waive06 (Rule 27 of total 171) .... done (Time = 0.00s, Memory = 0.0K)
Checking Rule SGDC_waive07 (Rule 28 of total 171) .... done (Time = 0.00s, Memory = 0.0K)
Checking Rule SGDC_waive08 (Rule 29 of total 171) .... done (Time = 0.00s, Memory = -8.0K)
Checking Rule SGDC_waive09 (Rule 30 of total 171) .... done (Time = 0.00s, Memory = 0.0K)
Checking Rule SGDC_waive10 (Rule 31 of total 171) .... done (Time = 0.00s, Memory = 0.0K)
Checking Rule SGDC_waive11 (Rule 32 of total 171) .... done (Time = 0.00s, Memory = 0.0K)
Checking Rule SGDC_waive12 (Rule 33 of total 171) .... done (Time = 0.00s, Memory = 0.0K)
Checking Rule SGDC_waive13 (Rule 34 of total 171) .... done (Time = 0.00s, Memory = 0.0K)
Checking Rule SGDC_waive21 (Rule 35 of total 171) .... done (Time = 0.00s, Memory = 0.0K)
Checking Rule SGDC_waive22 (Rule 36 of total 171) .... done (Time = 0.00s, Memory = 0.0K)
Checking Rule SGDC_waive30 (Rule 37 of total 171) .... done (Time = 0.00s, Memory = 0.0K)
Checking Rule SGDC_waive32 (Rule 38 of total 171) .... done (Time = 0.00s, Memory = 0.0K)
Checking Rule SGDC_waive33 (Rule 39 of total 171) .... done (Time = 0.00s, Memory = 0.0K)
Checking Rule SGDC_waive36 (Rule 40 of total 171) .... done (Time = 0.00s, Memory = 0.0K)
Checking Rule SGDC_waive38 (Rule 41 of total 171) .... done (Time = 0.00s, Memory = 0.0K)
Checking Rule SGDC_fifo01 (Rule 42 of total 171) .... done (Time = 0.00s, Memory = 0.0K)
Checking Rule SGDC_libgroup01 (Rule 43 of total 171) .... done (Time = 0.00s, Memory = 0.0K)
Checking Rule SGDC_libgroup02 (Rule 44 of total 171) .... done (Time = 0.00s, Memory = 0.0K)
Checking Rule SGDC_libgroup04 (Rule 45 of total 171) .... done (Time = 0.00s, Memory = 0.0K)
Checking Rule SGDC_power_data01 (Rule 46 of total 171) .... done (Time = 0.00s, Memory = 0.0K)
Checking Rule SGDC_ungroup01 (Rule 47 of total 171) .... done (Time = 0.00s, Memory = -32.0K)
Checking Rule SGDC_abstract_port06 (Rule 48 of total 171) .... done (Time = 0.00s, Memory = 0.0K)
Checking Rule SGDC_abstract_port14 (Rule 49 of total 171) .... done (Time = 0.00s, Memory = 0.0K)
Checking Rule SGDC_abstract_port15 (Rule 50 of total 171) .... done (Time = 0.00s, Memory = 16.0K)
Checking Rule SGDC_abstract_port18 (Rule 51 of total 171) .... done (Time = 0.00s, Memory = -8.0K)
Checking Rule sdc_init_rule (Rule 52 of total 171) .... done (Time = 0.00s, Memory = 0.0K)
Checking Rule CMD_ignorelibs01 (Rule 53 of total 171) .... done (Time = 0.00s, Memory = 0.0K)
Checking Rule ReportRuleNotRun (Rule 54 of total 171) .... done (Time = 0.00s, Memory = 0.0K)
Checking Rule ReportStopSummary (Rule 55 of total 171) .... done (Time = 0.00s, Memory = 8.0K)
Checking Rule ReportIgnoreSummary (Rule 56 of total 171) .... done (Time = 0.00s, Memory = -32.0K)
 Analyzing source file "verilog/core.v" ....
 Analyzing source file "verilog/fifo_depth16.v" ....
 Analyzing source file "verilog/fifo_mux_2_1.v" ....
 Analyzing source file "verilog/fifo_mux_8_1.v" ....
 Analyzing source file "verilog/fifo_mux_16_1.v" ....
 Analyzing source file "verilog/fullchip.v" ....
 Analyzing source file "verilog/fullchip_tb.v" ....
 Analyzing source file "verilog/mac_8in.v" ....
 Analyzing source file "verilog/sram_w16.v" ....
 Analyzing source file "verilog/mac_array.v" ....
 Analyzing source file "verilog/mac_col.v" ....
 Analyzing source file "verilog/ofifo.v" ....
***Syntax Errors detected - RULE CHECKING ABORTED***
Checking Rule ReportCheckDataSummary (Rule 57 of total 171) .... done (Time = 0.00s, Memory = 0.0K)

SpyGlass Rule Checking ABORTED.

Generating data for Console...

Generating moresimple report from './spyglass-1/lint/lint_abstract/spyglass.vdb' to './spyglass-1/lint/lint_abstract/spyglass_reports/moresimple.rpt' ....

Generating runsummary report from './spyglass-1/lint/lint_abstract/spyglass.vdb' ....

Generating no_msg_reporting_rules report from './spyglass-1/lint/lint_abstract/spyglass.vdb' to './spyglass-1/lint/lint_abstract/spyglass_reports/no_msg_reporting_rules.rpt' ....

Policy specific data (reports) are present in the directory './spyglass-1/lint/lint_abstract/spyglass_reports'.

SpyGlass critical reports for the current run are present in directory './spyglass-1/consolidated_reports/lint_lint_abstract/'.

---------------------------------------------------------------------------------------------
Results Summary:
---------------------------------------------------------------------------------------------
   Goal Run           :      lint/lint_abstract
** Design Read        :     28 fatals,     0 error,       16 warnings,     0 information message 
   -------------------------------------------------------------------------------------
** Total              :     28 fatals,     0 error,       16 warnings,     0 information message 

  Total Number of Generated Messages     :        44 (28 fatals, 0 error, 16 warnings, 0 Info)
  Number of Reported Messages            :        44 (28 fatals, 0 error, 16 warnings, 0 Info)

  NOTE: It is recommended to first fix/reconcile fatals/errors reported on
        lines starting with ** as subsequent issues might be related to it.
        Please re-run SpyGlass once ** prefixed lines are fatal/error clean.

---------------------------------------------------------------------------------------------

First 10 FATAL message(s) generated in current run are -

Rule          Severity   File                     Line   Message
-------------------------------------------------------------------------
STX_VE_479    Syntax     verilog/fifo_mux_2_1.v   19     Syntax error near ( for ). Please use 'set_option enableV05 yes' to support Verilog-2005 construct ( Generate for outside generate/endgenerate )
STX_VE_479    Syntax     verilog/fifo_mux_2_1.v   19     Syntax error near ( i ). Please use 'set_option enableSV yes' to support SystemVerilog construct ( int )
STX_VE_481    Syntax     verilog/fifo_mux_2_1.v   23     Syntax error near ( [ end ] - Illegal use of Verilog keyword 'end' )
STX_VE_479    Syntax     verilog/mac_array.v      29     Syntax error near ( for ). Please use 'set_option enableV05 yes' to support Verilog-2005 construct ( Generate for outside generate/endgenerate )
STX_VE_1188   Syntax     verilog/mac_array.v      29     Invalid context for genvar 'i'. A genvar can be used only inside of the generate loop that it indexes
STX_VE_1188   Syntax     verilog/mac_array.v      29     Invalid context for genvar 'i'. A genvar can be used only inside of the generate loop that it indexes
STX_VE_1188   Syntax     verilog/mac_array.v      30     Invalid context for genvar 'i'. A genvar can be used only inside of the generate loop that it indexes
STX_VE_1188   Syntax     verilog/mac_array.v      31     Invalid context for genvar 'i'. A genvar can be used only inside of the generate loop that it indexes
STX_VE_1188   Syntax     verilog/mac_array.v      31     Invalid context for genvar 'i'. A genvar can be used only inside of the generate loop that it indexes
STX_VE_1188   Syntax     verilog/mac_array.v      32     Invalid context for genvar 'i'. A genvar can be used only inside of the generate loop that it indexes

Please refer ./spyglass-1/lint/lint_abstract/spyglass_reports directory for SpyGlass reports, or use SpyGlass GUI to see all FATAL messages.
run_goal: info: updating spyglass.log with goal summary
---------------------------------------------------------------------------------------------------
Results Summary:
---------------------------------------------------------------------------------------------------
   Goal Run           :      lint/lint_abstract
   Top Module         :      
---------------------------------------------------------------------------------------------------
   Reports Directory: 
   /home/caden99/Documents/projects/vector_processor/1D_Vector_Processor/spyglass-1/consolidated_reports/lint_lint_abstract/ 

   SpyGlass LogFile: 
    /home/caden99/Documents/projects/vector_processor/1D_Vector_Processor/spyglass-1/lint/lint_abstract/spyglass.log 

   Standard Reports: 
     moresimple.rpt          no_msg_reporting_rules.rpt       

   HTML report:
    /home/caden99/Documents/projects/vector_processor/1D_Vector_Processor/spyglass-1/html_reports/goals_summary.html
  

   Technology Reports:  
     <Not Available>
   
   
---------------------------------------------------------------------------------------------------
   Goal Violation Summary:
       Waived   Messages:                      0 Errors,      0 Warnings,      0 Infos
       Reported Messages:        28 Fatals,    0 Errors,     16 Warnings,      0 Infos
---------------------------------------------------------------------------------------------------
   
---------------------------------------------------------------------------------------------------
 
run_goal: info: spyglass.log successfully updated with goal summary
6 {Rule-checking terminated due to FATAL errors - design syntax error}current_goal: info: loading goal `lint/lint_rtl' (in progress)
current_goal: info: finished loading goal `lint/lint_rtl' (ok)
current_goal: warning: goal `lint/lint_rtl' is already selected - ignoring this command

INFO:    SpyGlass will run goal(s) 'lint/lint_rtl'.


RULE-CHECKING IN MIXED MODE
Loading spyglass (SpyGlass_vP-2019.06-SP1-01) ... (picked from /opt/synopsys/spyglass/P-2019.06-SP1-1/SPYGLASS_HOME/policies/spyglass)
Loading openmore (SpyGlass_vP-2019.06-SP1-01) ... (picked from /opt/synopsys/spyglass/P-2019.06-SP1-1/SPYGLASS_HOME/policies/openmore)
Loading starc (SpyGlass_vP-2019.06-SP1-01) ... (picked from /opt/synopsys/spyglass/P-2019.06-SP1-1/SPYGLASS_HOME/policies/starc)
Loading starc2005 (SpyGlass_vP-2019.06-SP1-01) ... (picked from /opt/synopsys/spyglass/P-2019.06-SP1-1/SPYGLASS_HOME/policies/starc2005)
Loading erc (SpyGlass_vP-2019.06-SP1-01) ... (picked from /opt/synopsys/spyglass/P-2019.06-SP1-1/SPYGLASS_HOME/policies/erc)
Loading simulation (SpyGlass_vP-2019.06-SP1-01) ... (picked from /opt/synopsys/spyglass/P-2019.06-SP1-1/SPYGLASS_HOME/policies/simulation)
Loading lint (SpyGlass_vP-2019.06-SP1-01) ... (picked from /opt/synopsys/spyglass/P-2019.06-SP1-1/SPYGLASS_HOME/policies/lint)
Loading latch (SpyGlass_vP-2019.06-SP1-01) ... (picked from /opt/synopsys/spyglass/P-2019.06-SP1-1/SPYGLASS_HOME/policies/latch)
Loading morelint (SpyGlass_vP-2019.06-SP1-01) ... (picked from /opt/synopsys/spyglass/P-2019.06-SP1-1/SPYGLASS_HOME/policies/morelint)
Loading timing (SpyGlass_vP-2019.06-SP1-01) ... (picked from /opt/synopsys/spyglass/P-2019.06-SP1-1/SPYGLASS_HOME/policies/timing)
Loading starc2002 (SpyGlass_vP-2019.06-SP1-01) ... (picked from /opt/synopsys/spyglass/P-2019.06-SP1-1/SPYGLASS_HOME/policies/starc2002)
Loading Audits (SpyGlass_vP-2019.06-SP1-01) ... (picked from /opt/synopsys/spyglass/P-2019.06-SP1-1/SPYGLASS_HOME/policies/Audits)
Loading area (SpyGlass_vP-2019.06-SP1-01) ... (picked from /opt/synopsys/spyglass/P-2019.06-SP1-1/SPYGLASS_HOME/policies/area)
Loading miscellaneous (SpyGlass_vP-2019.06-SP1-01) ... (picked from /opt/synopsys/spyglass/P-2019.06-SP1-1/SPYGLASS_HOME/policies/miscellaneous)
Loading starcad-21 (SpyGlass_vP-2019.06-SP1-01) ... (picked from /opt/synopsys/spyglass/P-2019.06-SP1-1/SPYGLASS_HOME/policies/starcad-21)
Loading txv (SpyGlass_vP-2019.06-SP1-01) ... (picked from /opt/synopsys/spyglass/P-2019.06-SP1-1/SPYGLASS_HOME/policies/txv)

TXV_INFO Parameter txv_extract_domain will be renamed to txv_domain_mode in future!

Loading power_est (SpyGlass_vL-2016.06) ... (picked from /opt/synopsys/spyglass/P-2019.06-SP1-1/SPYGLASS_HOME/policies/power_est)
Loading lowpower (5.6.1) ... (picked from /opt/synopsys/spyglass/P-2019.06-SP1-1/SPYGLASS_HOME/policies/lowpower)
Loading dft_dsm (SpyGlass_vP-2019.06-SP1-01) ... (picked from /opt/synopsys/spyglass/P-2019.06-SP1-1/SPYGLASS_HOME/policies/dft_dsm)
Loading dft (SpyGlass_vP-2019.06-SP1-01) ... (picked from /opt/synopsys/spyglass/P-2019.06-SP1-1/SPYGLASS_HOME/policies/dft)
Loading constraints (SpyGlass_vP-2019.06-SP1-01) ... (picked from /opt/synopsys/spyglass/P-2019.06-SP1-1/SPYGLASS_HOME/policies/constraints)
Loading const_intern1 (SpyGlass_vP-2019.06-SP1-01) ... (picked from /opt/synopsys/spyglass/P-2019.06-SP1-1/SPYGLASS_HOME/policies/constraints)
Loading clock-reset (SpyGlass_vP-2019.06-SP1-01) ... (picked from /opt/synopsys/spyglass/P-2019.06-SP1-1/SPYGLASS_HOME/policies/clock)

Note: The rule Reset_check05 will be deprecated in the future release starting April 2018.

INFO [76]    Using './spyglass-1/WORK/64' as the Work Directory for 64bit precompiled dump.
Checking Rule SGDC_power_est29 (Rule 1 of total 304) .... done (Time = 0.00s, Memory = 0.0K)
Checking Rule PECHECK04 (Rule 2 of total 304) .... done (Time = 0.00s, Memory = 8.0K)
Checking Rule PECHECK18 (Rule 3 of total 304) .... done (Time = 0.00s, Memory = 0.0K)
Checking Rule PEMVDD01 (Rule 4 of total 304) .... done (Time = 0.00s, Memory = 0.0K)
Checking Rule PrecompileLibCheck01 (Rule 5 of total 304) .... done (Time = 0.00s, Memory = 0.0K)
Checking Rule PrecompileLibCheck02 (Rule 6 of total 304) .... done (Time = 0.00s, Memory = 0.0K)
Checking Rule PrecompileLibCheck03 (Rule 7 of total 304) .... done (Time = 0.00s, Memory = 0.0K)
Checking Rule PrecompileLibCheck04 (Rule 8 of total 304) .... done (Time = 0.00s, Memory = 0.0K)
Checking Rule AbstractInterface (Rule 9 of total 304) .... done (Time = 0.00s, Memory = 0.0K)
Checking Rule SGDC_assume_path01 (Rule 10 of total 304) .... done (Time = 0.00s, Memory = 0.0K)
Checking Rule SGDC_sdcschema02 (Rule 11 of total 304) .... done (Time = 0.00s, Memory = 32.0K)
Checking Rule SGDC_clock05 (Rule 12 of total 304) .... done (Time = 0.00s, Memory = 0.0K)
Checking Rule SGDC_clock09 (Rule 13 of total 304) .... done (Time = 0.00s, Memory = 0.0K)
Checking Rule SGDC_force_ta05 (Rule 14 of total 304) .... done (Time = 0.00s, Memory = 0.0K)
Checking Rule SGDC_require_path03 (Rule 15 of total 304) .... done (Time = 0.00s, Memory = 0.0K)
Checking Rule SGDC_require_value03 (Rule 16 of total 304) .... done (Time = 0.00s, Memory = 0.0K)
Checking Rule SGDC_voltagedomain05 (Rule 17 of total 304) .... done (Time = 0.00s, Memory = 8.0K)
Checking Rule SGDC_voltagedomain06 (Rule 18 of total 304) .... done (Time = 0.00s, Memory = -8.0K)
Checking Rule SGDC_voltagedomain07 (Rule 19 of total 304) .... done (Time = 0.00s, Memory = 8.0K)
Checking Rule SGDC_powerdomainoutputs02 (Rule 20 of total 304) .... done (Time = 0.00s, Memory = 8.0K)
Checking Rule SGDC_supply01 (Rule 21 of total 304) .... done (Time = 0.00s, Memory = 0.0K)
Checking Rule SGDC_waive01 (Rule 22 of total 304) .... done (Time = 0.00s, Memory = 0.0K)
Checking Rule SGDC_waive02 (Rule 23 of total 304) .... done (Time = 0.00s, Memory = 32.0K)
Checking Rule SGDC_waive03 (Rule 24 of total 304) .... done (Time = 0.00s, Memory = 0.0K)
Checking Rule SGDC_waive04 (Rule 25 of total 304) .... done (Time = 0.00s, Memory = -8.0K)
Checking Rule SGDC_waive05 (Rule 26 of total 304) .... done (Time = 0.00s, Memory = 0.0K)
Checking Rule SGDC_waive06 (Rule 27 of total 304) .... done (Time = 0.00s, Memory = 0.0K)
Checking Rule SGDC_waive07 (Rule 28 of total 304) .... done (Time = 0.00s, Memory = 0.0K)
Checking Rule SGDC_waive08 (Rule 29 of total 304) .... done (Time = 0.00s, Memory = 0.0K)
Checking Rule SGDC_waive09 (Rule 30 of total 304) .... done (Time = 0.00s, Memory = 0.0K)
Checking Rule SGDC_waive10 (Rule 31 of total 304) .... done (Time = 0.00s, Memory = 0.0K)
Checking Rule SGDC_waive11 (Rule 32 of total 304) .... done (Time = 0.00s, Memory = 0.0K)
Checking Rule SGDC_waive12 (Rule 33 of total 304) .... done (Time = 0.00s, Memory = 0.0K)
Checking Rule SGDC_waive13 (Rule 34 of total 304) .... done (Time = 0.00s, Memory = 0.0K)
Checking Rule SGDC_waive21 (Rule 35 of total 304) .... done (Time = 0.00s, Memory = 0.0K)
Checking Rule SGDC_waive22 (Rule 36 of total 304) .... done (Time = 0.00s, Memory = 0.0K)
Checking Rule SGDC_waive30 (Rule 37 of total 304) .... done (Time = 0.00s, Memory = 0.0K)
Checking Rule SGDC_waive32 (Rule 38 of total 304) .... done (Time = 0.00s, Memory = 0.0K)
Checking Rule SGDC_waive33 (Rule 39 of total 304) .... done (Time = 0.00s, Memory = 0.0K)
Checking Rule SGDC_waive36 (Rule 40 of total 304) .... done (Time = 0.00s, Memory = 0.0K)
Checking Rule SGDC_waive38 (Rule 41 of total 304) .... done (Time = 0.00s, Memory = 0.0K)
Checking Rule SGDC_fifo01 (Rule 42 of total 304) .... done (Time = 0.00s, Memory = 0.0K)
Checking Rule SGDC_libgroup01 (Rule 43 of total 304) .... done (Time = 0.00s, Memory = 0.0K)
Checking Rule SGDC_libgroup02 (Rule 44 of total 304) .... done (Time = 0.00s, Memory = 0.0K)
Checking Rule SGDC_libgroup04 (Rule 45 of total 304) .... done (Time = 0.00s, Memory = 0.0K)
Checking Rule SGDC_power_data01 (Rule 46 of total 304) .... done (Time = 0.00s, Memory = 8.0K)
Checking Rule SGDC_ungroup01 (Rule 47 of total 304) .... done (Time = 0.00s, Memory = 0.0K)
Checking Rule SGDC_abstract_port06 (Rule 48 of total 304) .... done (Time = 0.00s, Memory = 8.0K)
Checking Rule SGDC_abstract_port14 (Rule 49 of total 304) .... done (Time = 0.00s, Memory = 8.0K)
Checking Rule SGDC_abstract_port15 (Rule 50 of total 304) .... done (Time = 0.00s, Memory = 0.0K)
Checking Rule SGDC_abstract_port18 (Rule 51 of total 304) .... done (Time = 0.00s, Memory = -24.0K)
Checking Rule sdc_init_rule (Rule 52 of total 304) .... done (Time = 0.00s, Memory = 0.0K)
Checking Rule CMD_ignorelibs01 (Rule 53 of total 304) .... done (Time = 0.00s, Memory = 0.0K)
Checking Rule ReportRuleNotRun (Rule 54 of total 304) .... done (Time = 0.01s, Memory = 16.0K)
Checking Rule STARC05-2.3.1.2c (Rule 55 of total 304) .... done (Time = 0.00s, Memory = 0.0K)
Checking Rule W442a (Rule 56 of total 304) .... done (Time = 0.00s, Memory = 0.0K)
Checking Rule W442b (Rule 57 of total 304) .... done (Time = 0.00s, Memory = 0.0K)
Checking Rule W442c (Rule 58 of total 304) .... done (Time = 0.00s, Memory = 0.0K)
Checking Rule W442f (Rule 59 of total 304) .... done (Time = 0.00s, Memory = 0.0K)
Checking Rule mixedsenselist (Rule 60 of total 304) .... done (Time = 0.00s, Memory = 0.0K)
Checking Rule badimplicitSM1 (Rule 61 of total 304) .... done (Time = 0.00s, Memory = 0.0K)
Checking Rule badimplicitSM2 (Rule 62 of total 304) .... done (Time = 0.00s, Memory = 0.0K)
Checking Rule badimplicitSM4 (Rule 63 of total 304) .... done (Time = 0.00s, Memory = 0.0K)
Checking Rule bothedges (Rule 64 of total 304) .... done (Time = 0.00s, Memory = 0.0K)
Checking Rule BlockHeader (Rule 65 of total 304) .... done (Time = 0.00s, Memory = 0.0K)
Checking Rule W421 (Rule 66 of total 304) .... done (Time = 0.00s, Memory = 0.0K)
Checking Rule STARC05-2.1.6.5 (Rule 67 of total 304) .... done (Time = 0.00s, Memory = 0.0K)
Checking Rule ReportStopSummary (Rule 68 of total 304) .... done (Time = 0.00s, Memory = 0.0K)
Checking Rule ReportIgnoreSummary (Rule 69 of total 304) .... done (Time = 0.00s, Memory = 0.0K)
 Analyzing source file "verilog/core.v" ....
 Analyzing source file "verilog/fifo_depth16.v" ....
 Analyzing source file "verilog/fifo_mux_2_1.v" ....
 Analyzing source file "verilog/fifo_mux_8_1.v" ....
 Analyzing source file "verilog/fifo_mux_16_1.v" ....
 Analyzing source file "verilog/fullchip.v" ....
 Analyzing source file "verilog/fullchip_tb.v" ....
 Analyzing source file "verilog/mac_8in.v" ....
 Analyzing source file "verilog/sram_w16.v" ....
 Analyzing source file "verilog/mac_array.v" ....
 Analyzing source file "verilog/mac_col.v" ....
 Analyzing source file "verilog/ofifo.v" ....
***Syntax Errors detected - RULE CHECKING ABORTED***
Checking Rule ReportCheckDataSummary (Rule 70 of total 304) .... done (Time = 0.00s, Memory = 0.0K)

SpyGlass Rule Checking ABORTED.

Generating data for Console...

Generating moresimple report from './spyglass-1/lint/lint_rtl/spyglass.vdb' to './spyglass-1/lint/lint_rtl/spyglass_reports/moresimple.rpt' ....

Generating runsummary report from './spyglass-1/lint/lint_rtl/spyglass.vdb' ....

Generating no_msg_reporting_rules report from './spyglass-1/lint/lint_rtl/spyglass.vdb' to './spyglass-1/lint/lint_rtl/spyglass_reports/no_msg_reporting_rules.rpt' ....

Policy specific data (reports) are present in the directory './spyglass-1/lint/lint_rtl/spyglass_reports'.

SpyGlass critical reports for the current run are present in directory './spyglass-1/consolidated_reports/lint_lint_rtl/'.

---------------------------------------------------------------------------------------------
Results Summary:
---------------------------------------------------------------------------------------------
   Goal Run           :      lint/lint_rtl
** Design Read        :     28 fatals,     0 error,       16 warnings,     0 information message 
   -------------------------------------------------------------------------------------
** Total              :     28 fatals,     0 error,       16 warnings,     0 information message 

  Total Number of Generated Messages     :        44 (28 fatals, 0 error, 16 warnings, 0 Info)
  Number of Reported Messages            :        44 (28 fatals, 0 error, 16 warnings, 0 Info)

  NOTE: It is recommended to first fix/reconcile fatals/errors reported on
        lines starting with ** as subsequent issues might be related to it.
        Please re-run SpyGlass once ** prefixed lines are fatal/error clean.

---------------------------------------------------------------------------------------------

First 10 FATAL message(s) generated in current run are -

Rule          Severity   File                     Line   Message
-------------------------------------------------------------------------
STX_VE_479    Syntax     verilog/fifo_mux_2_1.v   19     Syntax error near ( for ). Please use 'set_option enableV05 yes' to support Verilog-2005 construct ( Generate for outside generate/endgenerate )
STX_VE_479    Syntax     verilog/fifo_mux_2_1.v   19     Syntax error near ( i ). Please use 'set_option enableSV yes' to support SystemVerilog construct ( int )
STX_VE_481    Syntax     verilog/fifo_mux_2_1.v   23     Syntax error near ( [ end ] - Illegal use of Verilog keyword 'end' )
STX_VE_479    Syntax     verilog/mac_array.v      29     Syntax error near ( for ). Please use 'set_option enableV05 yes' to support Verilog-2005 construct ( Generate for outside generate/endgenerate )
STX_VE_1188   Syntax     verilog/mac_array.v      29     Invalid context for genvar 'i'. A genvar can be used only inside of the generate loop that it indexes
STX_VE_1188   Syntax     verilog/mac_array.v      29     Invalid context for genvar 'i'. A genvar can be used only inside of the generate loop that it indexes
STX_VE_1188   Syntax     verilog/mac_array.v      30     Invalid context for genvar 'i'. A genvar can be used only inside of the generate loop that it indexes
STX_VE_1188   Syntax     verilog/mac_array.v      31     Invalid context for genvar 'i'. A genvar can be used only inside of the generate loop that it indexes
STX_VE_1188   Syntax     verilog/mac_array.v      31     Invalid context for genvar 'i'. A genvar can be used only inside of the generate loop that it indexes
STX_VE_1188   Syntax     verilog/mac_array.v      32     Invalid context for genvar 'i'. A genvar can be used only inside of the generate loop that it indexes

Please refer ./spyglass-1/lint/lint_rtl/spyglass_reports directory for SpyGlass reports, or use SpyGlass GUI to see all FATAL messages.
run_goal: info: updating spyglass.log with goal summary
---------------------------------------------------------------------------------------------------
Results Summary:
---------------------------------------------------------------------------------------------------
   Goal Run           :      lint/lint_rtl
   Top Module         :      
---------------------------------------------------------------------------------------------------
   Reports Directory: 
   /home/caden99/Documents/projects/vector_processor/1D_Vector_Processor/spyglass-1/consolidated_reports/lint_lint_rtl/ 

   SpyGlass LogFile: 
    /home/caden99/Documents/projects/vector_processor/1D_Vector_Processor/spyglass-1/lint/lint_rtl/spyglass.log 

   Standard Reports: 
     moresimple.rpt          no_msg_reporting_rules.rpt       

   HTML report:
    /home/caden99/Documents/projects/vector_processor/1D_Vector_Processor/spyglass-1/html_reports/goals_summary.html
  

   Technology Reports:  
     <Not Available>
   
   
---------------------------------------------------------------------------------------------------
   Goal Violation Summary:
       Waived   Messages:                      0 Errors,      0 Warnings,      0 Infos
       Reported Messages:        28 Fatals,    0 Errors,     16 Warnings,      0 Infos
---------------------------------------------------------------------------------------------------
   
---------------------------------------------------------------------------------------------------
 
run_goal: info: spyglass.log successfully updated with goal summary
6 {Rule-checking terminated due to FATAL errors - design syntax error}
INFO:    SpyGlass will run goal(s) 'lint/lint_rtl'.


RULE-CHECKING IN MIXED MODE
Loading spyglass (SpyGlass_vP-2019.06-SP1-01) ... (picked from /opt/synopsys/spyglass/P-2019.06-SP1-1/SPYGLASS_HOME/policies/spyglass)
Loading openmore (SpyGlass_vP-2019.06-SP1-01) ... (picked from /opt/synopsys/spyglass/P-2019.06-SP1-1/SPYGLASS_HOME/policies/openmore)
Loading starc (SpyGlass_vP-2019.06-SP1-01) ... (picked from /opt/synopsys/spyglass/P-2019.06-SP1-1/SPYGLASS_HOME/policies/starc)
Loading starc2005 (SpyGlass_vP-2019.06-SP1-01) ... (picked from /opt/synopsys/spyglass/P-2019.06-SP1-1/SPYGLASS_HOME/policies/starc2005)
Loading erc (SpyGlass_vP-2019.06-SP1-01) ... (picked from /opt/synopsys/spyglass/P-2019.06-SP1-1/SPYGLASS_HOME/policies/erc)
Loading simulation (SpyGlass_vP-2019.06-SP1-01) ... (picked from /opt/synopsys/spyglass/P-2019.06-SP1-1/SPYGLASS_HOME/policies/simulation)
Loading lint (SpyGlass_vP-2019.06-SP1-01) ... (picked from /opt/synopsys/spyglass/P-2019.06-SP1-1/SPYGLASS_HOME/policies/lint)
Loading latch (SpyGlass_vP-2019.06-SP1-01) ... (picked from /opt/synopsys/spyglass/P-2019.06-SP1-1/SPYGLASS_HOME/policies/latch)
Loading morelint (SpyGlass_vP-2019.06-SP1-01) ... (picked from /opt/synopsys/spyglass/P-2019.06-SP1-1/SPYGLASS_HOME/policies/morelint)
Loading timing (SpyGlass_vP-2019.06-SP1-01) ... (picked from /opt/synopsys/spyglass/P-2019.06-SP1-1/SPYGLASS_HOME/policies/timing)
Loading starc2002 (SpyGlass_vP-2019.06-SP1-01) ... (picked from /opt/synopsys/spyglass/P-2019.06-SP1-1/SPYGLASS_HOME/policies/starc2002)
Loading Audits (SpyGlass_vP-2019.06-SP1-01) ... (picked from /opt/synopsys/spyglass/P-2019.06-SP1-1/SPYGLASS_HOME/policies/Audits)
Loading area (SpyGlass_vP-2019.06-SP1-01) ... (picked from /opt/synopsys/spyglass/P-2019.06-SP1-1/SPYGLASS_HOME/policies/area)
Loading miscellaneous (SpyGlass_vP-2019.06-SP1-01) ... (picked from /opt/synopsys/spyglass/P-2019.06-SP1-1/SPYGLASS_HOME/policies/miscellaneous)
Loading starcad-21 (SpyGlass_vP-2019.06-SP1-01) ... (picked from /opt/synopsys/spyglass/P-2019.06-SP1-1/SPYGLASS_HOME/policies/starcad-21)
Loading txv (SpyGlass_vP-2019.06-SP1-01) ... (picked from /opt/synopsys/spyglass/P-2019.06-SP1-1/SPYGLASS_HOME/policies/txv)

TXV_INFO Parameter txv_extract_domain will be renamed to txv_domain_mode in future!

Loading power_est (SpyGlass_vL-2016.06) ... (picked from /opt/synopsys/spyglass/P-2019.06-SP1-1/SPYGLASS_HOME/policies/power_est)
Loading lowpower (5.6.1) ... (picked from /opt/synopsys/spyglass/P-2019.06-SP1-1/SPYGLASS_HOME/policies/lowpower)
Loading dft_dsm (SpyGlass_vP-2019.06-SP1-01) ... (picked from /opt/synopsys/spyglass/P-2019.06-SP1-1/SPYGLASS_HOME/policies/dft_dsm)
Loading dft (SpyGlass_vP-2019.06-SP1-01) ... (picked from /opt/synopsys/spyglass/P-2019.06-SP1-1/SPYGLASS_HOME/policies/dft)
Loading constraints (SpyGlass_vP-2019.06-SP1-01) ... (picked from /opt/synopsys/spyglass/P-2019.06-SP1-1/SPYGLASS_HOME/policies/constraints)
Loading const_intern1 (SpyGlass_vP-2019.06-SP1-01) ... (picked from /opt/synopsys/spyglass/P-2019.06-SP1-1/SPYGLASS_HOME/policies/constraints)
Loading clock-reset (SpyGlass_vP-2019.06-SP1-01) ... (picked from /opt/synopsys/spyglass/P-2019.06-SP1-1/SPYGLASS_HOME/policies/clock)

Note: The rule Reset_check05 will be deprecated in the future release starting April 2018.

INFO [76]    Using './spyglass-1/WORK/64' as the Work Directory for 64bit precompiled dump.
Checking Rule SGDC_power_est29 (Rule 1 of total 304) .... done (Time = 0.00s, Memory = 0.0K)
Checking Rule PECHECK04 (Rule 2 of total 304) .... done (Time = 0.01s, Memory = 8.0K)
Checking Rule PECHECK18 (Rule 3 of total 304) .... done (Time = 0.00s, Memory = 0.0K)
Checking Rule PEMVDD01 (Rule 4 of total 304) .... done (Time = 0.00s, Memory = 0.0K)
Checking Rule PrecompileLibCheck01 (Rule 5 of total 304) .... done (Time = 0.00s, Memory = 0.0K)
Checking Rule PrecompileLibCheck02 (Rule 6 of total 304) .... done (Time = 0.00s, Memory = 0.0K)
Checking Rule PrecompileLibCheck03 (Rule 7 of total 304) .... done (Time = 0.00s, Memory = 0.0K)
Checking Rule PrecompileLibCheck04 (Rule 8 of total 304) .... done (Time = 0.00s, Memory = 0.0K)
Checking Rule AbstractInterface (Rule 9 of total 304) .... done (Time = 0.00s, Memory = 0.0K)
Checking Rule SGDC_assume_path01 (Rule 10 of total 304) .... done (Time = 0.00s, Memory = 0.0K)
Checking Rule SGDC_sdcschema02 (Rule 11 of total 304) .... done (Time = 0.00s, Memory = 40.0K)
Checking Rule SGDC_clock05 (Rule 12 of total 304) .... done (Time = 0.00s, Memory = 0.0K)
Checking Rule SGDC_clock09 (Rule 13 of total 304) .... done (Time = 0.00s, Memory = 0.0K)
Checking Rule SGDC_force_ta05 (Rule 14 of total 304) .... done (Time = 0.00s, Memory = 0.0K)
Checking Rule SGDC_require_path03 (Rule 15 of total 304) .... done (Time = 0.00s, Memory = 0.0K)
Checking Rule SGDC_require_value03 (Rule 16 of total 304) .... done (Time = 0.00s, Memory = 0.0K)
Checking Rule SGDC_voltagedomain05 (Rule 17 of total 304) .... done (Time = 0.00s, Memory = 8.0K)
Checking Rule SGDC_voltagedomain06 (Rule 18 of total 304) .... done (Time = 0.00s, Memory = 0.0K)
Checking Rule SGDC_voltagedomain07 (Rule 19 of total 304) .... done (Time = 0.00s, Memory = 8.0K)
Checking Rule SGDC_powerdomainoutputs02 (Rule 20 of total 304) .... done (Time = 0.00s, Memory = 16.0K)
Checking Rule SGDC_supply01 (Rule 21 of total 304) .... done (Time = 0.00s, Memory = 0.0K)
Checking Rule SGDC_waive01 (Rule 22 of total 304) .... done (Time = 0.00s, Memory = 0.0K)
Checking Rule SGDC_waive02 (Rule 23 of total 304) .... done (Time = 0.00s, Memory = 0.0K)
Checking Rule SGDC_waive03 (Rule 24 of total 304) .... done (Time = 0.00s, Memory = 0.0K)
Checking Rule SGDC_waive04 (Rule 25 of total 304) .... done (Time = 0.00s, Memory = 0.0K)
Checking Rule SGDC_waive05 (Rule 26 of total 304) .... done (Time = 0.00s, Memory = 0.0K)
Checking Rule SGDC_waive06 (Rule 27 of total 304) .... done (Time = 0.00s, Memory = 0.0K)
Checking Rule SGDC_waive07 (Rule 28 of total 304) .... done (Time = 0.00s, Memory = 0.0K)
Checking Rule SGDC_waive08 (Rule 29 of total 304) .... done (Time = 0.00s, Memory = 0.0K)
Checking Rule SGDC_waive09 (Rule 30 of total 304) .... done (Time = 0.00s, Memory = 0.0K)
Checking Rule SGDC_waive10 (Rule 31 of total 304) .... done (Time = 0.00s, Memory = -32.0K)
Checking Rule SGDC_waive11 (Rule 32 of total 304) .... done (Time = 0.00s, Memory = 0.0K)
Checking Rule SGDC_waive12 (Rule 33 of total 304) .... done (Time = 0.00s, Memory = 0.0K)
Checking Rule SGDC_waive13 (Rule 34 of total 304) .... done (Time = 0.00s, Memory = 0.0K)
Checking Rule SGDC_waive21 (Rule 35 of total 304) .... done (Time = 0.00s, Memory = 32.0K)
Checking Rule SGDC_waive22 (Rule 36 of total 304) .... done (Time = 0.00s, Memory = 0.0K)
Checking Rule SGDC_waive30 (Rule 37 of total 304) .... done (Time = 0.00s, Memory = 0.0K)
Checking Rule SGDC_waive32 (Rule 38 of total 304) .... done (Time = 0.00s, Memory = 0.0K)
Checking Rule SGDC_waive33 (Rule 39 of total 304) .... done (Time = 0.00s, Memory = 0.0K)
Checking Rule SGDC_waive36 (Rule 40 of total 304) .... done (Time = 0.00s, Memory = 0.0K)
Checking Rule SGDC_waive38 (Rule 41 of total 304) .... done (Time = 0.00s, Memory = 0.0K)
Checking Rule SGDC_fifo01 (Rule 42 of total 304) .... done (Time = 0.00s, Memory = 0.0K)
Checking Rule SGDC_libgroup01 (Rule 43 of total 304) .... done (Time = 0.00s, Memory = 0.0K)
Checking Rule SGDC_libgroup02 (Rule 44 of total 304) .... done (Time = 0.00s, Memory = 0.0K)
Checking Rule SGDC_libgroup04 (Rule 45 of total 304) .... done (Time = 0.00s, Memory = 0.0K)
Checking Rule SGDC_power_data01 (Rule 46 of total 304) .... done (Time = 0.00s, Memory = 8.0K)
Checking Rule SGDC_ungroup01 (Rule 47 of total 304) .... done (Time = 0.00s, Memory = 0.0K)
Checking Rule SGDC_abstract_port06 (Rule 48 of total 304) .... done (Time = 0.00s, Memory = 8.0K)
Checking Rule SGDC_abstract_port14 (Rule 49 of total 304) .... done (Time = 0.00s, Memory = 0.0K)
Checking Rule SGDC_abstract_port15 (Rule 50 of total 304) .... done (Time = 0.00s, Memory = 8.0K)
Checking Rule SGDC_abstract_port18 (Rule 51 of total 304) .... done (Time = 0.00s, Memory = 0.0K)
Checking Rule sdc_init_rule (Rule 52 of total 304) .... done (Time = 0.00s, Memory = 0.0K)
Checking Rule CMD_ignorelibs01 (Rule 53 of total 304) .... done (Time = 0.00s, Memory = 0.0K)
Checking Rule ReportRuleNotRun (Rule 54 of total 304) .... done (Time = 0.01s, Memory = 16.0K)
Checking Rule STARC05-2.3.1.2c (Rule 55 of total 304) .... done (Time = 0.00s, Memory = 0.0K)
Checking Rule W442a (Rule 56 of total 304) .... done (Time = 0.00s, Memory = 0.0K)
Checking Rule W442b (Rule 57 of total 304) .... done (Time = 0.00s, Memory = 0.0K)
Checking Rule W442c (Rule 58 of total 304) .... done (Time = 0.00s, Memory = 0.0K)
Checking Rule W442f (Rule 59 of total 304) .... done (Time = 0.00s, Memory = 0.0K)
Checking Rule mixedsenselist (Rule 60 of total 304) .... done (Time = 0.00s, Memory = 0.0K)
Checking Rule badimplicitSM1 (Rule 61 of total 304) .... done (Time = 0.00s, Memory = 0.0K)
Checking Rule badimplicitSM2 (Rule 62 of total 304) .... done (Time = 0.00s, Memory = 0.0K)
Checking Rule badimplicitSM4 (Rule 63 of total 304) .... done (Time = 0.00s, Memory = 0.0K)
Checking Rule bothedges (Rule 64 of total 304) .... done (Time = 0.00s, Memory = 0.0K)
Checking Rule BlockHeader (Rule 65 of total 304) .... done (Time = 0.00s, Memory = 0.0K)
Checking Rule W421 (Rule 66 of total 304) .... done (Time = 0.00s, Memory = 0.0K)
Checking Rule STARC05-2.1.6.5 (Rule 67 of total 304) .... done (Time = 0.00s, Memory = 0.0K)
Checking Rule ReportStopSummary (Rule 68 of total 304) .... done (Time = 0.00s, Memory = 0.0K)
Checking Rule ReportIgnoreSummary (Rule 69 of total 304) .... done (Time = 0.00s, Memory = 0.0K)
 Analyzing source file "verilog/core.v" ....
 Analyzing source file "verilog/fifo_depth16.v" ....
 Analyzing source file "verilog/fifo_mux_2_1.v" ....
 Analyzing source file "verilog/fifo_mux_8_1.v" ....
 Analyzing source file "verilog/fifo_mux_16_1.v" ....
 Analyzing source file "verilog/fullchip.v" ....
 Analyzing source file "verilog/fullchip_tb.v" ....
 Analyzing source file "verilog/mac_8in.v" ....
 Analyzing source file "verilog/sram_w16.v" ....
 Analyzing source file "verilog/mac_array.v" ....
 Analyzing source file "verilog/mac_col.v" ....
 Analyzing source file "verilog/ofifo.v" ....
***Syntax Errors detected - RULE CHECKING ABORTED***
Checking Rule ReportCheckDataSummary (Rule 70 of total 304) .... done (Time = 0.00s, Memory = 0.0K)

SpyGlass Rule Checking ABORTED.

Generating data for Console...

Generating moresimple report from './spyglass-1/lint/lint_rtl/spyglass.vdb' to './spyglass-1/lint/lint_rtl/spyglass_reports/moresimple.rpt' ....

Generating runsummary report from './spyglass-1/lint/lint_rtl/spyglass.vdb' ....

Generating no_msg_reporting_rules report from './spyglass-1/lint/lint_rtl/spyglass.vdb' to './spyglass-1/lint/lint_rtl/spyglass_reports/no_msg_reporting_rules.rpt' ....

Policy specific data (reports) are present in the directory './spyglass-1/lint/lint_rtl/spyglass_reports'.

SpyGlass critical reports for the current run are present in directory './spyglass-1/consolidated_reports/lint_lint_rtl/'.

---------------------------------------------------------------------------------------------
Results Summary:
---------------------------------------------------------------------------------------------
   Goal Run           :      lint/lint_rtl
** Design Read        :     15 fatals,     0 error,       16 warnings,     0 information message 
   -------------------------------------------------------------------------------------
** Total              :     15 fatals,     0 error,       16 warnings,     0 information message 

  Total Number of Generated Messages     :        31 (15 fatals, 0 error, 16 warnings, 0 Info)
  Number of Reported Messages            :        31 (15 fatals, 0 error, 16 warnings, 0 Info)

  NOTE: It is recommended to first fix/reconcile fatals/errors reported on
        lines starting with ** as subsequent issues might be related to it.
        Please re-run SpyGlass once ** prefixed lines are fatal/error clean.

---------------------------------------------------------------------------------------------

First 10 FATAL message(s) generated in current run are -

Rule          Severity   File                     Line   Message
-------------------------------------------------------------------------
STX_VE_479    Syntax     verilog/fifo_mux_2_1.v   19     Syntax error near ( for ). Please use 'set_option enableV05 yes' to support Verilog-2005 construct ( Generate for outside generate/endgenerate )
STX_VE_479    Syntax     verilog/fifo_mux_2_1.v   19     Syntax error near ( i ). Please use 'set_option enableSV yes' to support SystemVerilog construct ( int )
STX_VE_481    Syntax     verilog/fifo_mux_2_1.v   23     Syntax error near ( [ end ] - Illegal use of Verilog keyword 'end' )
STX_VE_479    Syntax     verilog/mac_array.v      29     Syntax error near ( for ). Please use 'set_option enableV05 yes' to support Verilog-2005 construct ( Generate for outside generate/endgenerate )
STX_VE_479    Syntax     verilog/mac_array.v      29     Syntax error near ( i ). Please use 'set_option enableSV yes' to support SystemVerilog construct ( int )
STX_VE_479    Syntax     verilog/ofifo.v          27     Syntax error near ( for ). Please use 'set_option enableV05 yes' to support Verilog-2005 construct ( Generate for outside generate/endgenerate )
STX_VE_1188   Syntax     verilog/ofifo.v          27     Invalid context for genvar 'i'. A genvar can be used only inside of the generate loop that it indexes
STX_VE_1188   Syntax     verilog/ofifo.v          27     Invalid context for genvar 'i'. A genvar can be used only inside of the generate loop that it indexes
STX_VE_1188   Syntax     verilog/ofifo.v          32     Invalid context for genvar 'i'. A genvar can be used only inside of the generate loop that it indexes
STX_VE_1188   Syntax     verilog/ofifo.v          33     Invalid context for genvar 'i'. A genvar can be used only inside of the generate loop that it indexes

Please refer ./spyglass-1/lint/lint_rtl/spyglass_reports directory for SpyGlass reports, or use SpyGlass GUI to see all FATAL messages.
run_goal: info: updating spyglass.log with goal summary
---------------------------------------------------------------------------------------------------
Results Summary:
---------------------------------------------------------------------------------------------------
   Goal Run           :      lint/lint_rtl
   Top Module         :      
---------------------------------------------------------------------------------------------------
   Reports Directory: 
   /home/caden99/Documents/projects/vector_processor/1D_Vector_Processor/spyglass-1/consolidated_reports/lint_lint_rtl/ 

   SpyGlass LogFile: 
    /home/caden99/Documents/projects/vector_processor/1D_Vector_Processor/spyglass-1/lint/lint_rtl/spyglass.log 

   Standard Reports: 
     moresimple.rpt          no_msg_reporting_rules.rpt       

   HTML report:
    /home/caden99/Documents/projects/vector_processor/1D_Vector_Processor/spyglass-1/html_reports/goals_summary.html
  

   Technology Reports:  
     <Not Available>
   
   
---------------------------------------------------------------------------------------------------
   Goal Violation Summary:
       Waived   Messages:                      0 Errors,      0 Warnings,      0 Infos
       Reported Messages:        15 Fatals,    0 Errors,     16 Warnings,      0 Infos
---------------------------------------------------------------------------------------------------
   
---------------------------------------------------------------------------------------------------
 
run_goal: info: spyglass.log successfully updated with goal summary
6 {Rule-checking terminated due to FATAL errors - design syntax error}
INFO:    SpyGlass will run goal(s) 'lint/lint_rtl'.


RULE-CHECKING IN MIXED MODE
Loading spyglass (SpyGlass_vP-2019.06-SP1-01) ... (picked from /opt/synopsys/spyglass/P-2019.06-SP1-1/SPYGLASS_HOME/policies/spyglass)
Loading openmore (SpyGlass_vP-2019.06-SP1-01) ... (picked from /opt/synopsys/spyglass/P-2019.06-SP1-1/SPYGLASS_HOME/policies/openmore)
Loading starc (SpyGlass_vP-2019.06-SP1-01) ... (picked from /opt/synopsys/spyglass/P-2019.06-SP1-1/SPYGLASS_HOME/policies/starc)
Loading starc2005 (SpyGlass_vP-2019.06-SP1-01) ... (picked from /opt/synopsys/spyglass/P-2019.06-SP1-1/SPYGLASS_HOME/policies/starc2005)
Loading erc (SpyGlass_vP-2019.06-SP1-01) ... (picked from /opt/synopsys/spyglass/P-2019.06-SP1-1/SPYGLASS_HOME/policies/erc)
Loading simulation (SpyGlass_vP-2019.06-SP1-01) ... (picked from /opt/synopsys/spyglass/P-2019.06-SP1-1/SPYGLASS_HOME/policies/simulation)
Loading lint (SpyGlass_vP-2019.06-SP1-01) ... (picked from /opt/synopsys/spyglass/P-2019.06-SP1-1/SPYGLASS_HOME/policies/lint)
Loading latch (SpyGlass_vP-2019.06-SP1-01) ... (picked from /opt/synopsys/spyglass/P-2019.06-SP1-1/SPYGLASS_HOME/policies/latch)
Loading morelint (SpyGlass_vP-2019.06-SP1-01) ... (picked from /opt/synopsys/spyglass/P-2019.06-SP1-1/SPYGLASS_HOME/policies/morelint)
Loading timing (SpyGlass_vP-2019.06-SP1-01) ... (picked from /opt/synopsys/spyglass/P-2019.06-SP1-1/SPYGLASS_HOME/policies/timing)
Loading starc2002 (SpyGlass_vP-2019.06-SP1-01) ... (picked from /opt/synopsys/spyglass/P-2019.06-SP1-1/SPYGLASS_HOME/policies/starc2002)
Loading Audits (SpyGlass_vP-2019.06-SP1-01) ... (picked from /opt/synopsys/spyglass/P-2019.06-SP1-1/SPYGLASS_HOME/policies/Audits)
Loading area (SpyGlass_vP-2019.06-SP1-01) ... (picked from /opt/synopsys/spyglass/P-2019.06-SP1-1/SPYGLASS_HOME/policies/area)
Loading miscellaneous (SpyGlass_vP-2019.06-SP1-01) ... (picked from /opt/synopsys/spyglass/P-2019.06-SP1-1/SPYGLASS_HOME/policies/miscellaneous)
Loading starcad-21 (SpyGlass_vP-2019.06-SP1-01) ... (picked from /opt/synopsys/spyglass/P-2019.06-SP1-1/SPYGLASS_HOME/policies/starcad-21)
Loading txv (SpyGlass_vP-2019.06-SP1-01) ... (picked from /opt/synopsys/spyglass/P-2019.06-SP1-1/SPYGLASS_HOME/policies/txv)

TXV_INFO Parameter txv_extract_domain will be renamed to txv_domain_mode in future!

Loading power_est (SpyGlass_vL-2016.06) ... (picked from /opt/synopsys/spyglass/P-2019.06-SP1-1/SPYGLASS_HOME/policies/power_est)
Loading lowpower (5.6.1) ... (picked from /opt/synopsys/spyglass/P-2019.06-SP1-1/SPYGLASS_HOME/policies/lowpower)
Loading dft_dsm (SpyGlass_vP-2019.06-SP1-01) ... (picked from /opt/synopsys/spyglass/P-2019.06-SP1-1/SPYGLASS_HOME/policies/dft_dsm)
Loading dft (SpyGlass_vP-2019.06-SP1-01) ... (picked from /opt/synopsys/spyglass/P-2019.06-SP1-1/SPYGLASS_HOME/policies/dft)
Loading constraints (SpyGlass_vP-2019.06-SP1-01) ... (picked from /opt/synopsys/spyglass/P-2019.06-SP1-1/SPYGLASS_HOME/policies/constraints)
Loading const_intern1 (SpyGlass_vP-2019.06-SP1-01) ... (picked from /opt/synopsys/spyglass/P-2019.06-SP1-1/SPYGLASS_HOME/policies/constraints)
Loading clock-reset (SpyGlass_vP-2019.06-SP1-01) ... (picked from /opt/synopsys/spyglass/P-2019.06-SP1-1/SPYGLASS_HOME/policies/clock)

Note: The rule Reset_check05 will be deprecated in the future release starting April 2018.

INFO [76]    Using './spyglass-1/WORK/64' as the Work Directory for 64bit precompiled dump.
Checking Rule SGDC_power_est29 (Rule 1 of total 304) .... done (Time = 0.00s, Memory = 0.0K)
Checking Rule PECHECK04 (Rule 2 of total 304) .... done (Time = 0.01s, Memory = 8.0K)
Checking Rule PECHECK18 (Rule 3 of total 304) .... done (Time = 0.00s, Memory = 0.0K)
Checking Rule PEMVDD01 (Rule 4 of total 304) .... done (Time = 0.00s, Memory = 0.0K)
Checking Rule PrecompileLibCheck01 (Rule 5 of total 304) .... done (Time = 0.00s, Memory = 0.0K)
Checking Rule PrecompileLibCheck02 (Rule 6 of total 304) .... done (Time = 0.00s, Memory = 0.0K)
Checking Rule PrecompileLibCheck03 (Rule 7 of total 304) .... done (Time = 0.00s, Memory = 0.0K)
Checking Rule PrecompileLibCheck04 (Rule 8 of total 304) .... done (Time = 0.00s, Memory = 0.0K)
Checking Rule AbstractInterface (Rule 9 of total 304) .... done (Time = 0.00s, Memory = 0.0K)
Checking Rule SGDC_assume_path01 (Rule 10 of total 304) .... done (Time = 0.00s, Memory = 0.0K)
Checking Rule SGDC_sdcschema02 (Rule 11 of total 304) .... done (Time = 0.00s, Memory = 32.0K)
Checking Rule SGDC_clock05 (Rule 12 of total 304) .... done (Time = 0.00s, Memory = 0.0K)
Checking Rule SGDC_clock09 (Rule 13 of total 304) .... done (Time = 0.00s, Memory = 0.0K)
Checking Rule SGDC_force_ta05 (Rule 14 of total 304) .... done (Time = 0.00s, Memory = 0.0K)
Checking Rule SGDC_require_path03 (Rule 15 of total 304) .... done (Time = 0.00s, Memory = 0.0K)
Checking Rule SGDC_require_value03 (Rule 16 of total 304) .... done (Time = 0.00s, Memory = 0.0K)
Checking Rule SGDC_voltagedomain05 (Rule 17 of total 304) .... done (Time = 0.00s, Memory = 8.0K)
Checking Rule SGDC_voltagedomain06 (Rule 18 of total 304) .... done (Time = 0.00s, Memory = 0.0K)
Checking Rule SGDC_voltagedomain07 (Rule 19 of total 304) .... done (Time = 0.00s, Memory = 8.0K)
Checking Rule SGDC_powerdomainoutputs02 (Rule 20 of total 304) .... done (Time = 0.00s, Memory = 8.0K)
Checking Rule SGDC_supply01 (Rule 21 of total 304) .... done (Time = 0.00s, Memory = 0.0K)
Checking Rule SGDC_waive01 (Rule 22 of total 304) .... done (Time = 0.00s, Memory = 0.0K)
Checking Rule SGDC_waive02 (Rule 23 of total 304) .... done (Time = 0.00s, Memory = 0.0K)
Checking Rule SGDC_waive03 (Rule 24 of total 304) .... done (Time = 0.00s, Memory = 0.0K)
Checking Rule SGDC_waive04 (Rule 25 of total 304) .... done (Time = 0.00s, Memory = 0.0K)
Checking Rule SGDC_waive05 (Rule 26 of total 304) .... done (Time = 0.00s, Memory = 8.0K)
Checking Rule SGDC_waive06 (Rule 27 of total 304) .... done (Time = 0.00s, Memory = 0.0K)
Checking Rule SGDC_waive07 (Rule 28 of total 304) .... done (Time = 0.00s, Memory = 0.0K)
Checking Rule SGDC_waive08 (Rule 29 of total 304) .... done (Time = 0.00s, Memory = 0.0K)
Checking Rule SGDC_waive09 (Rule 30 of total 304) .... done (Time = 0.00s, Memory = 0.0K)
Checking Rule SGDC_waive10 (Rule 31 of total 304) .... done (Time = 0.00s, Memory = 0.0K)
Checking Rule SGDC_waive11 (Rule 32 of total 304) .... done (Time = 0.00s, Memory = 0.0K)
Checking Rule SGDC_waive12 (Rule 33 of total 304) .... done (Time = 0.00s, Memory = 0.0K)
Checking Rule SGDC_waive13 (Rule 34 of total 304) .... done (Time = 0.00s, Memory = 0.0K)
Checking Rule SGDC_waive21 (Rule 35 of total 304) .... done (Time = 0.00s, Memory = 0.0K)
Checking Rule SGDC_waive22 (Rule 36 of total 304) .... done (Time = 0.00s, Memory = 0.0K)
Checking Rule SGDC_waive30 (Rule 37 of total 304) .... done (Time = 0.00s, Memory = 0.0K)
Checking Rule SGDC_waive32 (Rule 38 of total 304) .... done (Time = 0.00s, Memory = 0.0K)
Checking Rule SGDC_waive33 (Rule 39 of total 304) .... done (Time = 0.00s, Memory = 0.0K)
Checking Rule SGDC_waive36 (Rule 40 of total 304) .... done (Time = 0.00s, Memory = 0.0K)
Checking Rule SGDC_waive38 (Rule 41 of total 304) .... done (Time = 0.00s, Memory = 0.0K)
Checking Rule SGDC_fifo01 (Rule 42 of total 304) .... done (Time = 0.00s, Memory = 0.0K)
Checking Rule SGDC_libgroup01 (Rule 43 of total 304) .... done (Time = 0.00s, Memory = 0.0K)
Checking Rule SGDC_libgroup02 (Rule 44 of total 304) .... done (Time = 0.00s, Memory = 0.0K)
Checking Rule SGDC_libgroup04 (Rule 45 of total 304) .... done (Time = 0.00s, Memory = 0.0K)
Checking Rule SGDC_power_data01 (Rule 46 of total 304) .... done (Time = 0.00s, Memory = 72.0K)
Checking Rule SGDC_ungroup01 (Rule 47 of total 304) .... done (Time = 0.00s, Memory = 0.0K)
Checking Rule SGDC_abstract_port06 (Rule 48 of total 304) .... done (Time = 0.00s, Memory = 16.0K)
Checking Rule SGDC_abstract_port14 (Rule 49 of total 304) .... done (Time = 0.00s, Memory = 0.0K)
Checking Rule SGDC_abstract_port15 (Rule 50 of total 304) .... done (Time = 0.00s, Memory = 0.0K)
Checking Rule SGDC_abstract_port18 (Rule 51 of total 304) .... done (Time = 0.00s, Memory = 8.0K)
Checking Rule sdc_init_rule (Rule 52 of total 304) .... done (Time = 0.00s, Memory = 0.0K)
Checking Rule CMD_ignorelibs01 (Rule 53 of total 304) .... done (Time = 0.00s, Memory = 0.0K)
Checking Rule ReportRuleNotRun (Rule 54 of total 304) .... done (Time = 0.01s, Memory = 16.0K)
Checking Rule STARC05-2.3.1.2c (Rule 55 of total 304) .... done (Time = 0.00s, Memory = 0.0K)
Checking Rule W442a (Rule 56 of total 304) .... done (Time = 0.00s, Memory = 0.0K)
Checking Rule W442b (Rule 57 of total 304) .... done (Time = 0.00s, Memory = 0.0K)
Checking Rule W442c (Rule 58 of total 304) .... done (Time = 0.00s, Memory = 0.0K)
Checking Rule W442f (Rule 59 of total 304) .... done (Time = 0.00s, Memory = 0.0K)
Checking Rule mixedsenselist (Rule 60 of total 304) .... done (Time = 0.00s, Memory = 0.0K)
Checking Rule badimplicitSM1 (Rule 61 of total 304) .... done (Time = 0.00s, Memory = 0.0K)
Checking Rule badimplicitSM2 (Rule 62 of total 304) .... done (Time = 0.00s, Memory = 0.0K)
Checking Rule badimplicitSM4 (Rule 63 of total 304) .... done (Time = 0.00s, Memory = 0.0K)
Checking Rule bothedges (Rule 64 of total 304) .... done (Time = 0.00s, Memory = 0.0K)
Checking Rule BlockHeader (Rule 65 of total 304) .... done (Time = 0.00s, Memory = 0.0K)
Checking Rule W421 (Rule 66 of total 304) .... done (Time = 0.00s, Memory = 0.0K)
Checking Rule STARC05-2.1.6.5 (Rule 67 of total 304) .... done (Time = 0.00s, Memory = 0.0K)
Checking Rule ReportStopSummary (Rule 68 of total 304) .... done (Time = 0.00s, Memory = 0.0K)
Checking Rule ReportIgnoreSummary (Rule 69 of total 304) .... done (Time = 0.00s, Memory = 0.0K)
 Analyzing source file "verilog/core.v" ....
 Analyzing source file "verilog/fifo_depth16.v" ....
 Analyzing source file "verilog/fifo_mux_2_1.v" ....
 Analyzing source file "verilog/fifo_mux_8_1.v" ....
 Analyzing source file "verilog/fifo_mux_16_1.v" ....
 Analyzing source file "verilog/fullchip.v" ....
 Analyzing source file "verilog/fullchip_tb.v" ....
 Analyzing source file "verilog/mac_8in.v" ....
 Analyzing source file "verilog/sram_w16.v" ....
 Analyzing source file "verilog/mac_array.v" ....
 Analyzing source file "verilog/mac_col.v" ....
 Analyzing source file "verilog/ofifo.v" ....
***Syntax Errors detected - RULE CHECKING ABORTED***
Checking Rule ReportCheckDataSummary (Rule 70 of total 304) .... done (Time = 0.00s, Memory = 0.0K)

SpyGlass Rule Checking ABORTED.

Generating data for Console...

Generating moresimple report from './spyglass-1/lint/lint_rtl/spyglass.vdb' to './spyglass-1/lint/lint_rtl/spyglass_reports/moresimple.rpt' ....

Generating runsummary report from './spyglass-1/lint/lint_rtl/spyglass.vdb' ....

Generating no_msg_reporting_rules report from './spyglass-1/lint/lint_rtl/spyglass.vdb' to './spyglass-1/lint/lint_rtl/spyglass_reports/no_msg_reporting_rules.rpt' ....

Policy specific data (reports) are present in the directory './spyglass-1/lint/lint_rtl/spyglass_reports'.

SpyGlass critical reports for the current run are present in directory './spyglass-1/consolidated_reports/lint_lint_rtl/'.

---------------------------------------------------------------------------------------------
Results Summary:
---------------------------------------------------------------------------------------------
   Goal Run           :      lint/lint_rtl
** Design Read        :      7 fatals,     0 error,       16 warnings,     0 information message 
   -------------------------------------------------------------------------------------
** Total              :      7 fatals,     0 error,       16 warnings,     0 information message 

  Total Number of Generated Messages     :        23 (7 fatals, 0 error, 16 warnings, 0 Info)
  Number of Reported Messages            :        23 (7 fatals, 0 error, 16 warnings, 0 Info)

  NOTE: It is recommended to first fix/reconcile fatals/errors reported on
        lines starting with ** as subsequent issues might be related to it.
        Please re-run SpyGlass once ** prefixed lines are fatal/error clean.

---------------------------------------------------------------------------------------------

Following FATAL message(s) generated in current run -

Rule         Severity   File                     Line   Message
-------------------------------------------------------------------------
STX_VE_479   Syntax     verilog/fifo_mux_2_1.v   19     Syntax error near ( for ). Please use 'set_option enableV05 yes' to support Verilog-2005 construct ( Generate for outside generate/endgenerate )
STX_VE_479   Syntax     verilog/fifo_mux_2_1.v   19     Syntax error near ( i ). Please use 'set_option enableSV yes' to support SystemVerilog construct ( int )
STX_VE_481   Syntax     verilog/fifo_mux_2_1.v   23     Syntax error near ( [ end ] - Illegal use of Verilog keyword 'end' )
STX_VE_479   Syntax     verilog/mac_array.v      29     Syntax error near ( for ). Please use 'set_option enableV05 yes' to support Verilog-2005 construct ( Generate for outside generate/endgenerate )
STX_VE_479   Syntax     verilog/mac_array.v      29     Syntax error near ( i ). Please use 'set_option enableSV yes' to support SystemVerilog construct ( int )
STX_VE_479   Syntax     verilog/ofifo.v          27     Syntax error near ( for ). Please use 'set_option enableV05 yes' to support Verilog-2005 construct ( Generate for outside generate/endgenerate )
STX_VE_479   Syntax     verilog/ofifo.v          27     Syntax error near ( i ). Please use 'set_option enableSV yes' to support SystemVerilog construct ( int )
run_goal: info: updating spyglass.log with goal summary
---------------------------------------------------------------------------------------------------
Results Summary:
---------------------------------------------------------------------------------------------------
   Goal Run           :      lint/lint_rtl
   Top Module         :      
---------------------------------------------------------------------------------------------------
   Reports Directory: 
   /home/caden99/Documents/projects/vector_processor/1D_Vector_Processor/spyglass-1/consolidated_reports/lint_lint_rtl/ 

   SpyGlass LogFile: 
    /home/caden99/Documents/projects/vector_processor/1D_Vector_Processor/spyglass-1/lint/lint_rtl/spyglass.log 

   Standard Reports: 
     moresimple.rpt          no_msg_reporting_rules.rpt       

   HTML report:
    /home/caden99/Documents/projects/vector_processor/1D_Vector_Processor/spyglass-1/html_reports/goals_summary.html
  

   Technology Reports:  
     <Not Available>
   
   
---------------------------------------------------------------------------------------------------
   Goal Violation Summary:
       Waived   Messages:                      0 Errors,      0 Warnings,      0 Infos
       Reported Messages:         7 Fatals,    0 Errors,     16 Warnings,      0 Infos
---------------------------------------------------------------------------------------------------
   
---------------------------------------------------------------------------------------------------
 
run_goal: info: spyglass.log successfully updated with goal summary
6 {Rule-checking terminated due to FATAL errors - design syntax error}
INFO:    SpyGlass will run goal(s) 'lint/lint_rtl'.


RULE-CHECKING IN MIXED MODE
Loading spyglass (SpyGlass_vP-2019.06-SP1-01) ... (picked from /opt/synopsys/spyglass/P-2019.06-SP1-1/SPYGLASS_HOME/policies/spyglass)
Loading openmore (SpyGlass_vP-2019.06-SP1-01) ... (picked from /opt/synopsys/spyglass/P-2019.06-SP1-1/SPYGLASS_HOME/policies/openmore)
Loading starc (SpyGlass_vP-2019.06-SP1-01) ... (picked from /opt/synopsys/spyglass/P-2019.06-SP1-1/SPYGLASS_HOME/policies/starc)
Loading starc2005 (SpyGlass_vP-2019.06-SP1-01) ... (picked from /opt/synopsys/spyglass/P-2019.06-SP1-1/SPYGLASS_HOME/policies/starc2005)
Loading erc (SpyGlass_vP-2019.06-SP1-01) ... (picked from /opt/synopsys/spyglass/P-2019.06-SP1-1/SPYGLASS_HOME/policies/erc)
Loading simulation (SpyGlass_vP-2019.06-SP1-01) ... (picked from /opt/synopsys/spyglass/P-2019.06-SP1-1/SPYGLASS_HOME/policies/simulation)
Loading lint (SpyGlass_vP-2019.06-SP1-01) ... (picked from /opt/synopsys/spyglass/P-2019.06-SP1-1/SPYGLASS_HOME/policies/lint)
Loading latch (SpyGlass_vP-2019.06-SP1-01) ... (picked from /opt/synopsys/spyglass/P-2019.06-SP1-1/SPYGLASS_HOME/policies/latch)
Loading morelint (SpyGlass_vP-2019.06-SP1-01) ... (picked from /opt/synopsys/spyglass/P-2019.06-SP1-1/SPYGLASS_HOME/policies/morelint)
Loading timing (SpyGlass_vP-2019.06-SP1-01) ... (picked from /opt/synopsys/spyglass/P-2019.06-SP1-1/SPYGLASS_HOME/policies/timing)
Loading starc2002 (SpyGlass_vP-2019.06-SP1-01) ... (picked from /opt/synopsys/spyglass/P-2019.06-SP1-1/SPYGLASS_HOME/policies/starc2002)
Loading Audits (SpyGlass_vP-2019.06-SP1-01) ... (picked from /opt/synopsys/spyglass/P-2019.06-SP1-1/SPYGLASS_HOME/policies/Audits)
Loading area (SpyGlass_vP-2019.06-SP1-01) ... (picked from /opt/synopsys/spyglass/P-2019.06-SP1-1/SPYGLASS_HOME/policies/area)
Loading miscellaneous (SpyGlass_vP-2019.06-SP1-01) ... (picked from /opt/synopsys/spyglass/P-2019.06-SP1-1/SPYGLASS_HOME/policies/miscellaneous)
Loading starcad-21 (SpyGlass_vP-2019.06-SP1-01) ... (picked from /opt/synopsys/spyglass/P-2019.06-SP1-1/SPYGLASS_HOME/policies/starcad-21)
Loading txv (SpyGlass_vP-2019.06-SP1-01) ... (picked from /opt/synopsys/spyglass/P-2019.06-SP1-1/SPYGLASS_HOME/policies/txv)

TXV_INFO Parameter txv_extract_domain will be renamed to txv_domain_mode in future!

Loading power_est (SpyGlass_vL-2016.06) ... (picked from /opt/synopsys/spyglass/P-2019.06-SP1-1/SPYGLASS_HOME/policies/power_est)
Loading lowpower (5.6.1) ... (picked from /opt/synopsys/spyglass/P-2019.06-SP1-1/SPYGLASS_HOME/policies/lowpower)
Loading dft_dsm (SpyGlass_vP-2019.06-SP1-01) ... (picked from /opt/synopsys/spyglass/P-2019.06-SP1-1/SPYGLASS_HOME/policies/dft_dsm)
Loading dft (SpyGlass_vP-2019.06-SP1-01) ... (picked from /opt/synopsys/spyglass/P-2019.06-SP1-1/SPYGLASS_HOME/policies/dft)
Loading constraints (SpyGlass_vP-2019.06-SP1-01) ... (picked from /opt/synopsys/spyglass/P-2019.06-SP1-1/SPYGLASS_HOME/policies/constraints)
Loading const_intern1 (SpyGlass_vP-2019.06-SP1-01) ... (picked from /opt/synopsys/spyglass/P-2019.06-SP1-1/SPYGLASS_HOME/policies/constraints)
Loading clock-reset (SpyGlass_vP-2019.06-SP1-01) ... (picked from /opt/synopsys/spyglass/P-2019.06-SP1-1/SPYGLASS_HOME/policies/clock)

Note: The rule Reset_check05 will be deprecated in the future release starting April 2018.

INFO [76]    Using './spyglass-1/WORK/64' as the Work Directory for 64bit precompiled dump.
Checking Rule SGDC_power_est29 (Rule 1 of total 304) .... done (Time = 0.00s, Memory = 0.0K)
Checking Rule PECHECK04 (Rule 2 of total 304) .... done (Time = 0.01s, Memory = 16.0K)
Checking Rule PECHECK18 (Rule 3 of total 304) .... done (Time = 0.00s, Memory = 0.0K)
Checking Rule PEMVDD01 (Rule 4 of total 304) .... done (Time = 0.00s, Memory = 0.0K)
Checking Rule PrecompileLibCheck01 (Rule 5 of total 304) .... done (Time = 0.00s, Memory = -32.0K)
Checking Rule PrecompileLibCheck02 (Rule 6 of total 304) .... done (Time = 0.00s, Memory = 32.0K)
Checking Rule PrecompileLibCheck03 (Rule 7 of total 304) .... done (Time = 0.00s, Memory = 0.0K)
Checking Rule PrecompileLibCheck04 (Rule 8 of total 304) .... done (Time = 0.00s, Memory = 0.0K)
Checking Rule AbstractInterface (Rule 9 of total 304) .... done (Time = 0.00s, Memory = 0.0K)
Checking Rule SGDC_assume_path01 (Rule 10 of total 304) .... done (Time = 0.00s, Memory = 8.0K)
Checking Rule SGDC_sdcschema02 (Rule 11 of total 304) .... done (Time = 0.00s, Memory = 32.0K)
Checking Rule SGDC_clock05 (Rule 12 of total 304) .... done (Time = 0.00s, Memory = 0.0K)
Checking Rule SGDC_clock09 (Rule 13 of total 304) .... done (Time = 0.00s, Memory = 0.0K)
Checking Rule SGDC_force_ta05 (Rule 14 of total 304) .... done (Time = 0.00s, Memory = 0.0K)
Checking Rule SGDC_require_path03 (Rule 15 of total 304) .... done (Time = 0.00s, Memory = 0.0K)
Checking Rule SGDC_require_value03 (Rule 16 of total 304) .... done (Time = 0.00s, Memory = 0.0K)
Checking Rule SGDC_voltagedomain05 (Rule 17 of total 304) .... done (Time = 0.00s, Memory = 16.0K)
Checking Rule SGDC_voltagedomain06 (Rule 18 of total 304) .... done (Time = 0.00s, Memory = 0.0K)
Checking Rule SGDC_voltagedomain07 (Rule 19 of total 304) .... done (Time = 0.00s, Memory = 8.0K)
Checking Rule SGDC_powerdomainoutputs02 (Rule 20 of total 304) .... done (Time = 0.00s, Memory = 8.0K)
Checking Rule SGDC_supply01 (Rule 21 of total 304) .... done (Time = 0.00s, Memory = 0.0K)
Checking Rule SGDC_waive01 (Rule 22 of total 304) .... done (Time = 0.00s, Memory = -8.0K)
Checking Rule SGDC_waive02 (Rule 23 of total 304) .... done (Time = 0.00s, Memory = 0.0K)
Checking Rule SGDC_waive03 (Rule 24 of total 304) .... done (Time = 0.00s, Memory = 8.0K)
Checking Rule SGDC_waive04 (Rule 25 of total 304) .... done (Time = 0.00s, Memory = 0.0K)
Checking Rule SGDC_waive05 (Rule 26 of total 304) .... done (Time = 0.00s, Memory = 32.0K)
Checking Rule SGDC_waive06 (Rule 27 of total 304) .... done (Time = 0.00s, Memory = 0.0K)
Checking Rule SGDC_waive07 (Rule 28 of total 304) .... done (Time = 0.00s, Memory = 0.0K)
Checking Rule SGDC_waive08 (Rule 29 of total 304) .... done (Time = 0.00s, Memory = -8.0K)
Checking Rule SGDC_waive09 (Rule 30 of total 304) .... done (Time = 0.00s, Memory = 0.0K)
Checking Rule SGDC_waive10 (Rule 31 of total 304) .... done (Time = 0.00s, Memory = 0.0K)
Checking Rule SGDC_waive11 (Rule 32 of total 304) .... done (Time = 0.00s, Memory = 0.0K)
Checking Rule SGDC_waive12 (Rule 33 of total 304) .... done (Time = 0.00s, Memory = 0.0K)
Checking Rule SGDC_waive13 (Rule 34 of total 304) .... done (Time = 0.00s, Memory = 0.0K)
Checking Rule SGDC_waive21 (Rule 35 of total 304) .... done (Time = 0.00s, Memory = 0.0K)
Checking Rule SGDC_waive22 (Rule 36 of total 304) .... done (Time = 0.00s, Memory = 0.0K)
Checking Rule SGDC_waive30 (Rule 37 of total 304) .... done (Time = 0.00s, Memory = 0.0K)
Checking Rule SGDC_waive32 (Rule 38 of total 304) .... done (Time = 0.00s, Memory = 0.0K)
Checking Rule SGDC_waive33 (Rule 39 of total 304) .... done (Time = 0.00s, Memory = 0.0K)
Checking Rule SGDC_waive36 (Rule 40 of total 304) .... done (Time = 0.00s, Memory = -32.0K)
Checking Rule SGDC_waive38 (Rule 41 of total 304) .... done (Time = 0.00s, Memory = 0.0K)
Checking Rule SGDC_fifo01 (Rule 42 of total 304) .... done (Time = 0.00s, Memory = 0.0K)
Checking Rule SGDC_libgroup01 (Rule 43 of total 304) .... done (Time = 0.00s, Memory = 32.0K)
Checking Rule SGDC_libgroup02 (Rule 44 of total 304) .... done (Time = 0.00s, Memory = 8.0K)
Checking Rule SGDC_libgroup04 (Rule 45 of total 304) .... done (Time = 0.00s, Memory = 0.0K)
Checking Rule SGDC_power_data01 (Rule 46 of total 304) .... done (Time = 0.00s, Memory = 8.0K)
Checking Rule SGDC_ungroup01 (Rule 47 of total 304) .... done (Time = 0.00s, Memory = 0.0K)
Checking Rule SGDC_abstract_port06 (Rule 48 of total 304) .... done (Time = 0.00s, Memory = 8.0K)
Checking Rule SGDC_abstract_port14 (Rule 49 of total 304) .... done (Time = 0.00s, Memory = 8.0K)
Checking Rule SGDC_abstract_port15 (Rule 50 of total 304) .... done (Time = 0.00s, Memory = 0.0K)
Checking Rule SGDC_abstract_port18 (Rule 51 of total 304) .... done (Time = 0.00s, Memory = 0.0K)
Checking Rule sdc_init_rule (Rule 52 of total 304) .... done (Time = 0.00s, Memory = 0.0K)
Checking Rule CMD_ignorelibs01 (Rule 53 of total 304) .... done (Time = 0.00s, Memory = 0.0K)
Checking Rule ReportRuleNotRun (Rule 54 of total 304) .... done (Time = 0.01s, Memory = 16.0K)
Checking Rule STARC05-2.3.1.2c (Rule 55 of total 304) .... done (Time = 0.00s, Memory = 0.0K)
Checking Rule W442a (Rule 56 of total 304) .... done (Time = 0.00s, Memory = 0.0K)
Checking Rule W442b (Rule 57 of total 304) .... done (Time = 0.00s, Memory = 0.0K)
Checking Rule W442c (Rule 58 of total 304) .... done (Time = 0.00s, Memory = 0.0K)
Checking Rule W442f (Rule 59 of total 304) .... done (Time = 0.00s, Memory = 0.0K)
Checking Rule mixedsenselist (Rule 60 of total 304) .... done (Time = 0.00s, Memory = -32.0K)
Checking Rule badimplicitSM1 (Rule 61 of total 304) .... done (Time = 0.00s, Memory = 0.0K)
Checking Rule badimplicitSM2 (Rule 62 of total 304) .... done (Time = 0.00s, Memory = 0.0K)
Checking Rule badimplicitSM4 (Rule 63 of total 304) .... done (Time = 0.00s, Memory = 0.0K)
Checking Rule bothedges (Rule 64 of total 304) .... done (Time = 0.00s, Memory = 0.0K)
Checking Rule BlockHeader (Rule 65 of total 304) .... done (Time = 0.00s, Memory = 0.0K)
Checking Rule W421 (Rule 66 of total 304) .... done (Time = 0.00s, Memory = 0.0K)
Checking Rule STARC05-2.1.6.5 (Rule 67 of total 304) .... done (Time = 0.00s, Memory = 0.0K)
Checking Rule ReportStopSummary (Rule 68 of total 304) .... done (Time = 0.00s, Memory = 0.0K)
Checking Rule ReportIgnoreSummary (Rule 69 of total 304) .... done (Time = 0.00s, Memory = 0.0K)
 Analyzing source file "verilog/core.v" ....
 Analyzing source file "verilog/fifo_depth16.v" ....
 Analyzing source file "verilog/fifo_mux_2_1.v" ....
 Analyzing source file "verilog/fifo_mux_8_1.v" ....
 Analyzing source file "verilog/fifo_mux_16_1.v" ....
 Analyzing source file "verilog/fullchip.v" ....
 Analyzing source file "verilog/fullchip_tb.v" ....
 Analyzing source file "verilog/mac_8in.v" ....
 Analyzing source file "verilog/sram_w16.v" ....
 Analyzing source file "verilog/mac_array.v" ....
 Analyzing source file "verilog/mac_col.v" ....
 Analyzing source file "verilog/ofifo.v" ....
***Syntax Errors detected - RULE CHECKING ABORTED***
Checking Rule ReportCheckDataSummary (Rule 70 of total 304) .... done (Time = 0.00s, Memory = 0.0K)

SpyGlass Rule Checking ABORTED.

Generating data for Console...

Generating moresimple report from './spyglass-1/lint/lint_rtl/spyglass.vdb' to './spyglass-1/lint/lint_rtl/spyglass_reports/moresimple.rpt' ....

Generating runsummary report from './spyglass-1/lint/lint_rtl/spyglass.vdb' ....

Generating no_msg_reporting_rules report from './spyglass-1/lint/lint_rtl/spyglass.vdb' to './spyglass-1/lint/lint_rtl/spyglass_reports/no_msg_reporting_rules.rpt' ....

Policy specific data (reports) are present in the directory './spyglass-1/lint/lint_rtl/spyglass_reports'.

SpyGlass critical reports for the current run are present in directory './spyglass-1/consolidated_reports/lint_lint_rtl/'.

---------------------------------------------------------------------------------------------
Results Summary:
---------------------------------------------------------------------------------------------
   Goal Run           :      lint/lint_rtl
** Design Read        :      4 fatals,     0 error,       16 warnings,     0 information message 
   -------------------------------------------------------------------------------------
** Total              :      4 fatals,     0 error,       16 warnings,     0 information message 

  Total Number of Generated Messages     :        20 (4 fatals, 0 error, 16 warnings, 0 Info)
  Number of Reported Messages            :        20 (4 fatals, 0 error, 16 warnings, 0 Info)

  NOTE: It is recommended to first fix/reconcile fatals/errors reported on
        lines starting with ** as subsequent issues might be related to it.
        Please re-run SpyGlass once ** prefixed lines are fatal/error clean.

---------------------------------------------------------------------------------------------

Following FATAL message(s) generated in current run -

Rule         Severity   File                  Line   Message
-------------------------------------------------------------------------
STX_VE_479   Syntax     verilog/mac_array.v   29     Syntax error near ( for ). Please use 'set_option enableV05 yes' to support Verilog-2005 construct ( Generate for outside generate/endgenerate )
STX_VE_479   Syntax     verilog/mac_array.v   29     Syntax error near ( i ). Please use 'set_option enableSV yes' to support SystemVerilog construct ( int )
STX_VE_479   Syntax     verilog/ofifo.v       27     Syntax error near ( for ). Please use 'set_option enableV05 yes' to support Verilog-2005 construct ( Generate for outside generate/endgenerate )
STX_VE_479   Syntax     verilog/ofifo.v       27     Syntax error near ( i ). Please use 'set_option enableSV yes' to support SystemVerilog construct ( int )
run_goal: info: updating spyglass.log with goal summary
---------------------------------------------------------------------------------------------------
Results Summary:
---------------------------------------------------------------------------------------------------
   Goal Run           :      lint/lint_rtl
   Top Module         :      
---------------------------------------------------------------------------------------------------
   Reports Directory: 
   /home/caden99/Documents/projects/vector_processor/1D_Vector_Processor/spyglass-1/consolidated_reports/lint_lint_rtl/ 

   SpyGlass LogFile: 
    /home/caden99/Documents/projects/vector_processor/1D_Vector_Processor/spyglass-1/lint/lint_rtl/spyglass.log 

   Standard Reports: 
     moresimple.rpt          no_msg_reporting_rules.rpt       

   HTML report:
    /home/caden99/Documents/projects/vector_processor/1D_Vector_Processor/spyglass-1/html_reports/goals_summary.html
  

   Technology Reports:  
     <Not Available>
   
   
---------------------------------------------------------------------------------------------------
   Goal Violation Summary:
       Waived   Messages:                      0 Errors,      0 Warnings,      0 Infos
       Reported Messages:         4 Fatals,    0 Errors,     16 Warnings,      0 Infos
---------------------------------------------------------------------------------------------------
   
---------------------------------------------------------------------------------------------------
 
run_goal: info: spyglass.log successfully updated with goal summary
6 {Rule-checking terminated due to FATAL errors - design syntax error}
INFO:    SpyGlass will run goal(s) 'lint/lint_rtl'.


RULE-CHECKING IN MIXED MODE
Loading spyglass (SpyGlass_vP-2019.06-SP1-01) ... (picked from /opt/synopsys/spyglass/P-2019.06-SP1-1/SPYGLASS_HOME/policies/spyglass)
Loading openmore (SpyGlass_vP-2019.06-SP1-01) ... (picked from /opt/synopsys/spyglass/P-2019.06-SP1-1/SPYGLASS_HOME/policies/openmore)
Loading starc (SpyGlass_vP-2019.06-SP1-01) ... (picked from /opt/synopsys/spyglass/P-2019.06-SP1-1/SPYGLASS_HOME/policies/starc)
Loading starc2005 (SpyGlass_vP-2019.06-SP1-01) ... (picked from /opt/synopsys/spyglass/P-2019.06-SP1-1/SPYGLASS_HOME/policies/starc2005)
Loading erc (SpyGlass_vP-2019.06-SP1-01) ... (picked from /opt/synopsys/spyglass/P-2019.06-SP1-1/SPYGLASS_HOME/policies/erc)
Loading simulation (SpyGlass_vP-2019.06-SP1-01) ... (picked from /opt/synopsys/spyglass/P-2019.06-SP1-1/SPYGLASS_HOME/policies/simulation)
Loading lint (SpyGlass_vP-2019.06-SP1-01) ... (picked from /opt/synopsys/spyglass/P-2019.06-SP1-1/SPYGLASS_HOME/policies/lint)
Loading latch (SpyGlass_vP-2019.06-SP1-01) ... (picked from /opt/synopsys/spyglass/P-2019.06-SP1-1/SPYGLASS_HOME/policies/latch)
Loading morelint (SpyGlass_vP-2019.06-SP1-01) ... (picked from /opt/synopsys/spyglass/P-2019.06-SP1-1/SPYGLASS_HOME/policies/morelint)
Loading timing (SpyGlass_vP-2019.06-SP1-01) ... (picked from /opt/synopsys/spyglass/P-2019.06-SP1-1/SPYGLASS_HOME/policies/timing)
Loading starc2002 (SpyGlass_vP-2019.06-SP1-01) ... (picked from /opt/synopsys/spyglass/P-2019.06-SP1-1/SPYGLASS_HOME/policies/starc2002)
Loading Audits (SpyGlass_vP-2019.06-SP1-01) ... (picked from /opt/synopsys/spyglass/P-2019.06-SP1-1/SPYGLASS_HOME/policies/Audits)
Loading area (SpyGlass_vP-2019.06-SP1-01) ... (picked from /opt/synopsys/spyglass/P-2019.06-SP1-1/SPYGLASS_HOME/policies/area)
Loading miscellaneous (SpyGlass_vP-2019.06-SP1-01) ... (picked from /opt/synopsys/spyglass/P-2019.06-SP1-1/SPYGLASS_HOME/policies/miscellaneous)
Loading starcad-21 (SpyGlass_vP-2019.06-SP1-01) ... (picked from /opt/synopsys/spyglass/P-2019.06-SP1-1/SPYGLASS_HOME/policies/starcad-21)
Loading txv (SpyGlass_vP-2019.06-SP1-01) ... (picked from /opt/synopsys/spyglass/P-2019.06-SP1-1/SPYGLASS_HOME/policies/txv)

TXV_INFO Parameter txv_extract_domain will be renamed to txv_domain_mode in future!

Loading power_est (SpyGlass_vL-2016.06) ... (picked from /opt/synopsys/spyglass/P-2019.06-SP1-1/SPYGLASS_HOME/policies/power_est)
Loading lowpower (5.6.1) ... (picked from /opt/synopsys/spyglass/P-2019.06-SP1-1/SPYGLASS_HOME/policies/lowpower)
Loading dft_dsm (SpyGlass_vP-2019.06-SP1-01) ... (picked from /opt/synopsys/spyglass/P-2019.06-SP1-1/SPYGLASS_HOME/policies/dft_dsm)
Loading dft (SpyGlass_vP-2019.06-SP1-01) ... (picked from /opt/synopsys/spyglass/P-2019.06-SP1-1/SPYGLASS_HOME/policies/dft)
Loading constraints (SpyGlass_vP-2019.06-SP1-01) ... (picked from /opt/synopsys/spyglass/P-2019.06-SP1-1/SPYGLASS_HOME/policies/constraints)
Loading const_intern1 (SpyGlass_vP-2019.06-SP1-01) ... (picked from /opt/synopsys/spyglass/P-2019.06-SP1-1/SPYGLASS_HOME/policies/constraints)
Loading clock-reset (SpyGlass_vP-2019.06-SP1-01) ... (picked from /opt/synopsys/spyglass/P-2019.06-SP1-1/SPYGLASS_HOME/policies/clock)

Note: The rule Reset_check05 will be deprecated in the future release starting April 2018.

INFO [76]    Using './spyglass-1/WORK/64' as the Work Directory for 64bit precompiled dump.
Checking Rule SGDC_power_est29 (Rule 1 of total 304) .... done (Time = 0.01s, Memory = 0.0K)
Checking Rule PECHECK04 (Rule 2 of total 304) .... done (Time = 0.00s, Memory = 8.0K)
Checking Rule PECHECK18 (Rule 3 of total 304) .... done (Time = 0.00s, Memory = 0.0K)
Checking Rule PEMVDD01 (Rule 4 of total 304) .... done (Time = 0.00s, Memory = 0.0K)
Checking Rule PrecompileLibCheck01 (Rule 5 of total 304) .... done (Time = 0.00s, Memory = 0.0K)
Checking Rule PrecompileLibCheck02 (Rule 6 of total 304) .... done (Time = 0.00s, Memory = 0.0K)
Checking Rule PrecompileLibCheck03 (Rule 7 of total 304) .... done (Time = 0.00s, Memory = 0.0K)
Checking Rule PrecompileLibCheck04 (Rule 8 of total 304) .... done (Time = 0.00s, Memory = 0.0K)
Checking Rule AbstractInterface (Rule 9 of total 304) .... done (Time = 0.00s, Memory = 0.0K)
Checking Rule SGDC_assume_path01 (Rule 10 of total 304) .... done (Time = 0.00s, Memory = 0.0K)
Checking Rule SGDC_sdcschema02 (Rule 11 of total 304) .... done (Time = 0.00s, Memory = 32.0K)
Checking Rule SGDC_clock05 (Rule 12 of total 304) .... done (Time = 0.00s, Memory = 0.0K)
Checking Rule SGDC_clock09 (Rule 13 of total 304) .... done (Time = 0.00s, Memory = 8.0K)
Checking Rule SGDC_force_ta05 (Rule 14 of total 304) .... done (Time = 0.00s, Memory = -8.0K)
Checking Rule SGDC_require_path03 (Rule 15 of total 304) .... done (Time = 0.00s, Memory = 8.0K)
Checking Rule SGDC_require_value03 (Rule 16 of total 304) .... done (Time = 0.00s, Memory = 8.0K)
Checking Rule SGDC_voltagedomain05 (Rule 17 of total 304) .... done (Time = 0.00s, Memory = 0.0K)
Checking Rule SGDC_voltagedomain06 (Rule 18 of total 304) .... done (Time = 0.00s, Memory = 24.0K)
Checking Rule SGDC_voltagedomain07 (Rule 19 of total 304) .... done (Time = 0.00s, Memory = 0.0K)
Checking Rule SGDC_powerdomainoutputs02 (Rule 20 of total 304) .... done (Time = 0.00s, Memory = 0.0K)
Checking Rule SGDC_supply01 (Rule 21 of total 304) .... done (Time = 0.00s, Memory = 8.0K)
Checking Rule SGDC_waive01 (Rule 22 of total 304) .... done (Time = 0.00s, Memory = 0.0K)
Checking Rule SGDC_waive02 (Rule 23 of total 304) .... done (Time = 0.00s, Memory = 0.0K)
Checking Rule SGDC_waive03 (Rule 24 of total 304) .... done (Time = 0.00s, Memory = 0.0K)
Checking Rule SGDC_waive04 (Rule 25 of total 304) .... done (Time = 0.00s, Memory = 0.0K)
Checking Rule SGDC_waive05 (Rule 26 of total 304) .... done (Time = 0.00s, Memory = 0.0K)
Checking Rule SGDC_waive06 (Rule 27 of total 304) .... done (Time = 0.00s, Memory = 0.0K)
Checking Rule SGDC_waive07 (Rule 28 of total 304) .... done (Time = 0.00s, Memory = 0.0K)
Checking Rule SGDC_waive08 (Rule 29 of total 304) .... done (Time = 0.00s, Memory = 0.0K)
Checking Rule SGDC_waive09 (Rule 30 of total 304) .... done (Time = 0.00s, Memory = 0.0K)
Checking Rule SGDC_waive10 (Rule 31 of total 304) .... done (Time = 0.00s, Memory = 0.0K)
Checking Rule SGDC_waive11 (Rule 32 of total 304) .... done (Time = 0.00s, Memory = 0.0K)
Checking Rule SGDC_waive12 (Rule 33 of total 304) .... done (Time = 0.00s, Memory = 0.0K)
Checking Rule SGDC_waive13 (Rule 34 of total 304) .... done (Time = 0.00s, Memory = 0.0K)
Checking Rule SGDC_waive21 (Rule 35 of total 304) .... done (Time = 0.00s, Memory = 0.0K)
Checking Rule SGDC_waive22 (Rule 36 of total 304) .... done (Time = 0.00s, Memory = 0.0K)
Checking Rule SGDC_waive30 (Rule 37 of total 304) .... done (Time = 0.00s, Memory = 0.0K)
Checking Rule SGDC_waive32 (Rule 38 of total 304) .... done (Time = 0.00s, Memory = 0.0K)
Checking Rule SGDC_waive33 (Rule 39 of total 304) .... done (Time = 0.00s, Memory = 0.0K)
Checking Rule SGDC_waive36 (Rule 40 of total 304) .... done (Time = 0.00s, Memory = 8.0K)
Checking Rule SGDC_waive38 (Rule 41 of total 304) .... done (Time = 0.00s, Memory = 0.0K)
Checking Rule SGDC_fifo01 (Rule 42 of total 304) .... done (Time = 0.00s, Memory = -8.0K)
Checking Rule SGDC_libgroup01 (Rule 43 of total 304) .... done (Time = 0.00s, Memory = 0.0K)
Checking Rule SGDC_libgroup02 (Rule 44 of total 304) .... done (Time = 0.00s, Memory = 0.0K)
Checking Rule SGDC_libgroup04 (Rule 45 of total 304) .... done (Time = 0.00s, Memory = 0.0K)
Checking Rule SGDC_power_data01 (Rule 46 of total 304) .... done (Time = 0.00s, Memory = 0.0K)
Checking Rule SGDC_ungroup01 (Rule 47 of total 304) .... done (Time = 0.00s, Memory = 0.0K)
Checking Rule SGDC_abstract_port06 (Rule 48 of total 304) .... done (Time = 0.00s, Memory = 0.0K)
Checking Rule SGDC_abstract_port14 (Rule 49 of total 304) .... done (Time = 0.00s, Memory = 8.0K)
Checking Rule SGDC_abstract_port15 (Rule 50 of total 304) .... done (Time = 0.00s, Memory = 16.0K)
Checking Rule SGDC_abstract_port18 (Rule 51 of total 304) .... done (Time = 0.00s, Memory = 8.0K)
Checking Rule sdc_init_rule (Rule 52 of total 304) .... done (Time = 0.00s, Memory = 0.0K)
Checking Rule CMD_ignorelibs01 (Rule 53 of total 304) .... done (Time = 0.00s, Memory = 0.0K)
Checking Rule ReportRuleNotRun (Rule 54 of total 304) .... done (Time = 0.01s, Memory = 16.0K)
Checking Rule STARC05-2.3.1.2c (Rule 55 of total 304) .... done (Time = 0.00s, Memory = 0.0K)
Checking Rule W442a (Rule 56 of total 304) .... done (Time = 0.00s, Memory = 0.0K)
Checking Rule W442b (Rule 57 of total 304) .... done (Time = 0.00s, Memory = 0.0K)
Checking Rule W442c (Rule 58 of total 304) .... done (Time = 0.00s, Memory = 0.0K)
Checking Rule W442f (Rule 59 of total 304) .... done (Time = 0.00s, Memory = 0.0K)
Checking Rule mixedsenselist (Rule 60 of total 304) .... done (Time = 0.00s, Memory = 0.0K)
Checking Rule badimplicitSM1 (Rule 61 of total 304) .... done (Time = 0.00s, Memory = 0.0K)
Checking Rule badimplicitSM2 (Rule 62 of total 304) .... done (Time = 0.00s, Memory = 0.0K)
Checking Rule badimplicitSM4 (Rule 63 of total 304) .... done (Time = 0.00s, Memory = 0.0K)
Checking Rule bothedges (Rule 64 of total 304) .... done (Time = 0.00s, Memory = 0.0K)
Checking Rule BlockHeader (Rule 65 of total 304) .... done (Time = 0.00s, Memory = 0.0K)
Checking Rule W421 (Rule 66 of total 304) .... done (Time = 0.00s, Memory = 0.0K)
Checking Rule STARC05-2.1.6.5 (Rule 67 of total 304) .... done (Time = 0.00s, Memory = 0.0K)
Checking Rule ReportStopSummary (Rule 68 of total 304) .... done (Time = 0.00s, Memory = 0.0K)
Checking Rule ReportIgnoreSummary (Rule 69 of total 304) .... done (Time = 0.00s, Memory = 0.0K)
 Analyzing source file "verilog/core.v" ....
 Analyzing source file "verilog/fifo_depth16.v" ....
 Analyzing source file "verilog/fifo_mux_2_1.v" ....
 Analyzing source file "verilog/fifo_mux_8_1.v" ....
 Analyzing source file "verilog/fifo_mux_16_1.v" ....
 Analyzing source file "verilog/fullchip.v" ....
 Analyzing source file "verilog/fullchip_tb.v" ....
 Analyzing source file "verilog/mac_8in.v" ....
 Analyzing source file "verilog/sram_w16.v" ....
 Analyzing source file "verilog/mac_array.v" ....
 Analyzing source file "verilog/mac_col.v" ....
 Analyzing source file "verilog/ofifo.v" ....
***Syntax Errors detected - RULE CHECKING ABORTED***
Checking Rule ReportCheckDataSummary (Rule 70 of total 304) .... done (Time = 0.00s, Memory = 0.0K)

SpyGlass Rule Checking ABORTED.

Generating data for Console...

Generating moresimple report from './spyglass-1/lint/lint_rtl/spyglass.vdb' to './spyglass-1/lint/lint_rtl/spyglass_reports/moresimple.rpt' ....

Generating runsummary report from './spyglass-1/lint/lint_rtl/spyglass.vdb' ....

Generating no_msg_reporting_rules report from './spyglass-1/lint/lint_rtl/spyglass.vdb' to './spyglass-1/lint/lint_rtl/spyglass_reports/no_msg_reporting_rules.rpt' ....

Policy specific data (reports) are present in the directory './spyglass-1/lint/lint_rtl/spyglass_reports'.

SpyGlass critical reports for the current run are present in directory './spyglass-1/consolidated_reports/lint_lint_rtl/'.

---------------------------------------------------------------------------------------------
Results Summary:
---------------------------------------------------------------------------------------------
   Goal Run           :      lint/lint_rtl
** Design Read        :      2 fatals,     0 error,       16 warnings,     0 information message 
   -------------------------------------------------------------------------------------
** Total              :      2 fatals,     0 error,       16 warnings,     0 information message 

  Total Number of Generated Messages     :        18 (2 fatals, 0 error, 16 warnings, 0 Info)
  Number of Reported Messages            :        18 (2 fatals, 0 error, 16 warnings, 0 Info)

  NOTE: It is recommended to first fix/reconcile fatals/errors reported on
        lines starting with ** as subsequent issues might be related to it.
        Please re-run SpyGlass once ** prefixed lines are fatal/error clean.

---------------------------------------------------------------------------------------------

Following FATAL message(s) generated in current run -

Rule         Severity   File              Line   Message
-------------------------------------------------------------------------
STX_VE_479   Syntax     verilog/ofifo.v   27     Syntax error near ( for ). Please use 'set_option enableV05 yes' to support Verilog-2005 construct ( Generate for outside generate/endgenerate )
STX_VE_479   Syntax     verilog/ofifo.v   27     Syntax error near ( i ). Please use 'set_option enableSV yes' to support SystemVerilog construct ( int )
run_goal: info: updating spyglass.log with goal summary
---------------------------------------------------------------------------------------------------
Results Summary:
---------------------------------------------------------------------------------------------------
   Goal Run           :      lint/lint_rtl
   Top Module         :      
---------------------------------------------------------------------------------------------------
   Reports Directory: 
   /home/caden99/Documents/projects/vector_processor/1D_Vector_Processor/spyglass-1/consolidated_reports/lint_lint_rtl/ 

   SpyGlass LogFile: 
    /home/caden99/Documents/projects/vector_processor/1D_Vector_Processor/spyglass-1/lint/lint_rtl/spyglass.log 

   Standard Reports: 
     moresimple.rpt          no_msg_reporting_rules.rpt       

   HTML report:
    /home/caden99/Documents/projects/vector_processor/1D_Vector_Processor/spyglass-1/html_reports/goals_summary.html
  

   Technology Reports:  
     <Not Available>
   
   
---------------------------------------------------------------------------------------------------
   Goal Violation Summary:
       Waived   Messages:                      0 Errors,      0 Warnings,      0 Infos
       Reported Messages:         2 Fatals,    0 Errors,     16 Warnings,      0 Infos
---------------------------------------------------------------------------------------------------
   
---------------------------------------------------------------------------------------------------
 
run_goal: info: spyglass.log successfully updated with goal summary
6 {Rule-checking terminated due to FATAL errors - design syntax error}
INFO:    SpyGlass will run goal(s) 'lint/lint_rtl'.


RULE-CHECKING IN MIXED MODE
Loading spyglass (SpyGlass_vP-2019.06-SP1-01) ... (picked from /opt/synopsys/spyglass/P-2019.06-SP1-1/SPYGLASS_HOME/policies/spyglass)
Loading openmore (SpyGlass_vP-2019.06-SP1-01) ... (picked from /opt/synopsys/spyglass/P-2019.06-SP1-1/SPYGLASS_HOME/policies/openmore)
Loading starc (SpyGlass_vP-2019.06-SP1-01) ... (picked from /opt/synopsys/spyglass/P-2019.06-SP1-1/SPYGLASS_HOME/policies/starc)
Loading starc2005 (SpyGlass_vP-2019.06-SP1-01) ... (picked from /opt/synopsys/spyglass/P-2019.06-SP1-1/SPYGLASS_HOME/policies/starc2005)
Loading erc (SpyGlass_vP-2019.06-SP1-01) ... (picked from /opt/synopsys/spyglass/P-2019.06-SP1-1/SPYGLASS_HOME/policies/erc)
Loading simulation (SpyGlass_vP-2019.06-SP1-01) ... (picked from /opt/synopsys/spyglass/P-2019.06-SP1-1/SPYGLASS_HOME/policies/simulation)
Loading lint (SpyGlass_vP-2019.06-SP1-01) ... (picked from /opt/synopsys/spyglass/P-2019.06-SP1-1/SPYGLASS_HOME/policies/lint)
Loading latch (SpyGlass_vP-2019.06-SP1-01) ... (picked from /opt/synopsys/spyglass/P-2019.06-SP1-1/SPYGLASS_HOME/policies/latch)
Loading morelint (SpyGlass_vP-2019.06-SP1-01) ... (picked from /opt/synopsys/spyglass/P-2019.06-SP1-1/SPYGLASS_HOME/policies/morelint)
Loading timing (SpyGlass_vP-2019.06-SP1-01) ... (picked from /opt/synopsys/spyglass/P-2019.06-SP1-1/SPYGLASS_HOME/policies/timing)
Loading starc2002 (SpyGlass_vP-2019.06-SP1-01) ... (picked from /opt/synopsys/spyglass/P-2019.06-SP1-1/SPYGLASS_HOME/policies/starc2002)
Loading Audits (SpyGlass_vP-2019.06-SP1-01) ... (picked from /opt/synopsys/spyglass/P-2019.06-SP1-1/SPYGLASS_HOME/policies/Audits)
Loading area (SpyGlass_vP-2019.06-SP1-01) ... (picked from /opt/synopsys/spyglass/P-2019.06-SP1-1/SPYGLASS_HOME/policies/area)
Loading miscellaneous (SpyGlass_vP-2019.06-SP1-01) ... (picked from /opt/synopsys/spyglass/P-2019.06-SP1-1/SPYGLASS_HOME/policies/miscellaneous)
Loading starcad-21 (SpyGlass_vP-2019.06-SP1-01) ... (picked from /opt/synopsys/spyglass/P-2019.06-SP1-1/SPYGLASS_HOME/policies/starcad-21)
Loading txv (SpyGlass_vP-2019.06-SP1-01) ... (picked from /opt/synopsys/spyglass/P-2019.06-SP1-1/SPYGLASS_HOME/policies/txv)

TXV_INFO Parameter txv_extract_domain will be renamed to txv_domain_mode in future!

Loading power_est (SpyGlass_vL-2016.06) ... (picked from /opt/synopsys/spyglass/P-2019.06-SP1-1/SPYGLASS_HOME/policies/power_est)
Loading lowpower (5.6.1) ... (picked from /opt/synopsys/spyglass/P-2019.06-SP1-1/SPYGLASS_HOME/policies/lowpower)
Loading dft_dsm (SpyGlass_vP-2019.06-SP1-01) ... (picked from /opt/synopsys/spyglass/P-2019.06-SP1-1/SPYGLASS_HOME/policies/dft_dsm)
Loading dft (SpyGlass_vP-2019.06-SP1-01) ... (picked from /opt/synopsys/spyglass/P-2019.06-SP1-1/SPYGLASS_HOME/policies/dft)
Loading constraints (SpyGlass_vP-2019.06-SP1-01) ... (picked from /opt/synopsys/spyglass/P-2019.06-SP1-1/SPYGLASS_HOME/policies/constraints)
Loading const_intern1 (SpyGlass_vP-2019.06-SP1-01) ... (picked from /opt/synopsys/spyglass/P-2019.06-SP1-1/SPYGLASS_HOME/policies/constraints)
Loading clock-reset (SpyGlass_vP-2019.06-SP1-01) ... (picked from /opt/synopsys/spyglass/P-2019.06-SP1-1/SPYGLASS_HOME/policies/clock)

Note: The rule Reset_check05 will be deprecated in the future release starting April 2018.

INFO [76]    Using './spyglass-1/WORK/64' as the Work Directory for 64bit precompiled dump.
Checking Rule SGDC_power_est29 (Rule 1 of total 304) .... done (Time = 0.00s, Memory = 0.0K)
Checking Rule PECHECK04 (Rule 2 of total 304) .... done (Time = 0.01s, Memory = 8.0K)
Checking Rule PECHECK18 (Rule 3 of total 304) .... done (Time = 0.00s, Memory = 0.0K)
Checking Rule PEMVDD01 (Rule 4 of total 304) .... done (Time = 0.00s, Memory = 0.0K)
Checking Rule PrecompileLibCheck01 (Rule 5 of total 304) .... done (Time = 0.00s, Memory = 0.0K)
Checking Rule PrecompileLibCheck02 (Rule 6 of total 304) .... done (Time = 0.00s, Memory = 0.0K)
Checking Rule PrecompileLibCheck03 (Rule 7 of total 304) .... done (Time = 0.00s, Memory = 0.0K)
Checking Rule PrecompileLibCheck04 (Rule 8 of total 304) .... done (Time = 0.00s, Memory = 0.0K)
Checking Rule AbstractInterface (Rule 9 of total 304) .... done (Time = 0.00s, Memory = -32.0K)
Checking Rule SGDC_assume_path01 (Rule 10 of total 304) .... done (Time = 0.00s, Memory = 0.0K)
Checking Rule SGDC_sdcschema02 (Rule 11 of total 304) .... done (Time = 0.00s, Memory = 32.0K)
Checking Rule SGDC_clock05 (Rule 12 of total 304) .... done (Time = 0.00s, Memory = 0.0K)
Checking Rule SGDC_clock09 (Rule 13 of total 304) .... done (Time = 0.00s, Memory = 0.0K)
Checking Rule SGDC_force_ta05 (Rule 14 of total 304) .... done (Time = 0.00s, Memory = 0.0K)
Checking Rule SGDC_require_path03 (Rule 15 of total 304) .... done (Time = 0.00s, Memory = 0.0K)
Checking Rule SGDC_require_value03 (Rule 16 of total 304) .... done (Time = 0.00s, Memory = 0.0K)
Checking Rule SGDC_voltagedomain05 (Rule 17 of total 304) .... done (Time = 0.00s, Memory = 8.0K)
Checking Rule SGDC_voltagedomain06 (Rule 18 of total 304) .... done (Time = 0.00s, Memory = 0.0K)
Checking Rule SGDC_voltagedomain07 (Rule 19 of total 304) .... done (Time = 0.00s, Memory = 8.0K)
Checking Rule SGDC_powerdomainoutputs02 (Rule 20 of total 304) .... done (Time = 0.00s, Memory = 8.0K)
Checking Rule SGDC_supply01 (Rule 21 of total 304) .... done (Time = 0.00s, Memory = 0.0K)
Checking Rule SGDC_waive01 (Rule 22 of total 304) .... done (Time = 0.00s, Memory = 0.0K)
Checking Rule SGDC_waive02 (Rule 23 of total 304) .... done (Time = 0.00s, Memory = 0.0K)
Checking Rule SGDC_waive03 (Rule 24 of total 304) .... done (Time = 0.00s, Memory = 0.0K)
Checking Rule SGDC_waive04 (Rule 25 of total 304) .... done (Time = 0.00s, Memory = 0.0K)
Checking Rule SGDC_waive05 (Rule 26 of total 304) .... done (Time = 0.00s, Memory = 0.0K)
Checking Rule SGDC_waive06 (Rule 27 of total 304) .... done (Time = 0.00s, Memory = 0.0K)
Checking Rule SGDC_waive07 (Rule 28 of total 304) .... done (Time = 0.00s, Memory = 0.0K)
Checking Rule SGDC_waive08 (Rule 29 of total 304) .... done (Time = 0.00s, Memory = 8.0K)
Checking Rule SGDC_waive09 (Rule 30 of total 304) .... done (Time = 0.00s, Memory = 0.0K)
Checking Rule SGDC_waive10 (Rule 31 of total 304) .... done (Time = 0.00s, Memory = 0.0K)
Checking Rule SGDC_waive11 (Rule 32 of total 304) .... done (Time = 0.00s, Memory = 0.0K)
Checking Rule SGDC_waive12 (Rule 33 of total 304) .... done (Time = 0.00s, Memory = 8.0K)
Checking Rule SGDC_waive13 (Rule 34 of total 304) .... done (Time = 0.00s, Memory = -24.0K)
Checking Rule SGDC_waive21 (Rule 35 of total 304) .... done (Time = 0.00s, Memory = 0.0K)
Checking Rule SGDC_waive22 (Rule 36 of total 304) .... done (Time = 0.00s, Memory = 0.0K)
Checking Rule SGDC_waive30 (Rule 37 of total 304) .... done (Time = 0.00s, Memory = 8.0K)
Checking Rule SGDC_waive32 (Rule 38 of total 304) .... done (Time = 0.00s, Memory = 0.0K)
Checking Rule SGDC_waive33 (Rule 39 of total 304) .... done (Time = 0.00s, Memory = 0.0K)
Checking Rule SGDC_waive36 (Rule 40 of total 304) .... done (Time = 0.00s, Memory = 0.0K)
Checking Rule SGDC_waive38 (Rule 41 of total 304) .... done (Time = 0.00s, Memory = -32.0K)
Checking Rule SGDC_fifo01 (Rule 42 of total 304) .... done (Time = 0.00s, Memory = 0.0K)
Checking Rule SGDC_libgroup01 (Rule 43 of total 304) .... done (Time = 0.00s, Memory = 0.0K)
Checking Rule SGDC_libgroup02 (Rule 44 of total 304) .... done (Time = 0.00s, Memory = 32.0K)
Checking Rule SGDC_libgroup04 (Rule 45 of total 304) .... done (Time = 0.00s, Memory = 0.0K)
Checking Rule SGDC_power_data01 (Rule 46 of total 304) .... done (Time = 0.00s, Memory = 8.0K)
Checking Rule SGDC_ungroup01 (Rule 47 of total 304) .... done (Time = 0.00s, Memory = 0.0K)
Checking Rule SGDC_abstract_port06 (Rule 48 of total 304) .... done (Time = 0.00s, Memory = 16.0K)
Checking Rule SGDC_abstract_port14 (Rule 49 of total 304) .... done (Time = 0.00s, Memory = 0.0K)
Checking Rule SGDC_abstract_port15 (Rule 50 of total 304) .... done (Time = 0.00s, Memory = -8.0K)
Checking Rule SGDC_abstract_port18 (Rule 51 of total 304) .... done (Time = 0.00s, Memory = 0.0K)
Checking Rule sdc_init_rule (Rule 52 of total 304) .... done (Time = 0.00s, Memory = 0.0K)
Checking Rule CMD_ignorelibs01 (Rule 53 of total 304) .... done (Time = 0.00s, Memory = 0.0K)
Checking Rule ReportRuleNotRun (Rule 54 of total 304) .... done (Time = 0.01s, Memory = 16.0K)
Checking Rule STARC05-2.3.1.2c (Rule 55 of total 304) .... done (Time = 0.00s, Memory = 0.0K)
Checking Rule W442a (Rule 56 of total 304) .... done (Time = 0.00s, Memory = 0.0K)
Checking Rule W442b (Rule 57 of total 304) .... done (Time = 0.00s, Memory = 0.0K)
Checking Rule W442c (Rule 58 of total 304) .... done (Time = 0.00s, Memory = 0.0K)
Checking Rule W442f (Rule 59 of total 304) .... done (Time = 0.00s, Memory = 0.0K)
Checking Rule mixedsenselist (Rule 60 of total 304) .... done (Time = 0.00s, Memory = 0.0K)
Checking Rule badimplicitSM1 (Rule 61 of total 304) .... done (Time = 0.00s, Memory = 0.0K)
Checking Rule badimplicitSM2 (Rule 62 of total 304) .... done (Time = 0.00s, Memory = 0.0K)
Checking Rule badimplicitSM4 (Rule 63 of total 304) .... done (Time = 0.00s, Memory = 0.0K)
Checking Rule bothedges (Rule 64 of total 304) .... done (Time = 0.00s, Memory = 0.0K)
Checking Rule BlockHeader (Rule 65 of total 304) .... done (Time = 0.00s, Memory = 0.0K)
Checking Rule W421 (Rule 66 of total 304) .... done (Time = 0.00s, Memory = 0.0K)
Checking Rule STARC05-2.1.6.5 (Rule 67 of total 304) .... done (Time = 0.00s, Memory = 0.0K)
Checking Rule ReportStopSummary (Rule 68 of total 304) .... done (Time = 0.00s, Memory = 0.0K)
Checking Rule ReportIgnoreSummary (Rule 69 of total 304) .... done (Time = 0.00s, Memory = -24.0K)
 Analyzing source file "verilog/core.v" ....
 Analyzing source file "verilog/fifo_depth16.v" ....
 Analyzing source file "verilog/fifo_mux_2_1.v" ....
 Analyzing source file "verilog/fifo_mux_8_1.v" ....
 Analyzing source file "verilog/fifo_mux_16_1.v" ....
 Analyzing source file "verilog/fullchip.v" ....
 Analyzing source file "verilog/fullchip_tb.v" ....
 Analyzing source file "verilog/mac_8in.v" ....
 Analyzing source file "verilog/sram_w16.v" ....
 Analyzing source file "verilog/mac_array.v" ....
 Analyzing source file "verilog/mac_col.v" ....
 Analyzing source file "verilog/ofifo.v" ....
***Syntax Errors detected - RULE CHECKING ABORTED***
Checking Rule ReportCheckDataSummary (Rule 70 of total 304) .... done (Time = 0.00s, Memory = 0.0K)

SpyGlass Rule Checking ABORTED.

Generating data for Console...

Generating moresimple report from './spyglass-1/lint/lint_rtl/spyglass.vdb' to './spyglass-1/lint/lint_rtl/spyglass_reports/moresimple.rpt' ....

Generating runsummary report from './spyglass-1/lint/lint_rtl/spyglass.vdb' ....

Generating no_msg_reporting_rules report from './spyglass-1/lint/lint_rtl/spyglass.vdb' to './spyglass-1/lint/lint_rtl/spyglass_reports/no_msg_reporting_rules.rpt' ....

Policy specific data (reports) are present in the directory './spyglass-1/lint/lint_rtl/spyglass_reports'.

SpyGlass critical reports for the current run are present in directory './spyglass-1/consolidated_reports/lint_lint_rtl/'.

---------------------------------------------------------------------------------------------
Results Summary:
---------------------------------------------------------------------------------------------
   Goal Run           :      lint/lint_rtl
** Design Read        :      1 fatal,      0 error,       16 warnings,     0 information message 
   -------------------------------------------------------------------------------------
** Total              :      1 fatal,      0 error,       16 warnings,     0 information message 

  Total Number of Generated Messages     :        17 (1 fatal, 0 error, 16 warnings, 0 Info)
  Number of Reported Messages            :        17 (1 fatal, 0 error, 16 warnings, 0 Info)

  NOTE: It is recommended to first fix/reconcile fatals/errors reported on
        lines starting with ** as subsequent issues might be related to it.
        Please re-run SpyGlass once ** prefixed lines are fatal/error clean.

---------------------------------------------------------------------------------------------

Following FATAL message(s) generated in current run -

Rule         Severity   File              Line   Message
-------------------------------------------------------------------------
STX_VE_479   Syntax     verilog/ofifo.v   27     Syntax error near ( i ). Please use 'set_option enableSV yes' to support SystemVerilog construct ( int )
run_goal: info: updating spyglass.log with goal summary
---------------------------------------------------------------------------------------------------
Results Summary:
---------------------------------------------------------------------------------------------------
   Goal Run           :      lint/lint_rtl
   Top Module         :      
---------------------------------------------------------------------------------------------------
   Reports Directory: 
   /home/caden99/Documents/projects/vector_processor/1D_Vector_Processor/spyglass-1/consolidated_reports/lint_lint_rtl/ 

   SpyGlass LogFile: 
    /home/caden99/Documents/projects/vector_processor/1D_Vector_Processor/spyglass-1/lint/lint_rtl/spyglass.log 

   Standard Reports: 
     moresimple.rpt          no_msg_reporting_rules.rpt       

   HTML report:
    /home/caden99/Documents/projects/vector_processor/1D_Vector_Processor/spyglass-1/html_reports/goals_summary.html
  

   Technology Reports:  
     <Not Available>
   
   
---------------------------------------------------------------------------------------------------
   Goal Violation Summary:
       Waived   Messages:                      0 Errors,      0 Warnings,      0 Infos
       Reported Messages:         1 Fatals,    0 Errors,     16 Warnings,      0 Infos
---------------------------------------------------------------------------------------------------
   
---------------------------------------------------------------------------------------------------
 
run_goal: info: spyglass.log successfully updated with goal summary
6 {Rule-checking terminated due to FATAL errors - design syntax error}
INFO:    SpyGlass will run goal(s) 'lint/lint_rtl'.


RULE-CHECKING IN MIXED MODE
Loading spyglass (SpyGlass_vP-2019.06-SP1-01) ... (picked from /opt/synopsys/spyglass/P-2019.06-SP1-1/SPYGLASS_HOME/policies/spyglass)
Loading openmore (SpyGlass_vP-2019.06-SP1-01) ... (picked from /opt/synopsys/spyglass/P-2019.06-SP1-1/SPYGLASS_HOME/policies/openmore)
Loading starc (SpyGlass_vP-2019.06-SP1-01) ... (picked from /opt/synopsys/spyglass/P-2019.06-SP1-1/SPYGLASS_HOME/policies/starc)
Loading starc2005 (SpyGlass_vP-2019.06-SP1-01) ... (picked from /opt/synopsys/spyglass/P-2019.06-SP1-1/SPYGLASS_HOME/policies/starc2005)
Loading erc (SpyGlass_vP-2019.06-SP1-01) ... (picked from /opt/synopsys/spyglass/P-2019.06-SP1-1/SPYGLASS_HOME/policies/erc)
Loading simulation (SpyGlass_vP-2019.06-SP1-01) ... (picked from /opt/synopsys/spyglass/P-2019.06-SP1-1/SPYGLASS_HOME/policies/simulation)
Loading lint (SpyGlass_vP-2019.06-SP1-01) ... (picked from /opt/synopsys/spyglass/P-2019.06-SP1-1/SPYGLASS_HOME/policies/lint)
Loading latch (SpyGlass_vP-2019.06-SP1-01) ... (picked from /opt/synopsys/spyglass/P-2019.06-SP1-1/SPYGLASS_HOME/policies/latch)
Loading morelint (SpyGlass_vP-2019.06-SP1-01) ... (picked from /opt/synopsys/spyglass/P-2019.06-SP1-1/SPYGLASS_HOME/policies/morelint)
Loading timing (SpyGlass_vP-2019.06-SP1-01) ... (picked from /opt/synopsys/spyglass/P-2019.06-SP1-1/SPYGLASS_HOME/policies/timing)
Loading starc2002 (SpyGlass_vP-2019.06-SP1-01) ... (picked from /opt/synopsys/spyglass/P-2019.06-SP1-1/SPYGLASS_HOME/policies/starc2002)
Loading Audits (SpyGlass_vP-2019.06-SP1-01) ... (picked from /opt/synopsys/spyglass/P-2019.06-SP1-1/SPYGLASS_HOME/policies/Audits)
Loading area (SpyGlass_vP-2019.06-SP1-01) ... (picked from /opt/synopsys/spyglass/P-2019.06-SP1-1/SPYGLASS_HOME/policies/area)
Loading miscellaneous (SpyGlass_vP-2019.06-SP1-01) ... (picked from /opt/synopsys/spyglass/P-2019.06-SP1-1/SPYGLASS_HOME/policies/miscellaneous)
Loading starcad-21 (SpyGlass_vP-2019.06-SP1-01) ... (picked from /opt/synopsys/spyglass/P-2019.06-SP1-1/SPYGLASS_HOME/policies/starcad-21)
Loading txv (SpyGlass_vP-2019.06-SP1-01) ... (picked from /opt/synopsys/spyglass/P-2019.06-SP1-1/SPYGLASS_HOME/policies/txv)

TXV_INFO Parameter txv_extract_domain will be renamed to txv_domain_mode in future!

Loading power_est (SpyGlass_vL-2016.06) ... (picked from /opt/synopsys/spyglass/P-2019.06-SP1-1/SPYGLASS_HOME/policies/power_est)
Loading lowpower (5.6.1) ... (picked from /opt/synopsys/spyglass/P-2019.06-SP1-1/SPYGLASS_HOME/policies/lowpower)
Loading dft_dsm (SpyGlass_vP-2019.06-SP1-01) ... (picked from /opt/synopsys/spyglass/P-2019.06-SP1-1/SPYGLASS_HOME/policies/dft_dsm)
Loading dft (SpyGlass_vP-2019.06-SP1-01) ... (picked from /opt/synopsys/spyglass/P-2019.06-SP1-1/SPYGLASS_HOME/policies/dft)
Loading constraints (SpyGlass_vP-2019.06-SP1-01) ... (picked from /opt/synopsys/spyglass/P-2019.06-SP1-1/SPYGLASS_HOME/policies/constraints)
Loading const_intern1 (SpyGlass_vP-2019.06-SP1-01) ... (picked from /opt/synopsys/spyglass/P-2019.06-SP1-1/SPYGLASS_HOME/policies/constraints)
Loading clock-reset (SpyGlass_vP-2019.06-SP1-01) ... (picked from /opt/synopsys/spyglass/P-2019.06-SP1-1/SPYGLASS_HOME/policies/clock)

Note: The rule Reset_check05 will be deprecated in the future release starting April 2018.

INFO [76]    Using './spyglass-1/WORK/64' as the Work Directory for 64bit precompiled dump.
Checking Rule SGDC_power_est29 (Rule 1 of total 304) .... done (Time = 0.01s, Memory = -32.0K)
Checking Rule PECHECK04 (Rule 2 of total 304) .... done (Time = 0.00s, Memory = 296.0K)
Checking Rule PECHECK18 (Rule 3 of total 304) .... done (Time = 0.00s, Memory = 0.0K)
Checking Rule PEMVDD01 (Rule 4 of total 304) .... done (Time = 0.00s, Memory = -24.0K)
Checking Rule PrecompileLibCheck01 (Rule 5 of total 304) .... done (Time = 0.00s, Memory = 0.0K)
Checking Rule PrecompileLibCheck02 (Rule 6 of total 304) .... done (Time = 0.00s, Memory = 0.0K)
Checking Rule PrecompileLibCheck03 (Rule 7 of total 304) .... done (Time = 0.00s, Memory = 0.0K)
Checking Rule PrecompileLibCheck04 (Rule 8 of total 304) .... done (Time = 0.00s, Memory = 0.0K)
Checking Rule AbstractInterface (Rule 9 of total 304) .... done (Time = 0.00s, Memory = 0.0K)
Checking Rule SGDC_assume_path01 (Rule 10 of total 304) .... done (Time = 0.00s, Memory = 0.0K)
Checking Rule SGDC_sdcschema02 (Rule 11 of total 304) .... done (Time = 0.00s, Memory = 32.0K)
Checking Rule SGDC_clock05 (Rule 12 of total 304) .... done (Time = 0.00s, Memory = 8.0K)
Checking Rule SGDC_clock09 (Rule 13 of total 304) .... done (Time = 0.00s, Memory = 0.0K)
Checking Rule SGDC_force_ta05 (Rule 14 of total 304) .... done (Time = 0.00s, Memory = 0.0K)
Checking Rule SGDC_require_path03 (Rule 15 of total 304) .... done (Time = 0.00s, Memory = 0.0K)
Checking Rule SGDC_require_value03 (Rule 16 of total 304) .... done (Time = 0.00s, Memory = 0.0K)
Checking Rule SGDC_voltagedomain05 (Rule 17 of total 304) .... done (Time = 0.00s, Memory = 8.0K)
Checking Rule SGDC_voltagedomain06 (Rule 18 of total 304) .... done (Time = 0.00s, Memory = 0.0K)
Checking Rule SGDC_voltagedomain07 (Rule 19 of total 304) .... done (Time = 0.00s, Memory = 8.0K)
Checking Rule SGDC_powerdomainoutputs02 (Rule 20 of total 304) .... done (Time = 0.00s, Memory = 8.0K)
Checking Rule SGDC_supply01 (Rule 21 of total 304) .... done (Time = 0.00s, Memory = 0.0K)
Checking Rule SGDC_waive01 (Rule 22 of total 304) .... done (Time = 0.00s, Memory = 0.0K)
Checking Rule SGDC_waive02 (Rule 23 of total 304) .... done (Time = 0.00s, Memory = 0.0K)
Checking Rule SGDC_waive03 (Rule 24 of total 304) .... done (Time = 0.00s, Memory = 0.0K)
Checking Rule SGDC_waive04 (Rule 25 of total 304) .... done (Time = 0.00s, Memory = 24.0K)
Checking Rule SGDC_waive05 (Rule 26 of total 304) .... done (Time = 0.00s, Memory = 0.0K)
Checking Rule SGDC_waive06 (Rule 27 of total 304) .... done (Time = 0.00s, Memory = 0.0K)
Checking Rule SGDC_waive07 (Rule 28 of total 304) .... done (Time = 0.00s, Memory = -24.0K)
Checking Rule SGDC_waive08 (Rule 29 of total 304) .... done (Time = 0.00s, Memory = 0.0K)
Checking Rule SGDC_waive09 (Rule 30 of total 304) .... done (Time = 0.00s, Memory = 0.0K)
Checking Rule SGDC_waive10 (Rule 31 of total 304) .... done (Time = 0.00s, Memory = 0.0K)
Checking Rule SGDC_waive11 (Rule 32 of total 304) .... done (Time = 0.00s, Memory = 0.0K)
Checking Rule SGDC_waive12 (Rule 33 of total 304) .... done (Time = 0.00s, Memory = 0.0K)
Checking Rule SGDC_waive13 (Rule 34 of total 304) .... done (Time = 0.00s, Memory = 0.0K)
Checking Rule SGDC_waive21 (Rule 35 of total 304) .... done (Time = 0.00s, Memory = 0.0K)
Checking Rule SGDC_waive22 (Rule 36 of total 304) .... done (Time = 0.00s, Memory = 0.0K)
Checking Rule SGDC_waive30 (Rule 37 of total 304) .... done (Time = 0.00s, Memory = 0.0K)
Checking Rule SGDC_waive32 (Rule 38 of total 304) .... done (Time = 0.00s, Memory = 0.0K)
Checking Rule SGDC_waive33 (Rule 39 of total 304) .... done (Time = 0.00s, Memory = 0.0K)
Checking Rule SGDC_waive36 (Rule 40 of total 304) .... done (Time = 0.00s, Memory = 0.0K)
Checking Rule SGDC_waive38 (Rule 41 of total 304) .... done (Time = 0.00s, Memory = 0.0K)
Checking Rule SGDC_fifo01 (Rule 42 of total 304) .... done (Time = 0.00s, Memory = 0.0K)
Checking Rule SGDC_libgroup01 (Rule 43 of total 304) .... done (Time = 0.01s, Memory = 0.0K)
Checking Rule SGDC_libgroup02 (Rule 44 of total 304) .... done (Time = 0.00s, Memory = 0.0K)
Checking Rule SGDC_libgroup04 (Rule 45 of total 304) .... done (Time = 0.00s, Memory = 0.0K)
Checking Rule SGDC_power_data01 (Rule 46 of total 304) .... done (Time = 0.00s, Memory = 8.0K)
Checking Rule SGDC_ungroup01 (Rule 47 of total 304) .... done (Time = 0.00s, Memory = 0.0K)
Checking Rule SGDC_abstract_port06 (Rule 48 of total 304) .... done (Time = 0.00s, Memory = 16.0K)
Checking Rule SGDC_abstract_port14 (Rule 49 of total 304) .... done (Time = 0.00s, Memory = 0.0K)
Checking Rule SGDC_abstract_port15 (Rule 50 of total 304) .... done (Time = 0.00s, Memory = 0.0K)
Checking Rule SGDC_abstract_port18 (Rule 51 of total 304) .... done (Time = 0.00s, Memory = 0.0K)
Checking Rule sdc_init_rule (Rule 52 of total 304) .... done (Time = 0.00s, Memory = 0.0K)
Checking Rule CMD_ignorelibs01 (Rule 53 of total 304) .... done (Time = 0.00s, Memory = 0.0K)
Checking Rule ReportRuleNotRun (Rule 54 of total 304) .... done (Time = 0.01s, Memory = 16.0K)
Checking Rule STARC05-2.3.1.2c (Rule 55 of total 304) .... done (Time = 0.00s, Memory = 0.0K)
Checking Rule W442a (Rule 56 of total 304) .... done (Time = 0.00s, Memory = 0.0K)
Checking Rule W442b (Rule 57 of total 304) .... done (Time = 0.00s, Memory = 0.0K)
Checking Rule W442c (Rule 58 of total 304) .... done (Time = 0.00s, Memory = 0.0K)
Checking Rule W442f (Rule 59 of total 304) .... done (Time = 0.00s, Memory = 0.0K)
Checking Rule mixedsenselist (Rule 60 of total 304) .... done (Time = 0.00s, Memory = 0.0K)
Checking Rule badimplicitSM1 (Rule 61 of total 304) .... done (Time = 0.00s, Memory = 0.0K)
Checking Rule badimplicitSM2 (Rule 62 of total 304) .... done (Time = 0.00s, Memory = 0.0K)
Checking Rule badimplicitSM4 (Rule 63 of total 304) .... done (Time = 0.00s, Memory = 0.0K)
Checking Rule bothedges (Rule 64 of total 304) .... done (Time = 0.00s, Memory = 0.0K)
Checking Rule BlockHeader (Rule 65 of total 304) .... done (Time = 0.00s, Memory = 0.0K)
Checking Rule W421 (Rule 66 of total 304) .... done (Time = 0.00s, Memory = 32.0K)
Checking Rule STARC05-2.1.6.5 (Rule 67 of total 304) .... done (Time = 0.00s, Memory = 0.0K)
Checking Rule ReportStopSummary (Rule 68 of total 304) .... done (Time = 0.00s, Memory = 24.0K)
Checking Rule ReportIgnoreSummary (Rule 69 of total 304) .... done (Time = 0.00s, Memory = 0.0K)
 Analyzing source file "verilog/core.v" ....
 Analyzing source file "verilog/fifo_depth16.v" ....
 Analyzing source file "verilog/fifo_mux_2_1.v" ....
 Analyzing source file "verilog/fifo_mux_8_1.v" ....
 Analyzing source file "verilog/fifo_mux_16_1.v" ....
 Analyzing source file "verilog/fullchip.v" ....
 Analyzing source file "verilog/fullchip_tb.v" ....
 Analyzing source file "verilog/mac_8in.v" ....
 Analyzing source file "verilog/sram_w16.v" ....
 Analyzing source file "verilog/mac_array.v" ....
 Analyzing source file "verilog/mac_col.v" ....
 Analyzing source file "verilog/ofifo.v" ....
 Elaborating Top Verilog Design Unit 'fullchip_tb' .....
 done
Checking Rule ElabSummary (Rule 70 of total 304) .... done (Time = 0.00s, Memory = 0.0K)
Checking Rule ReportCheckDataSummary (Rule 71 of total 304) .... done (Time = 0.00s, Memory = 0.0K)
 Reading waiver file "./spyglass-1/lint/lint_rtl/spyglass_spysch/constraint/spg_autogenerated_waivers.sgdc" ...
 Generating SGDC file "./spyglass-1/lint/lint_rtl/spyglass_spysch/constraint/pragma2Constraint.sgdc" from pragmas in HDL source files ....
 Generating WAIVER file "./spyglass-1/lint/lint_rtl/spyglass_spysch/waiver/pragma2Waiver.swl" from pragmas in HDL source files ....
Checking Rule DetectTopDesignUnits (Rule 72 of total 304)
 Detected 1 top level design units:
     fullchip_tb
 .... done (Time = 0.00s, Memory = 0.0K)
Performing semantic checks on SGDC contents
Checking Rule SGDC_testmode03 (Rule 73 of total 304) .... done (Time = 0.00s, Memory = 0.0K)
Checking Rule PECHECK09 (Rule 74 of total 304) .... done (Time = 0.00s, Memory = 0.0K)
Checking Rule Ac_multitop01 (Rule 75 of total 304) .... done (Time = 0.00s, Memory = 0.0K)
Checking Rule ReportObsoletePragmas (Rule 76 of total 304) .... done (Time = 0.00s, Memory = 0.0K)
Checking Rule ReportCksum (Rule 77 of total 304) .... done (Time = 0.00s, Memory = 0.0K)
Checking Rule checkSGDC_01 (Rule 78 of total 304) .... done (Time = 0.00s, Memory = 0.0K)
Checking Rule checkSGDC_03 (Rule 79 of total 304) .... done (Time = 0.00s, Memory = 0.0K)
Checking Rule checkSGDC_08 (Rule 80 of total 304) .... done (Time = 0.00s, Memory = 0.0K)
Checking Rule GenerateConfMap (Rule 81 of total 304) .... done (Time = 0.00s, Memory = 0.0K)
Checking Rule SGDC_memorywritepin04 (Rule 82 of total 304) .... done (Time = 0.00s, Memory = 8.0K)
Checking Rule SGDC_reset02 (Rule 83 of total 304) .... done (Time = 0.00s, Memory = 8.0K)
Checking Rule SGDC_reset03 (Rule 84 of total 304) .... done (Time = 0.00s, Memory = 0.0K)
Checking Rule SGDC_libgroup03 (Rule 85 of total 304) .... done (Time = 0.00s, Memory = 8.0K)
Checking Rule SGDC_ungroup02 (Rule 86 of total 304) .... done (Time = 0.00s, Memory = 0.0K)
Checking Rule HdlLibDuCheck (Rule 87 of total 304) .... done (Time = 0.00s, Memory = 8.0K)
Checking Rule RtlDesignInfo (Rule 88 of total 304) .... done (Time = 0.00s, Memory = -8.0K)
Checking Rule W339a (Rule 89 of total 304) .... done (Time = 0.00s, Memory = -8.0K)
Checking Rule W416 (Rule 90 of total 304) .... done (Time = 0.00s, Memory = 0.0K)
Checking Rule mixedsenselist (Rule 91 of total 304) .... done (Time = 0.00s, Memory = 0.0K)
Checking Rule W110a (Rule 92 of total 304) .... done (Time = 0.00s, Memory = 0.0K)
Checking Rule Pragma_setupa (Rule 93 of total 304) .... done (Time = 0.00s, Memory = 0.0K)
Checking Rule _deltaDelay (Rule 94 of total 304) .... done (Time = 0.00s, Memory = 0.0K)
Checking Rule _deltaDelay (Rule 95 of total 304) .... done (Time = 0.00s, Memory = 0.0K)
Checking Rule preReq_ConsCase2 (Rule 96 of total 304) .... done (Time = 0.00s, Memory = 0.0K)
Checking Rule preReq_3.5.6.4 (Rule 97 of total 304) .... done (Time = 0.00s, Memory = 0.0K)
Checking Rule preReq_ConsCase (Rule 98 of total 304) .... done (Time = 0.00s, Memory = 0.0K)
Checking Rule STARC05-AlwaysParamSetup (Rule 99 of total 304) .... done (Time = 0.00s, Memory = 0.0K)
Checking Rule STARC05-ProcessParamSetup (Rule 100 of total 304) .... done (Time = 0.00s, Memory = 0.0K)
Checking Rule preReq_W351 (Rule 101 of total 304) .... done (Time = 0.00s, Memory = 0.0K)
Checking Rule Latch_VePreReqRule (Rule 102 of total 304) .... done (Time = 0.00s, Memory = 0.0K)
Checking Rule preReq_FindStringInComment-ML (Rule 103 of total 304) .... done (Time = 0.00s, Memory = 0.0K)
Checking Rule CheckCelldefine (Rule 104 of total 304) .... done (Time = 0.00s, Memory = -8.0K)
Checking Rule SGDC_waive23 (Rule 105 of total 304) .... done (Time = 0.00s, Memory = 0.0K)
Checking Rule SGDC_waive26 (Rule 106 of total 304) .... done (Time = 0.00s, Memory = 0.0K)
Checking Rule SGDC_waive27 (Rule 107 of total 304) .... done (Time = 0.00s, Memory = 0.0K)
Checking Rule SGDC_waive29 (Rule 108 of total 304) .... done (Time = 0.00s, Memory = 0.0K)
Checking Rule Prereqs_RegOutputs (Rule 109 of total 304) .... done (Time = 0.00s, Memory = 0.0K)
Checking Rule STARC05-2.1.4.5 (Rule 110 of total 304) .... done (Time = 0.01s, Memory = 0.0K)
Checking Rule STARC05-2.3.1.5b (Rule 111 of total 304) .... done (Time = 0.00s, Memory = 0.0K)
Checking Rule STARC05-2.3.3.1 (Rule 112 of total 304) .... done (Time = 0.00s, Memory = 8.0K)
Checking Rule STARC05-2.3.3.1 (Rule 113 of total 304) .... done (Time = 0.00s, Memory = 0.0K)
Checking Rule STARC05-2.11.3.1 (Rule 114 of total 304) .... done (Time = 0.00s, Memory = 0.0K)
Checking Rule Prereqs_STARC05-1.6.2.1 (Rule 115 of total 304) .... done (Time = 0.00s, Memory = 0.0K)
Checking Rule Prereqs_STARC-1.6.2.1 (Rule 116 of total 304) .... done (Time = 0.00s, Memory = 0.0K)
Checking Rule Prereqs_sim_race11 (Rule 117 of total 304) .... done (Time = 0.00s, Memory = 0.0K)
Checking Rule W496b (Rule 118 of total 304) .... done (Time = 0.00s, Memory = 0.0K)
Checking Rule W317 (Rule 119 of total 304) .... done (Time = 0.00s, Memory = -32.0K)
Checking Rule W422 (Rule 120 of total 304) .... done (Time = 0.00s, Memory = 0.0K)
Checking Rule W426 (Rule 121 of total 304) .... done (Time = 0.00s, Memory = 0.0K)
Checking Rule W480 (Rule 122 of total 304) .... done (Time = 0.00s, Memory = 0.0K)
Checking Rule W481a (Rule 123 of total 304) .... done (Time = 0.00s, Memory = 0.0K)
Checking Rule W481b (Rule 124 of total 304) .... done (Time = 0.00s, Memory = 0.0K)
Checking Rule W422 (Rule 125 of total 304) .... done (Time = 0.00s, Memory = 0.0K)
Checking Rule W292 (Rule 126 of total 304) .... done (Time = 0.00s, Memory = 0.0K)
Checking Rule W71 (Rule 127 of total 304) .... done (Time = 0.00s, Memory = 0.0K)
Checking Rule W287b (Rule 128 of total 304) .... done (Time = 0.00s, Memory = 0.0K)
Checking Rule W293 (Rule 129 of total 304) .... done (Time = 0.00s, Memory = 0.0K)
Checking Rule W398 (Rule 130 of total 304) .... done (Time = 0.00s, Memory = 0.0K)
Checking Rule W421 (Rule 131 of total 304) .... done (Time = 0.00s, Memory = 32.0K)
Checking Rule W424 (Rule 132 of total 304) .... done (Time = 0.00s, Memory = 0.0K)
Checking Rule W467 (Rule 133 of total 304) .... done (Time = 0.00s, Memory = 0.0K)
Checking Rule Prereqs_RegInputOutputs (Rule 134 of total 304) .... done (Time = 0.00s, Memory = 0.0K)
Checking Rule PragmaComments-ML (Rule 135 of total 304) .... done (Time = 0.00s, Memory = 8.0K)
Checking Rule PragmaComments-ML (Rule 136 of total 304) .... done (Time = 0.00s, Memory = 0.0K)
Checking Rule CheckDelayTimescale-ML (Rule 137 of total 304) .... done (Time = 0.00s, Memory = 0.0K)
Checking Rule Prereqs_CheckTimeUnitandPrecision-ML (Rule 138 of total 304) .... done (Time = 0.00s, Memory = 8.0K)
Checking Rule Prereqs_InclFileSetup-ML (Rule 139 of total 304) .... done (Time = 0.00s, Memory = 0.0K)
Checking ELABDU Rules for designUnit fullchip_tb
    Checking Rule Ac_classify_param01 (Rule 140 of total 304) .... done (Time = 0.00s, Memory = 0.0K)
    Checking Rule AcOvlRtl (Rule 141 of total 304) .... done (Time = 0.00s, Memory = 0.0K)
    Checking Rule AcOvlRtl (Rule 142 of total 304) .... done (Time = 0.00s, Memory = 32.0K)
    Checking Rule Prereqs_STARC-2.3.6.1 (Rule 143 of total 304) .... done (Time = 0.01s, Memory = 0.0K)
    Checking Rule GenTopLevelBlocksForAutoSoc (Rule 144 of total 304) .... done (Time = 0.00s, Memory = 24.0K)
    Checking Rule Prereqs_InferLatch (Rule 145 of total 304) .... done (Time = 0.00s, Memory = -24.0K)
    Checking Rule STARC05-2.1.5.3 (Rule 146 of total 304) .... done (Time = 0.00s, Memory = 0.0K)
    Checking Rule STARC05-2.2.3.3 (Rule 147 of total 304) .... done (Time = 0.00s, Memory = 0.0K)
    Checking Rule STARC05-2.3.1.6 (Rule 148 of total 304) .... done (Time = 0.00s, Memory = 0.0K)
    Checking Rule STARC05-2.10.2.3 (Rule 149 of total 304) .... done (Time = 0.00s, Memory = 0.0K)
    Checking Rule STARC05-2.10.3.2a (Rule 150 of total 304) .... done (Time = 0.00s, Memory = 0.0K)
    Checking Rule STARC05-2.11.3.1 (Rule 151 of total 304) .... done (Time = 0.00s, Memory = 0.0K)
    Checking Rule STARC05-2.1.3.1 (Rule 152 of total 304) .... done (Time = 0.00s, Memory = 0.0K)
    Checking Rule STARC05-2.10.1.4a (Rule 153 of total 304) .... done (Time = 0.00s, Memory = 0.0K)
    Checking Rule STARC05-2.10.1.4b (Rule 154 of total 304) .... done (Time = 0.00s, Memory = 32.0K)
    Checking Rule sim_race02 (Rule 155 of total 304) .... done (Time = 0.00s, Memory = -32.0K)
    Checking Rule W110 (Rule 156 of total 304) .... done (Time = 0.00s, Memory = 0.0K)
    Checking Rule W122 (Rule 157 of total 304) .... done (Time = 0.00s, Memory = 0.0K)
    Checking Rule W496a (Rule 158 of total 304) .... done (Time = 0.00s, Memory = 0.0K)
    Checking Rule W19 (Rule 159 of total 304) .... done (Time = 0.00s, Memory = 0.0K)
    Checking Rule W66 (Rule 160 of total 304) .... done (Time = 0.00s, Memory = 0.0K)
    Checking Rule W116 (Rule 161 of total 304) .... done (Time = 0.00s, Memory = 0.0K)
    Checking Rule W123 (Rule 162 of total 304) .... done (Time = 0.00s, Memory = 16.0K)
    Checking Rule W156 (Rule 163 of total 304) .... done (Time = 0.00s, Memory = 0.0K)
    Checking Rule W215 (Rule 164 of total 304) .... done (Time = 0.00s, Memory = 0.0K)
    Checking Rule W216 (Rule 165 of total 304) .... done (Time = 0.00s, Memory = 0.0K)
    Checking Rule W218 (Rule 166 of total 304) .... done (Time = 0.00s, Memory = 0.0K)
    Checking Rule W224 (Rule 167 of total 304) .... done (Time = 0.00s, Memory = 0.0K)
    Checking Rule W263 (Rule 168 of total 304) .... done (Time = 0.00s, Memory = 0.0K)
    Checking Rule W289 (Rule 169 of total 304) .... done (Time = 0.00s, Memory = 24.0K)
    Checking Rule W337 (Rule 170 of total 304) .... done (Time = 0.00s, Memory = 0.0K)
    Checking Rule W352 (Rule 171 of total 304) .... done (Time = 0.00s, Memory = 0.0K)
    Checking Rule W362 (Rule 172 of total 304) .... done (Time = 0.00s, Memory = 8.0K)
    Checking Rule W415a (Rule 173 of total 304) .... done (Time = 0.00s, Memory = 0.0K)
    Checking Rule W486 (Rule 174 of total 304) .... done (Time = 0.00s, Memory = 0.0K)
    Checking Rule W499 (Rule 175 of total 304) .... done (Time = 0.00s, Memory = 0.0K)
    Checking Rule W502 (Rule 176 of total 304) .... done (Time = 0.00s, Memory = 0.0K)
    Checking Rule W116 (Rule 177 of total 304) .... done (Time = 0.00s, Memory = 0.0K)
    Checking Rule W122 (Rule 178 of total 304) .... done (Time = 0.00s, Memory = 0.0K)
    Checking Rule W123 (Rule 179 of total 304) .... done (Time = 0.00s, Memory = 0.0K)
    Checking Rule W156 (Rule 180 of total 304) .... done (Time = 0.00s, Memory = 0.0K)
    Checking Rule W71 (Rule 181 of total 304) .... done (Time = 0.00s, Memory = 0.0K)
    Checking Rule W240 (Rule 182 of total 304) .... done (Time = 0.00s, Memory = 0.0K)
    Checking Rule W240 (Rule 183 of total 304) .... done (Time = 0.00s, Memory = 0.0K)
    Checking Rule W287a (Rule 184 of total 304) .... done (Time = 0.00s, Memory = 24.0K)
    Checking Rule W293 (Rule 185 of total 304) .... done (Time = 0.00s, Memory = 0.0K)
    Checking Rule W398 (Rule 186 of total 304) .... done (Time = 0.00s, Memory = 0.0K)
    Checking Rule W424 (Rule 187 of total 304) .... done (Time = 0.00s, Memory = 0.0K)
    Checking Rule W467 (Rule 188 of total 304) .... done (Time = 0.00s, Memory = 0.0K)
    Checking Rule W505 (Rule 189 of total 304) .... done (Time = 0.00s, Memory = 0.0K)
    Checking Rule W505 (Rule 190 of total 304) .... done (Time = 0.00s, Memory = 0.0K)
    Checking Rule W528 (Rule 191 of total 304) .... done (Time = 0.00s, Memory = 16.0K)
    Checking Rule W528 (Rule 192 of total 304) .... done (Time = 0.00s, Memory = 584.0K)
    Checking Rule Prereqs_Usage (Rule 193 of total 304) .... done (Time = 0.00s, Memory = -16.0K)
    Checking Rule Postreqs_CheckFuncTask (Rule 194 of total 304) .... done (Time = 0.00s, Memory = 0.0K)
    Checking Rule Prereqs_ConstantInput-ML (Rule 195 of total 304) .... done (Time = 0.00s, Memory = 0.0K)
    Checking Rule Prereqs_ConstantInput-ML (Rule 196 of total 304) .... done (Time = 0.00s, Memory = 32.0K)
    Checking Rule Prereqs_RptNegEdgeFF-ML (Rule 197 of total 304) .... done (Time = 0.00s, Memory = 0.0K)
    Checking Rule ReportPortInfo-ML (Rule 198 of total 304) .... done (Time = 0.00s, Memory = 0.0K)
    Checking Rule Prereqs_ReportPortInfo-ML (Rule 199 of total 304) .... done (Time = 0.00s, Memory = 0.0K)
    Checking Rule Prereqs_ReportPortInfo-ML (Rule 200 of total 304) .... done (Time = 0.00s, Memory = 0.0K)
    Checking Rule NoAssignX-ML (Rule 201 of total 304) .... done (Time = 0.00s, Memory = 24.0K)
    Checking Rule ParamWidthMismatch-ML (Rule 202 of total 304) .... done (Time = 0.00s, Memory = -24.0K)
    Checking Rule Postreqs_Usage_ML (Rule 203 of total 304) .... done (Time = 0.00s, Memory = 8.0K)
    Checking Rule NoXInCase-ML (Rule 204 of total 304) .... done (Time = 0.00s, Memory = 0.0K)
Checking ELABDU Rules for designUnit fullchip
    Checking Rule Ac_classify_param01 (Rule 140 of total 304) .... done (Time = 0.00s, Memory = 0.0K)
    Checking Rule AcOvlRtl (Rule 141 of total 304) .... done (Time = 0.00s, Memory = 0.0K)
    Checking Rule AcOvlRtl (Rule 142 of total 304) .... done (Time = 0.00s, Memory = 32.0K)
    Checking Rule Prereqs_STARC-2.3.6.1 (Rule 143 of total 304) .... done (Time = 0.00s, Memory = 0.0K)
    Checking Rule GenTopLevelBlocksForAutoSoc (Rule 144 of total 304) .... done (Time = 0.00s, Memory = 0.0K)
    Checking Rule Prereqs_InferLatch (Rule 145 of total 304) .... done (Time = 0.00s, Memory = 0.0K)
    Checking Rule STARC05-2.1.5.3 (Rule 146 of total 304) .... done (Time = 0.00s, Memory = 0.0K)
    Checking Rule STARC05-2.2.3.3 (Rule 147 of total 304) .... done (Time = 0.00s, Memory = 0.0K)
    Checking Rule STARC05-2.3.1.6 (Rule 148 of total 304) .... done (Time = 0.00s, Memory = 0.0K)
    Checking Rule STARC05-2.10.2.3 (Rule 149 of total 304) .... done (Time = 0.00s, Memory = 0.0K)
    Checking Rule STARC05-2.10.3.2a (Rule 150 of total 304) .... done (Time = 0.00s, Memory = 0.0K)
    Checking Rule STARC05-2.11.3.1 (Rule 151 of total 304) .... done (Time = 0.00s, Memory = 0.0K)
    Checking Rule STARC05-2.1.3.1 (Rule 152 of total 304) .... done (Time = 0.00s, Memory = 0.0K)
    Checking Rule STARC05-2.10.1.4a (Rule 153 of total 304) .... done (Time = 0.00s, Memory = 0.0K)
    Checking Rule STARC05-2.10.1.4b (Rule 154 of total 304) .... done (Time = 0.00s, Memory = 0.0K)
    Checking Rule sim_race02 (Rule 155 of total 304) .... done (Time = 0.00s, Memory = 0.0K)
    Checking Rule W110 (Rule 156 of total 304) .... done (Time = 0.00s, Memory = 0.0K)
    Checking Rule W122 (Rule 157 of total 304) .... done (Time = 0.00s, Memory = 0.0K)
    Checking Rule W496a (Rule 158 of total 304) .... done (Time = 0.00s, Memory = 0.0K)
    Checking Rule W19 (Rule 159 of total 304) .... done (Time = 0.00s, Memory = 0.0K)
    Checking Rule W66 (Rule 160 of total 304) .... done (Time = 0.00s, Memory = 0.0K)
    Checking Rule W116 (Rule 161 of total 304) .... done (Time = 0.00s, Memory = 24.0K)
    Checking Rule W123 (Rule 162 of total 304) .... done (Time = 0.00s, Memory = 16.0K)
    Checking Rule W156 (Rule 163 of total 304) .... done (Time = 0.00s, Memory = 0.0K)
    Checking Rule W215 (Rule 164 of total 304) .... done (Time = 0.00s, Memory = 8.0K)
    Checking Rule W216 (Rule 165 of total 304) .... done (Time = 0.00s, Memory = 8.0K)
    Checking Rule W218 (Rule 166 of total 304) .... done (Time = 0.00s, Memory = 0.0K)
    Checking Rule W224 (Rule 167 of total 304) .... done (Time = 0.00s, Memory = 0.0K)
    Checking Rule W263 (Rule 168 of total 304) .... done (Time = 0.00s, Memory = 0.0K)
    Checking Rule W289 (Rule 169 of total 304) .... done (Time = 0.00s, Memory = 0.0K)
    Checking Rule W337 (Rule 170 of total 304) .... done (Time = 0.00s, Memory = 0.0K)
    Checking Rule W352 (Rule 171 of total 304) .... done (Time = 0.00s, Memory = 0.0K)
    Checking Rule W362 (Rule 172 of total 304) .... done (Time = 0.00s, Memory = 0.0K)
    Checking Rule W415a (Rule 173 of total 304) .... done (Time = 0.00s, Memory = 0.0K)
    Checking Rule W486 (Rule 174 of total 304) .... done (Time = 0.00s, Memory = 0.0K)
    Checking Rule W499 (Rule 175 of total 304) .... done (Time = 0.00s, Memory = 0.0K)
    Checking Rule W502 (Rule 176 of total 304) .... done (Time = 0.00s, Memory = 0.0K)
    Checking Rule W116 (Rule 177 of total 304) .... done (Time = 0.00s, Memory = 0.0K)
    Checking Rule W122 (Rule 178 of total 304) .... done (Time = 0.00s, Memory = 0.0K)
    Checking Rule W123 (Rule 179 of total 304) .... done (Time = 0.00s, Memory = 0.0K)
    Checking Rule W156 (Rule 180 of total 304) .... done (Time = 0.00s, Memory = 0.0K)
    Checking Rule W71 (Rule 181 of total 304) .... done (Time = 0.00s, Memory = 0.0K)
    Checking Rule W240 (Rule 182 of total 304) .... done (Time = 0.00s, Memory = 0.0K)
    Checking Rule W240 (Rule 183 of total 304) .... done (Time = 0.00s, Memory = 0.0K)
    Checking Rule W287a (Rule 184 of total 304) .... done (Time = 0.00s, Memory = 0.0K)
    Checking Rule W293 (Rule 185 of total 304) .... done (Time = 0.00s, Memory = 0.0K)
    Checking Rule W398 (Rule 186 of total 304) .... done (Time = 0.00s, Memory = 0.0K)
    Checking Rule W424 (Rule 187 of total 304) .... done (Time = 0.00s, Memory = 0.0K)
    Checking Rule W467 (Rule 188 of total 304) .... done (Time = 0.00s, Memory = 0.0K)
    Checking Rule W505 (Rule 189 of total 304) .... done (Time = 0.00s, Memory = 0.0K)
    Checking Rule W505 (Rule 190 of total 304) .... done (Time = 0.00s, Memory = 0.0K)
    Checking Rule W528 (Rule 191 of total 304) .... done (Time = 0.00s, Memory = 0.0K)
    Checking Rule W528 (Rule 192 of total 304) .... done (Time = 0.00s, Memory = 584.0K)
    Checking Rule Prereqs_Usage (Rule 193 of total 304) .... done (Time = 0.00s, Memory = -16.0K)
    Checking Rule Postreqs_CheckFuncTask (Rule 194 of total 304) .... done (Time = 0.00s, Memory = 0.0K)
    Checking Rule Prereqs_ConstantInput-ML (Rule 195 of total 304) .... done (Time = 0.00s, Memory = 0.0K)
    Checking Rule Prereqs_ConstantInput-ML (Rule 196 of total 304) .... done (Time = 0.00s, Memory = 32.0K)
    Checking Rule Prereqs_RptNegEdgeFF-ML (Rule 197 of total 304) .... done (Time = 0.00s, Memory = 0.0K)
    Checking Rule ReportPortInfo-ML (Rule 198 of total 304) .... done (Time = 0.00s, Memory = 0.0K)
    Checking Rule Prereqs_ReportPortInfo-ML (Rule 199 of total 304) .... done (Time = 0.00s, Memory = 0.0K)
    Checking Rule Prereqs_ReportPortInfo-ML (Rule 200 of total 304) .... done (Time = 0.00s, Memory = 0.0K)
    Checking Rule NoAssignX-ML (Rule 201 of total 304) .... done (Time = 0.00s, Memory = 0.0K)
    Checking Rule ParamWidthMismatch-ML (Rule 202 of total 304) .... done (Time = 0.00s, Memory = 8.0K)
    Checking Rule Postreqs_Usage_ML (Rule 203 of total 304) .... done (Time = 0.00s, Memory = 8.0K)
    Checking Rule NoXInCase-ML (Rule 204 of total 304) .... done (Time = 0.00s, Memory = 0.0K)
Checking ELABDU Rules for designUnit core
    Checking Rule Ac_classify_param01 (Rule 140 of total 304) .... done (Time = 0.00s, Memory = 0.0K)
    Checking Rule AcOvlRtl (Rule 141 of total 304) .... done (Time = 0.00s, Memory = 32.0K)
    Checking Rule AcOvlRtl (Rule 142 of total 304) .... done (Time = 0.00s, Memory = 32.0K)
    Checking Rule Prereqs_STARC-2.3.6.1 (Rule 143 of total 304) .... done (Time = 0.00s, Memory = 0.0K)
    Checking Rule GenTopLevelBlocksForAutoSoc (Rule 144 of total 304) .... done (Time = 0.00s, Memory = -8.0K)
    Checking Rule Prereqs_InferLatch (Rule 145 of total 304) .... done (Time = 0.00s, Memory = 0.0K)
    Checking Rule STARC05-2.1.5.3 (Rule 146 of total 304) .... done (Time = 0.00s, Memory = 0.0K)
    Checking Rule STARC05-2.2.3.3 (Rule 147 of total 304) .... done (Time = 0.00s, Memory = 0.0K)
    Checking Rule STARC05-2.3.1.6 (Rule 148 of total 304) .... done (Time = 0.00s, Memory = 0.0K)
    Checking Rule STARC05-2.10.2.3 (Rule 149 of total 304) .... done (Time = 0.00s, Memory = 0.0K)
    Checking Rule STARC05-2.10.3.2a (Rule 150 of total 304) .... done (Time = 0.00s, Memory = 0.0K)
    Checking Rule STARC05-2.11.3.1 (Rule 151 of total 304) .... done (Time = 0.00s, Memory = 0.0K)
    Checking Rule STARC05-2.1.3.1 (Rule 152 of total 304) .... done (Time = 0.00s, Memory = 0.0K)
    Checking Rule STARC05-2.10.1.4a (Rule 153 of total 304) .... done (Time = 0.00s, Memory = 0.0K)
    Checking Rule STARC05-2.10.1.4b (Rule 154 of total 304) .... done (Time = 0.00s, Memory = 8.0K)
    Checking Rule sim_race02 (Rule 155 of total 304) .... done (Time = 0.00s, Memory = -24.0K)
    Checking Rule W110 (Rule 156 of total 304) .... done (Time = 0.00s, Memory = 0.0K)
    Checking Rule W122 (Rule 157 of total 304) .... done (Time = 0.00s, Memory = 0.0K)
    Checking Rule W496a (Rule 158 of total 304) .... done (Time = 0.00s, Memory = 0.0K)
    Checking Rule W19 (Rule 159 of total 304) .... done (Time = 0.00s, Memory = 0.0K)
    Checking Rule W66 (Rule 160 of total 304) .... done (Time = 0.00s, Memory = 0.0K)
    Checking Rule W116 (Rule 161 of total 304) .... done (Time = 0.00s, Memory = 0.0K)
    Checking Rule W123 (Rule 162 of total 304) .... done (Time = 0.00s, Memory = 24.0K)
    Checking Rule W156 (Rule 163 of total 304) .... done (Time = 0.00s, Memory = 0.0K)
    Checking Rule W215 (Rule 164 of total 304) .... done (Time = 0.00s, Memory = 0.0K)
    Checking Rule W216 (Rule 165 of total 304) .... done (Time = 0.00s, Memory = 0.0K)
    Checking Rule W218 (Rule 166 of total 304) .... done (Time = 0.00s, Memory = 32.0K)
    Checking Rule W224 (Rule 167 of total 304) .... done (Time = 0.00s, Memory = 0.0K)
    Checking Rule W263 (Rule 168 of total 304) .... done (Time = 0.00s, Memory = 0.0K)
    Checking Rule W289 (Rule 169 of total 304) .... done (Time = 0.00s, Memory = 0.0K)
    Checking Rule W337 (Rule 170 of total 304) .... done (Time = 0.00s, Memory = 0.0K)
    Checking Rule W352 (Rule 171 of total 304) .... done (Time = 0.00s, Memory = 0.0K)
    Checking Rule W362 (Rule 172 of total 304) .... done (Time = 0.00s, Memory = 0.0K)
    Checking Rule W415a (Rule 173 of total 304) .... done (Time = 0.00s, Memory = 0.0K)
    Checking Rule W486 (Rule 174 of total 304) .... done (Time = 0.00s, Memory = 0.0K)
    Checking Rule W499 (Rule 175 of total 304) .... done (Time = 0.00s, Memory = 0.0K)
    Checking Rule W502 (Rule 176 of total 304) .... done (Time = 0.00s, Memory = 0.0K)
    Checking Rule W116 (Rule 177 of total 304) .... done (Time = 0.00s, Memory = 0.0K)
    Checking Rule W122 (Rule 178 of total 304) .... done (Time = 0.00s, Memory = 0.0K)
    Checking Rule W123 (Rule 179 of total 304) .... done (Time = 0.00s, Memory = 0.0K)
    Checking Rule W156 (Rule 180 of total 304) .... done (Time = 0.00s, Memory = 0.0K)
    Checking Rule W71 (Rule 181 of total 304) .... done (Time = 0.00s, Memory = 0.0K)
    Checking Rule W240 (Rule 182 of total 304) .... done (Time = 0.01s, Memory = 0.0K)
    Checking Rule W240 (Rule 183 of total 304) .... done (Time = 0.00s, Memory = 0.0K)
    Checking Rule W287a (Rule 184 of total 304) .... done (Time = 0.00s, Memory = 0.0K)
    Checking Rule W293 (Rule 185 of total 304) .... done (Time = 0.00s, Memory = 64.0K)
    Checking Rule W398 (Rule 186 of total 304) .... done (Time = 0.00s, Memory = 0.0K)
    Checking Rule W424 (Rule 187 of total 304) .... done (Time = 0.00s, Memory = 0.0K)
    Checking Rule W467 (Rule 188 of total 304) .... done (Time = 0.01s, Memory = 0.0K)
    Checking Rule W505 (Rule 189 of total 304) .... done (Time = 0.00s, Memory = 8.0K)
    Checking Rule W505 (Rule 190 of total 304) .... done (Time = 0.00s, Memory = 0.0K)
    Checking Rule W528 (Rule 191 of total 304) .... done (Time = 0.00s, Memory = 0.0K)
    Checking Rule W528 (Rule 192 of total 304) .... done (Time = 0.00s, Memory = 584.0K)
    Checking Rule Prereqs_Usage (Rule 193 of total 304) .... done (Time = 0.00s, Memory = -16.0K)
    Checking Rule Postreqs_CheckFuncTask (Rule 194 of total 304) .... done (Time = 0.00s, Memory = 0.0K)
    Checking Rule Prereqs_ConstantInput-ML (Rule 195 of total 304) .... done (Time = 0.00s, Memory = 0.0K)
    Checking Rule Prereqs_ConstantInput-ML (Rule 196 of total 304) .... done (Time = 0.00s, Memory = 32.0K)
    Checking Rule Prereqs_RptNegEdgeFF-ML (Rule 197 of total 304) .... done (Time = 0.00s, Memory = 0.0K)
    Checking Rule ReportPortInfo-ML (Rule 198 of total 304) .... done (Time = 0.00s, Memory = 0.0K)
    Checking Rule Prereqs_ReportPortInfo-ML (Rule 199 of total 304) .... done (Time = 0.00s, Memory = 0.0K)
    Checking Rule Prereqs_ReportPortInfo-ML (Rule 200 of total 304) .... done (Time = 0.00s, Memory = 0.0K)
    Checking Rule NoAssignX-ML (Rule 201 of total 304) .... done (Time = 0.00s, Memory = 0.0K)
    Checking Rule ParamWidthMismatch-ML (Rule 202 of total 304) .... done (Time = 0.00s, Memory = 0.0K)
    Checking Rule Postreqs_Usage_ML (Rule 203 of total 304) .... done (Time = 0.00s, Memory = 0.0K)
    Checking Rule NoXInCase-ML (Rule 204 of total 304) .... done (Time = 0.00s, Memory = 0.0K)
Checking ELABDU Rules for designUnit mac_array
    Checking Rule Ac_classify_param01 (Rule 140 of total 304) .... done (Time = 0.00s, Memory = 0.0K)
    Checking Rule AcOvlRtl (Rule 141 of total 304) .... done (Time = 0.00s, Memory = 0.0K)
    Checking Rule AcOvlRtl (Rule 142 of total 304) .... done (Time = 0.00s, Memory = 32.0K)
    Checking Rule Prereqs_STARC-2.3.6.1 (Rule 143 of total 304) .... done (Time = 0.00s, Memory = -8.0K)
    Checking Rule GenTopLevelBlocksForAutoSoc (Rule 144 of total 304) .... done (Time = 0.00s, Memory = 0.0K)
    Checking Rule Prereqs_InferLatch (Rule 145 of total 304) .... done (Time = 0.00s, Memory = 0.0K)
    Checking Rule STARC05-2.1.5.3 (Rule 146 of total 304) .... done (Time = 0.00s, Memory = 8.0K)
    Checking Rule STARC05-2.2.3.3 (Rule 147 of total 304) .... done (Time = 0.00s, Memory = 0.0K)
    Checking Rule STARC05-2.3.1.6 (Rule 148 of total 304) .... done (Time = 0.00s, Memory = 0.0K)
    Checking Rule STARC05-2.10.2.3 (Rule 149 of total 304) .... done (Time = 0.00s, Memory = 0.0K)
    Checking Rule STARC05-2.10.3.2a (Rule 150 of total 304) .... done (Time = 0.00s, Memory = 0.0K)
    Checking Rule STARC05-2.11.3.1 (Rule 151 of total 304) .... done (Time = 0.00s, Memory = 0.0K)
    Checking Rule STARC05-2.1.3.1 (Rule 152 of total 304) .... done (Time = 0.00s, Memory = 0.0K)
    Checking Rule STARC05-2.10.1.4a (Rule 153 of total 304) .... done (Time = 0.00s, Memory = 0.0K)
    Checking Rule STARC05-2.10.1.4b (Rule 154 of total 304) .... done (Time = 0.00s, Memory = 0.0K)
    Checking Rule sim_race02 (Rule 155 of total 304) .... done (Time = 0.00s, Memory = 0.0K)
    Checking Rule W110 (Rule 156 of total 304) .... done (Time = 0.00s, Memory = 32.0K)
    Checking Rule W122 (Rule 157 of total 304) .... done (Time = 0.00s, Memory = 8.0K)
    Checking Rule W496a (Rule 158 of total 304) .... done (Time = 0.00s, Memory = 224.0K)
    Checking Rule W19 (Rule 159 of total 304) .... done (Time = 0.00s, Memory = 8.0K)
    Checking Rule W66 (Rule 160 of total 304) .... done (Time = 0.00s, Memory = 0.0K)
    Checking Rule W116 (Rule 161 of total 304) .... done (Time = 0.00s, Memory = -8.0K)
    Checking Rule W123 (Rule 162 of total 304) .... done (Time = 0.00s, Memory = 24.0K)
    Checking Rule W156 (Rule 163 of total 304) .... done (Time = 0.00s, Memory = 0.0K)
    Checking Rule W215 (Rule 164 of total 304) .... done (Time = 0.00s, Memory = -8.0K)
    Checking Rule W216 (Rule 165 of total 304) .... done (Time = 0.00s, Memory = -24.0K)
    Checking Rule W218 (Rule 166 of total 304) .... done (Time = 0.00s, Memory = 0.0K)
    Checking Rule W224 (Rule 167 of total 304) .... done (Time = 0.00s, Memory = 0.0K)
    Checking Rule W263 (Rule 168 of total 304) .... done (Time = 0.00s, Memory = 0.0K)
    Checking Rule W289 (Rule 169 of total 304) .... done (Time = 0.00s, Memory = 0.0K)
    Checking Rule W337 (Rule 170 of total 304) .... done (Time = 0.00s, Memory = 0.0K)
    Checking Rule W352 (Rule 171 of total 304) .... done (Time = 0.00s, Memory = 0.0K)
    Checking Rule W362 (Rule 172 of total 304) .... done (Time = 0.00s, Memory = 8.0K)
    Checking Rule W415a (Rule 173 of total 304) .... done (Time = 0.00s, Memory = 0.0K)
    Checking Rule W486 (Rule 174 of total 304) .... done (Time = 0.00s, Memory = 0.0K)
    Checking Rule W499 (Rule 175 of total 304) .... done (Time = 0.00s, Memory = 0.0K)
    Checking Rule W502 (Rule 176 of total 304) .... done (Time = 0.00s, Memory = 0.0K)
    Checking Rule W116 (Rule 177 of total 304) .... done (Time = 0.00s, Memory = 0.0K)
    Checking Rule W122 (Rule 178 of total 304) .... done (Time = 0.00s, Memory = 0.0K)
    Checking Rule W123 (Rule 179 of total 304) .... done (Time = 0.00s, Memory = 0.0K)
    Checking Rule W156 (Rule 180 of total 304) .... done (Time = 0.00s, Memory = 0.0K)
    Checking Rule W71 (Rule 181 of total 304) .... done (Time = 0.00s, Memory = 0.0K)
    Checking Rule W240 (Rule 182 of total 304) .... done (Time = 0.00s, Memory = 0.0K)
    Checking Rule W240 (Rule 183 of total 304) .... done (Time = 0.00s, Memory = 0.0K)
    Checking Rule W287a (Rule 184 of total 304) .... done (Time = 0.00s, Memory = 0.0K)
    Checking Rule W293 (Rule 185 of total 304) .... done (Time = 0.00s, Memory = 0.0K)
    Checking Rule W398 (Rule 186 of total 304) .... done (Time = 0.00s, Memory = 0.0K)
    Checking Rule W424 (Rule 187 of total 304) .... done (Time = 0.00s, Memory = 0.0K)
    Checking Rule W467 (Rule 188 of total 304) .... done (Time = 0.00s, Memory = 0.0K)
    Checking Rule W505 (Rule 189 of total 304) .... done (Time = 0.00s, Memory = 0.0K)
    Checking Rule W505 (Rule 190 of total 304) .... done (Time = 0.00s, Memory = 0.0K)
    Checking Rule W528 (Rule 191 of total 304) .... done (Time = 0.00s, Memory = 24.0K)
    Checking Rule W528 (Rule 192 of total 304) .... done (Time = 0.00s, Memory = 584.0K)
    Checking Rule Prereqs_Usage (Rule 193 of total 304) .... done (Time = 0.00s, Memory = -16.0K)
    Checking Rule Postreqs_CheckFuncTask (Rule 194 of total 304) .... done (Time = 0.00s, Memory = 0.0K)
    Checking Rule Prereqs_ConstantInput-ML (Rule 195 of total 304) .... done (Time = 0.00s, Memory = 0.0K)
    Checking Rule Prereqs_ConstantInput-ML (Rule 196 of total 304) .... done (Time = 0.00s, Memory = 32.0K)
    Checking Rule Prereqs_RptNegEdgeFF-ML (Rule 197 of total 304) .... done (Time = 0.00s, Memory = 0.0K)
    Checking Rule ReportPortInfo-ML (Rule 198 of total 304) .... done (Time = 0.00s, Memory = 0.0K)
    Checking Rule Prereqs_ReportPortInfo-ML (Rule 199 of total 304) .... done (Time = 0.00s, Memory = 0.0K)
    Checking Rule Prereqs_ReportPortInfo-ML (Rule 200 of total 304) .... done (Time = 0.00s, Memory = 0.0K)
    Checking Rule NoAssignX-ML (Rule 201 of total 304) .... done (Time = 0.00s, Memory = 0.0K)
    Checking Rule ParamWidthMismatch-ML (Rule 202 of total 304) .... done (Time = 0.00s, Memory = 0.0K)
    Checking Rule Postreqs_Usage_ML (Rule 203 of total 304) .... done (Time = 0.00s, Memory = 0.0K)
    Checking Rule NoXInCase-ML (Rule 204 of total 304) .... done (Time = 0.00s, Memory = 0.0K)
Checking ELABDU Rules for designUnit WORK_mac_col_8_20_8_1
    Checking Rule Ac_classify_param01 (Rule 140 of total 304) .... done (Time = 0.00s, Memory = 8.0K)
    Checking Rule AcOvlRtl (Rule 141 of total 304) .... done (Time = 0.00s, Memory = -24.0K)
    Checking Rule AcOvlRtl (Rule 142 of total 304) .... done (Time = 0.00s, Memory = 32.0K)
    Checking Rule Prereqs_STARC-2.3.6.1 (Rule 143 of total 304) .... done (Time = 0.00s, Memory = 0.0K)
    Checking Rule GenTopLevelBlocksForAutoSoc (Rule 144 of total 304) .... done (Time = 0.00s, Memory = 8.0K)
    Checking Rule Prereqs_InferLatch (Rule 145 of total 304) .... done (Time = 0.00s, Memory = 0.0K)
    Checking Rule STARC05-2.1.5.3 (Rule 146 of total 304) .... done (Time = 0.00s, Memory = 0.0K)
    Checking Rule STARC05-2.2.3.3 (Rule 147 of total 304) .... done (Time = 0.00s, Memory = 0.0K)
    Checking Rule STARC05-2.3.1.6 (Rule 148 of total 304) .... done (Time = 0.00s, Memory = 0.0K)
    Checking Rule STARC05-2.10.2.3 (Rule 149 of total 304) .... done (Time = 0.00s, Memory = 0.0K)
    Checking Rule STARC05-2.10.3.2a (Rule 150 of total 304) .... done (Time = 0.00s, Memory = 0.0K)
    Checking Rule STARC05-2.11.3.1 (Rule 151 of total 304) .... done (Time = 0.00s, Memory = 0.0K)
    Checking Rule STARC05-2.1.3.1 (Rule 152 of total 304) .... done (Time = 0.00s, Memory = 0.0K)
    Checking Rule STARC05-2.10.1.4a (Rule 153 of total 304) .... done (Time = 0.00s, Memory = 0.0K)
    Checking Rule STARC05-2.10.1.4b (Rule 154 of total 304) .... done (Time = 0.00s, Memory = 0.0K)
    Checking Rule sim_race02 (Rule 155 of total 304) .... done (Time = 0.00s, Memory = 32.0K)
    Checking Rule W110 (Rule 156 of total 304) .... done (Time = 0.00s, Memory = -8.0K)
    Checking Rule W122 (Rule 157 of total 304) .... done (Time = 0.00s, Memory = -32.0K)
    Checking Rule W496a (Rule 158 of total 304) .... done (Time = 0.00s, Memory = -8.0K)
    Checking Rule W19 (Rule 159 of total 304) .... done (Time = 0.00s, Memory = 0.0K)
    Checking Rule W66 (Rule 160 of total 304) .... done (Time = 0.00s, Memory = 0.0K)
    Checking Rule W116 (Rule 161 of total 304) .... done (Time = 0.00s, Memory = 0.0K)
    Checking Rule W123 (Rule 162 of total 304) .... done (Time = 0.00s, Memory = 16.0K)
    Checking Rule W156 (Rule 163 of total 304) .... done (Time = 0.00s, Memory = 0.0K)
    Checking Rule W215 (Rule 164 of total 304) .... done (Time = 0.00s, Memory = 0.0K)
    Checking Rule W216 (Rule 165 of total 304) .... done (Time = 0.00s, Memory = 0.0K)
    Checking Rule W218 (Rule 166 of total 304) .... done (Time = 0.00s, Memory = 0.0K)
    Checking Rule W224 (Rule 167 of total 304) .... done (Time = 0.00s, Memory = 0.0K)
    Checking Rule W263 (Rule 168 of total 304) .... done (Time = 0.00s, Memory = 0.0K)
    Checking Rule W289 (Rule 169 of total 304) .... done (Time = 0.00s, Memory = 0.0K)
    Checking Rule W337 (Rule 170 of total 304) .... done (Time = 0.00s, Memory = 0.0K)
    Checking Rule W352 (Rule 171 of total 304) .... done (Time = 0.00s, Memory = 0.0K)
    Checking Rule W362 (Rule 172 of total 304) .... done (Time = 0.00s, Memory = 0.0K)
    Checking Rule W415a (Rule 173 of total 304) .... done (Time = 0.00s, Memory = 32.0K)
    Checking Rule W486 (Rule 174 of total 304) .... done (Time = 0.00s, Memory = 0.0K)
    Checking Rule W499 (Rule 175 of total 304) .... done (Time = 0.00s, Memory = 0.0K)
    Checking Rule W502 (Rule 176 of total 304) .... done (Time = 0.00s, Memory = 0.0K)
    Checking Rule W116 (Rule 177 of total 304) .... done (Time = 0.00s, Memory = 0.0K)
    Checking Rule W122 (Rule 178 of total 304) .... done (Time = 0.00s, Memory = 0.0K)
    Checking Rule W123 (Rule 179 of total 304) .... done (Time = 0.00s, Memory = 0.0K)
    Checking Rule W156 (Rule 180 of total 304) .... done (Time = 0.00s, Memory = 0.0K)
    Checking Rule W71 (Rule 181 of total 304) .... done (Time = 0.00s, Memory = 0.0K)
    Checking Rule W240 (Rule 182 of total 304) .... done (Time = 0.00s, Memory = 0.0K)
    Checking Rule W240 (Rule 183 of total 304) .... done (Time = 0.00s, Memory = 0.0K)
    Checking Rule W287a (Rule 184 of total 304) .... done (Time = 0.00s, Memory = 0.0K)
    Checking Rule W293 (Rule 185 of total 304) .... done (Time = 0.00s, Memory = 8.0K)
    Checking Rule W398 (Rule 186 of total 304) .... done (Time = 0.00s, Memory = 0.0K)
    Checking Rule W424 (Rule 187 of total 304) .... done (Time = 0.00s, Memory = 0.0K)
    Checking Rule W467 (Rule 188 of total 304) .... done (Time = 0.00s, Memory = -24.0K)
    Checking Rule W505 (Rule 189 of total 304) .... done (Time = 0.00s, Memory = 0.0K)
    Checking Rule W505 (Rule 190 of total 304) .... done (Time = 0.00s, Memory = 0.0K)
    Checking Rule W528 (Rule 191 of total 304) .... done (Time = 0.00s, Memory = 0.0K)
    Checking Rule W528 (Rule 192 of total 304) .... done (Time = 0.00s, Memory = 584.0K)
    Checking Rule Prereqs_Usage (Rule 193 of total 304) .... done (Time = 0.00s, Memory = -16.0K)
    Checking Rule Postreqs_CheckFuncTask (Rule 194 of total 304) .... done (Time = 0.00s, Memory = 0.0K)
    Checking Rule Prereqs_ConstantInput-ML (Rule 195 of total 304) .... done (Time = 0.00s, Memory = 0.0K)
    Checking Rule Prereqs_ConstantInput-ML (Rule 196 of total 304) .... done (Time = 0.00s, Memory = 32.0K)
    Checking Rule Prereqs_RptNegEdgeFF-ML (Rule 197 of total 304) .... done (Time = 0.00s, Memory = 0.0K)
    Checking Rule ReportPortInfo-ML (Rule 198 of total 304) .... done (Time = 0.00s, Memory = 0.0K)
    Checking Rule Prereqs_ReportPortInfo-ML (Rule 199 of total 304) .... done (Time = 0.00s, Memory = 0.0K)
    Checking Rule Prereqs_ReportPortInfo-ML (Rule 200 of total 304) .... done (Time = 0.00s, Memory = 0.0K)
    Checking Rule NoAssignX-ML (Rule 201 of total 304) .... done (Time = 0.00s, Memory = 0.0K)
    Checking Rule ParamWidthMismatch-ML (Rule 202 of total 304) .... done (Time = 0.00s, Memory = 0.0K)
    Checking Rule Postreqs_Usage_ML (Rule 203 of total 304) .... done (Time = 0.00s, Memory = 0.0K)
    Checking Rule NoXInCase-ML (Rule 204 of total 304) .... done (Time = 0.00s, Memory = 0.0K)
Checking ELABDU Rules for designUnit mac_8in
    Checking Rule Ac_classify_param01 (Rule 140 of total 304) .... done (Time = 0.00s, Memory = 0.0K)
    Checking Rule AcOvlRtl (Rule 141 of total 304) .... done (Time = 0.00s, Memory = 0.0K)
    Checking Rule AcOvlRtl (Rule 142 of total 304) .... done (Time = 0.00s, Memory = 32.0K)
    Checking Rule Prereqs_STARC-2.3.6.1 (Rule 143 of total 304) .... done (Time = 0.00s, Memory = 0.0K)
    Checking Rule GenTopLevelBlocksForAutoSoc (Rule 144 of total 304) .... done (Time = 0.00s, Memory = 0.0K)
    Checking Rule Prereqs_InferLatch (Rule 145 of total 304) .... done (Time = 0.00s, Memory = 0.0K)
    Checking Rule STARC05-2.1.5.3 (Rule 146 of total 304) .... done (Time = 0.00s, Memory = 0.0K)
    Checking Rule STARC05-2.2.3.3 (Rule 147 of total 304) .... done (Time = 0.00s, Memory = 32.0K)
    Checking Rule STARC05-2.3.1.6 (Rule 148 of total 304) .... done (Time = 0.00s, Memory = 8.0K)
    Checking Rule STARC05-2.10.2.3 (Rule 149 of total 304) .... done (Time = 0.00s, Memory = -8.0K)
    Checking Rule STARC05-2.10.3.2a (Rule 150 of total 304) .... done (Time = 0.00s, Memory = 0.0K)
    Checking Rule STARC05-2.11.3.1 (Rule 151 of total 304) .... done (Time = 0.00s, Memory = 0.0K)
    Checking Rule STARC05-2.1.3.1 (Rule 152 of total 304) .... done (Time = 0.00s, Memory = 8.0K)
    Checking Rule STARC05-2.10.1.4a (Rule 153 of total 304) .... done (Time = 0.00s, Memory = 0.0K)
    Checking Rule STARC05-2.10.1.4b (Rule 154 of total 304) .... done (Time = 0.00s, Memory = 0.0K)
    Checking Rule sim_race02 (Rule 155 of total 304) .... done (Time = 0.00s, Memory = 0.0K)
    Checking Rule W110 (Rule 156 of total 304) .... done (Time = 0.00s, Memory = 0.0K)
    Checking Rule W122 (Rule 157 of total 304) .... done (Time = 0.00s, Memory = 0.0K)
    Checking Rule W496a (Rule 158 of total 304) .... done (Time = 0.00s, Memory = 0.0K)
    Checking Rule W19 (Rule 159 of total 304) .... done (Time = 0.00s, Memory = 0.0K)
    Checking Rule W66 (Rule 160 of total 304) .... done (Time = 0.00s, Memory = 0.0K)
    Checking Rule W116 (Rule 161 of total 304) .... done (Time = 0.01s, Memory = 8.0K)
    Checking Rule W123 (Rule 162 of total 304) .... done (Time = 0.00s, Memory = 16.0K)
    Checking Rule W156 (Rule 163 of total 304) .... done (Time = 0.00s, Memory = 0.0K)
    Checking Rule W215 (Rule 164 of total 304) .... done (Time = 0.00s, Memory = 0.0K)
    Checking Rule W216 (Rule 165 of total 304) .... done (Time = 0.00s, Memory = 0.0K)
    Checking Rule W218 (Rule 166 of total 304) .... done (Time = 0.00s, Memory = 0.0K)
    Checking Rule W224 (Rule 167 of total 304) .... done (Time = 0.00s, Memory = 0.0K)
    Checking Rule W263 (Rule 168 of total 304) .... done (Time = 0.00s, Memory = 0.0K)
    Checking Rule W289 (Rule 169 of total 304) .... done (Time = 0.00s, Memory = 0.0K)
    Checking Rule W337 (Rule 170 of total 304) .... done (Time = 0.00s, Memory = 0.0K)
    Checking Rule W352 (Rule 171 of total 304) .... done (Time = 0.00s, Memory = 0.0K)
    Checking Rule W362 (Rule 172 of total 304) .... done (Time = 0.00s, Memory = 0.0K)
    Checking Rule W415a (Rule 173 of total 304) .... done (Time = 0.00s, Memory = 0.0K)
    Checking Rule W486 (Rule 174 of total 304) .... done (Time = 0.00s, Memory = 0.0K)
    Checking Rule W499 (Rule 175 of total 304) .... done (Time = 0.00s, Memory = 0.0K)
    Checking Rule W502 (Rule 176 of total 304) .... done (Time = 0.00s, Memory = 0.0K)
    Checking Rule W116 (Rule 177 of total 304) .... done (Time = 0.00s, Memory = 0.0K)
    Checking Rule W122 (Rule 178 of total 304) .... done (Time = 0.00s, Memory = 0.0K)
    Checking Rule W123 (Rule 179 of total 304) .... done (Time = 0.00s, Memory = 0.0K)
    Checking Rule W156 (Rule 180 of total 304) .... done (Time = 0.00s, Memory = 0.0K)
    Checking Rule W71 (Rule 181 of total 304) .... done (Time = 0.00s, Memory = 0.0K)
    Checking Rule W240 (Rule 182 of total 304) .... done (Time = 0.00s, Memory = 32.0K)
    Checking Rule W240 (Rule 183 of total 304) .... done (Time = 0.00s, Memory = 0.0K)
    Checking Rule W287a (Rule 184 of total 304) .... done (Time = 0.00s, Memory = 0.0K)
    Checking Rule W293 (Rule 185 of total 304) .... done (Time = 0.00s, Memory = 0.0K)
    Checking Rule W398 (Rule 186 of total 304) .... done (Time = 0.00s, Memory = 0.0K)
    Checking Rule W424 (Rule 187 of total 304) .... done (Time = 0.00s, Memory = 0.0K)
    Checking Rule W467 (Rule 188 of total 304) .... done (Time = 0.00s, Memory = 8.0K)
    Checking Rule W505 (Rule 189 of total 304) .... done (Time = 0.00s, Memory = 0.0K)
    Checking Rule W505 (Rule 190 of total 304) .... done (Time = 0.00s, Memory = 0.0K)
    Checking Rule W528 (Rule 191 of total 304) .... done (Time = 0.00s, Memory = 0.0K)
    Checking Rule W528 (Rule 192 of total 304) .... done (Time = 0.00s, Memory = 584.0K)
    Checking Rule Prereqs_Usage (Rule 193 of total 304) .... done (Time = 0.00s, Memory = -16.0K)
    Checking Rule Postreqs_CheckFuncTask (Rule 194 of total 304) .... done (Time = 0.00s, Memory = 0.0K)
    Checking Rule Prereqs_ConstantInput-ML (Rule 195 of total 304) .... done (Time = 0.00s, Memory = 8.0K)
    Checking Rule Prereqs_ConstantInput-ML (Rule 196 of total 304) .... done (Time = 0.00s, Memory = 32.0K)
    Checking Rule Prereqs_RptNegEdgeFF-ML (Rule 197 of total 304) .... done (Time = 0.00s, Memory = 0.0K)
    Checking Rule ReportPortInfo-ML (Rule 198 of total 304) .... done (Time = 0.00s, Memory = 0.0K)
    Checking Rule Prereqs_ReportPortInfo-ML (Rule 199 of total 304) .... done (Time = 0.00s, Memory = 0.0K)
    Checking Rule Prereqs_ReportPortInfo-ML (Rule 200 of total 304) .... done (Time = 0.00s, Memory = 0.0K)
    Checking Rule NoAssignX-ML (Rule 201 of total 304) .... done (Time = 0.00s, Memory = 0.0K)
    Checking Rule ParamWidthMismatch-ML (Rule 202 of total 304) .... done (Time = 0.00s, Memory = 0.0K)
    Checking Rule Postreqs_Usage_ML (Rule 203 of total 304) .... done (Time = 0.00s, Memory = 0.0K)
    Checking Rule NoXInCase-ML (Rule 204 of total 304) .... done (Time = 0.00s, Memory = 0.0K)
Checking ELABDU Rules for designUnit WORK_mac_col_8_20_8_2
    Checking Rule Ac_classify_param01 (Rule 140 of total 304) .... done (Time = 0.00s, Memory = 0.0K)
    Checking Rule AcOvlRtl (Rule 141 of total 304) .... done (Time = 0.00s, Memory = 0.0K)
    Checking Rule AcOvlRtl (Rule 142 of total 304) .... done (Time = 0.00s, Memory = 32.0K)
    Checking Rule Prereqs_STARC-2.3.6.1 (Rule 143 of total 304) .... done (Time = 0.00s, Memory = 0.0K)
    Checking Rule GenTopLevelBlocksForAutoSoc (Rule 144 of total 304) .... done (Time = 0.00s, Memory = 0.0K)
    Checking Rule Prereqs_InferLatch (Rule 145 of total 304) .... done (Time = 0.00s, Memory = 0.0K)
    Checking Rule STARC05-2.1.5.3 (Rule 146 of total 304) .... done (Time = 0.00s, Memory = 0.0K)
    Checking Rule STARC05-2.2.3.3 (Rule 147 of total 304) .... done (Time = 0.00s, Memory = 0.0K)
    Checking Rule STARC05-2.3.1.6 (Rule 148 of total 304) .... done (Time = 0.00s, Memory = 0.0K)
    Checking Rule STARC05-2.10.2.3 (Rule 149 of total 304) .... done (Time = 0.00s, Memory = 0.0K)
    Checking Rule STARC05-2.10.3.2a (Rule 150 of total 304) .... done (Time = 0.00s, Memory = 0.0K)
    Checking Rule STARC05-2.11.3.1 (Rule 151 of total 304) .... done (Time = 0.00s, Memory = 0.0K)
    Checking Rule STARC05-2.1.3.1 (Rule 152 of total 304) .... done (Time = 0.00s, Memory = 0.0K)
    Checking Rule STARC05-2.10.1.4a (Rule 153 of total 304) .... done (Time = 0.00s, Memory = 0.0K)
    Checking Rule STARC05-2.10.1.4b (Rule 154 of total 304) .... done (Time = 0.00s, Memory = 0.0K)
    Checking Rule sim_race02 (Rule 155 of total 304) .... done (Time = 0.00s, Memory = 0.0K)
    Checking Rule W110 (Rule 156 of total 304) .... done (Time = 0.00s, Memory = 0.0K)
    Checking Rule W122 (Rule 157 of total 304) .... done (Time = 0.00s, Memory = 0.0K)
    Checking Rule W496a (Rule 158 of total 304) .... done (Time = 0.00s, Memory = 0.0K)
    Checking Rule W19 (Rule 159 of total 304) .... done (Time = 0.00s, Memory = 0.0K)
    Checking Rule W66 (Rule 160 of total 304) .... done (Time = 0.00s, Memory = 0.0K)
    Checking Rule W116 (Rule 161 of total 304) .... done (Time = 0.00s, Memory = 32.0K)
    Checking Rule W123 (Rule 162 of total 304) .... done (Time = 0.00s, Memory = -16.0K)
    Checking Rule W156 (Rule 163 of total 304) .... done (Time = 0.00s, Memory = 0.0K)
    Checking Rule W215 (Rule 164 of total 304) .... done (Time = 0.00s, Memory = 0.0K)
    Checking Rule W216 (Rule 165 of total 304) .... done (Time = 0.00s, Memory = 0.0K)
    Checking Rule W218 (Rule 166 of total 304) .... done (Time = 0.00s, Memory = 0.0K)
    Checking Rule W224 (Rule 167 of total 304) .... done (Time = 0.00s, Memory = 0.0K)
    Checking Rule W263 (Rule 168 of total 304) .... done (Time = 0.00s, Memory = 0.0K)
    Checking Rule W289 (Rule 169 of total 304) .... done (Time = 0.00s, Memory = 0.0K)
    Checking Rule W337 (Rule 170 of total 304) .... done (Time = 0.00s, Memory = 0.0K)
    Checking Rule W352 (Rule 171 of total 304) .... done (Time = 0.00s, Memory = 0.0K)
    Checking Rule W362 (Rule 172 of total 304) .... done (Time = 0.00s, Memory = 0.0K)
    Checking Rule W415a (Rule 173 of total 304) .... done (Time = 0.01s, Memory = 0.0K)
    Checking Rule W486 (Rule 174 of total 304) .... done (Time = 0.00s, Memory = 0.0K)
    Checking Rule W499 (Rule 175 of total 304) .... done (Time = 0.00s, Memory = 0.0K)
    Checking Rule W502 (Rule 176 of total 304) .... done (Time = 0.00s, Memory = 0.0K)
    Checking Rule W116 (Rule 177 of total 304) .... done (Time = 0.00s, Memory = 0.0K)
    Checking Rule W122 (Rule 178 of total 304) .... done (Time = 0.00s, Memory = 0.0K)
    Checking Rule W123 (Rule 179 of total 304) .... done (Time = 0.00s, Memory = 0.0K)
    Checking Rule W156 (Rule 180 of total 304) .... done (Time = 0.00s, Memory = 0.0K)
    Checking Rule W71 (Rule 181 of total 304) .... done (Time = 0.00s, Memory = 0.0K)
    Checking Rule W240 (Rule 182 of total 304) .... done (Time = 0.00s, Memory = 0.0K)
    Checking Rule W240 (Rule 183 of total 304) .... done (Time = 0.00s, Memory = 0.0K)
    Checking Rule W287a (Rule 184 of total 304) .... done (Time = 0.00s, Memory = 0.0K)
    Checking Rule W293 (Rule 185 of total 304) .... done (Time = 0.00s, Memory = 0.0K)
    Checking Rule W398 (Rule 186 of total 304) .... done (Time = 0.00s, Memory = 0.0K)
    Checking Rule W424 (Rule 187 of total 304) .... done (Time = 0.00s, Memory = 0.0K)
    Checking Rule W467 (Rule 188 of total 304) .... done (Time = 0.00s, Memory = 0.0K)
    Checking Rule W505 (Rule 189 of total 304) .... done (Time = 0.00s, Memory = 0.0K)
    Checking Rule W505 (Rule 190 of total 304) .... done (Time = 0.00s, Memory = 0.0K)
    Checking Rule W528 (Rule 191 of total 304) .... done (Time = 0.00s, Memory = 0.0K)
    Checking Rule W528 (Rule 192 of total 304) .... done (Time = 0.00s, Memory = 584.0K)
    Checking Rule Prereqs_Usage (Rule 193 of total 304) .... done (Time = 0.00s, Memory = -16.0K)
    Checking Rule Postreqs_CheckFuncTask (Rule 194 of total 304) .... done (Time = 0.00s, Memory = 0.0K)
    Checking Rule Prereqs_ConstantInput-ML (Rule 195 of total 304) .... done (Time = 0.00s, Memory = 0.0K)
    Checking Rule Prereqs_ConstantInput-ML (Rule 196 of total 304) .... done (Time = 0.00s, Memory = 32.0K)
    Checking Rule Prereqs_RptNegEdgeFF-ML (Rule 197 of total 304) .... done (Time = 0.00s, Memory = 0.0K)
    Checking Rule ReportPortInfo-ML (Rule 198 of total 304) .... done (Time = 0.00s, Memory = 0.0K)
    Checking Rule Prereqs_ReportPortInfo-ML (Rule 199 of total 304) .... done (Time = 0.00s, Memory = 0.0K)
    Checking Rule Prereqs_ReportPortInfo-ML (Rule 200 of total 304) .... done (Time = 0.00s, Memory = 0.0K)
    Checking Rule NoAssignX-ML (Rule 201 of total 304) .... done (Time = 0.00s, Memory = 24.0K)
    Checking Rule ParamWidthMismatch-ML (Rule 202 of total 304) .... done (Time = 0.00s, Memory = 0.0K)
    Checking Rule Postreqs_Usage_ML (Rule 203 of total 304) .... done (Time = 0.00s, Memory = 0.0K)
    Checking Rule NoXInCase-ML (Rule 204 of total 304) .... done (Time = 0.00s, Memory = 0.0K)
Checking ELABDU Rules for designUnit WORK_mac_col_8_20_8_3
    Checking Rule Ac_classify_param01 (Rule 140 of total 304) .... done (Time = 0.00s, Memory = 0.0K)
    Checking Rule AcOvlRtl (Rule 141 of total 304) .... done (Time = 0.00s, Memory = 0.0K)
    Checking Rule AcOvlRtl (Rule 142 of total 304) .... done (Time = 0.00s, Memory = 32.0K)
    Checking Rule Prereqs_STARC-2.3.6.1 (Rule 143 of total 304) .... done (Time = 0.00s, Memory = 0.0K)
    Checking Rule GenTopLevelBlocksForAutoSoc (Rule 144 of total 304) .... done (Time = 0.00s, Memory = 0.0K)
    Checking Rule Prereqs_InferLatch (Rule 145 of total 304) .... done (Time = 0.00s, Memory = 0.0K)
    Checking Rule STARC05-2.1.5.3 (Rule 146 of total 304) .... done (Time = 0.00s, Memory = 0.0K)
    Checking Rule STARC05-2.2.3.3 (Rule 147 of total 304) .... done (Time = 0.00s, Memory = 0.0K)
    Checking Rule STARC05-2.3.1.6 (Rule 148 of total 304) .... done (Time = 0.00s, Memory = 24.0K)
    Checking Rule STARC05-2.10.2.3 (Rule 149 of total 304) .... done (Time = 0.00s, Memory = 0.0K)
    Checking Rule STARC05-2.10.3.2a (Rule 150 of total 304) .... done (Time = 0.00s, Memory = 8.0K)
    Checking Rule STARC05-2.11.3.1 (Rule 151 of total 304) .... done (Time = 0.00s, Memory = 0.0K)
    Checking Rule STARC05-2.1.3.1 (Rule 152 of total 304) .... done (Time = 0.00s, Memory = 8.0K)
    Checking Rule STARC05-2.10.1.4a (Rule 153 of total 304) .... done (Time = 0.00s, Memory = 0.0K)
    Checking Rule STARC05-2.10.1.4b (Rule 154 of total 304) .... done (Time = 0.00s, Memory = 0.0K)
    Checking Rule sim_race02 (Rule 155 of total 304) .... done (Time = 0.00s, Memory = 0.0K)
    Checking Rule W110 (Rule 156 of total 304) .... done (Time = 0.00s, Memory = 0.0K)
    Checking Rule W122 (Rule 157 of total 304) .... done (Time = 0.00s, Memory = 0.0K)
    Checking Rule W496a (Rule 158 of total 304) .... done (Time = 0.00s, Memory = 0.0K)
    Checking Rule W19 (Rule 159 of total 304) .... done (Time = 0.00s, Memory = 0.0K)
    Checking Rule W66 (Rule 160 of total 304) .... done (Time = 0.00s, Memory = 0.0K)
    Checking Rule W116 (Rule 161 of total 304) .... done (Time = 0.00s, Memory = 0.0K)
    Checking Rule W123 (Rule 162 of total 304) .... done (Time = 0.00s, Memory = 16.0K)
    Checking Rule W156 (Rule 163 of total 304) .... done (Time = 0.00s, Memory = 0.0K)
    Checking Rule W215 (Rule 164 of total 304) .... done (Time = 0.00s, Memory = 0.0K)
    Checking Rule W216 (Rule 165 of total 304) .... done (Time = 0.00s, Memory = 0.0K)
    Checking Rule W218 (Rule 166 of total 304) .... done (Time = 0.00s, Memory = 0.0K)
    Checking Rule W224 (Rule 167 of total 304) .... done (Time = 0.00s, Memory = 0.0K)
    Checking Rule W263 (Rule 168 of total 304) .... done (Time = 0.00s, Memory = 0.0K)
    Checking Rule W289 (Rule 169 of total 304) .... done (Time = 0.00s, Memory = 0.0K)
    Checking Rule W337 (Rule 170 of total 304) .... done (Time = 0.00s, Memory = 0.0K)
    Checking Rule W352 (Rule 171 of total 304) .... done (Time = 0.00s, Memory = 0.0K)
    Checking Rule W362 (Rule 172 of total 304) .... done (Time = 0.00s, Memory = 0.0K)
    Checking Rule W415a (Rule 173 of total 304) .... done (Time = 0.00s, Memory = 0.0K)
    Checking Rule W486 (Rule 174 of total 304) .... done (Time = 0.00s, Memory = 0.0K)
    Checking Rule W499 (Rule 175 of total 304) .... done (Time = 0.00s, Memory = 0.0K)
    Checking Rule W502 (Rule 176 of total 304) .... done (Time = 0.00s, Memory = 0.0K)
    Checking Rule W116 (Rule 177 of total 304) .... done (Time = 0.00s, Memory = 0.0K)
    Checking Rule W122 (Rule 178 of total 304) .... done (Time = 0.00s, Memory = 0.0K)
    Checking Rule W123 (Rule 179 of total 304) .... done (Time = 0.00s, Memory = 0.0K)
    Checking Rule W156 (Rule 180 of total 304) .... done (Time = 0.00s, Memory = 0.0K)
    Checking Rule W71 (Rule 181 of total 304) .... done (Time = 0.00s, Memory = 0.0K)
    Checking Rule W240 (Rule 182 of total 304) .... done (Time = 0.00s, Memory = 0.0K)
    Checking Rule W240 (Rule 183 of total 304) .... done (Time = 0.00s, Memory = 0.0K)
    Checking Rule W287a (Rule 184 of total 304) .... done (Time = 0.00s, Memory = 0.0K)
    Checking Rule W293 (Rule 185 of total 304) .... done (Time = 0.00s, Memory = 0.0K)
    Checking Rule W398 (Rule 186 of total 304) .... done (Time = 0.00s, Memory = 0.0K)
    Checking Rule W424 (Rule 187 of total 304) .... done (Time = 0.00s, Memory = 0.0K)
    Checking Rule W467 (Rule 188 of total 304) .... done (Time = 0.00s, Memory = 0.0K)
    Checking Rule W505 (Rule 189 of total 304) .... done (Time = 0.00s, Memory = 0.0K)
    Checking Rule W505 (Rule 190 of total 304) .... done (Time = 0.00s, Memory = 0.0K)
    Checking Rule W528 (Rule 191 of total 304) .... done (Time = 0.00s, Memory = 0.0K)
    Checking Rule W528 (Rule 192 of total 304) .... done (Time = 0.00s, Memory = 584.0K)
    Checking Rule Prereqs_Usage (Rule 193 of total 304) .... done (Time = 0.00s, Memory = -16.0K)
    Checking Rule Postreqs_CheckFuncTask (Rule 194 of total 304) .... done (Time = 0.00s, Memory = 0.0K)
    Checking Rule Prereqs_ConstantInput-ML (Rule 195 of total 304) .... done (Time = 0.00s, Memory = 0.0K)
    Checking Rule Prereqs_ConstantInput-ML (Rule 196 of total 304) .... done (Time = 0.00s, Memory = 32.0K)
    Checking Rule Prereqs_RptNegEdgeFF-ML (Rule 197 of total 304) .... done (Time = 0.00s, Memory = 0.0K)
    Checking Rule ReportPortInfo-ML (Rule 198 of total 304) .... done (Time = 0.00s, Memory = 0.0K)
    Checking Rule Prereqs_ReportPortInfo-ML (Rule 199 of total 304) .... done (Time = 0.00s, Memory = 0.0K)
    Checking Rule Prereqs_ReportPortInfo-ML (Rule 200 of total 304) .... done (Time = 0.00s, Memory = 0.0K)
    Checking Rule NoAssignX-ML (Rule 201 of total 304) .... done (Time = 0.00s, Memory = 0.0K)
    Checking Rule ParamWidthMismatch-ML (Rule 202 of total 304) .... done (Time = 0.00s, Memory = 0.0K)
    Checking Rule Postreqs_Usage_ML (Rule 203 of total 304) .... done (Time = 0.00s, Memory = 0.0K)
    Checking Rule NoXInCase-ML (Rule 204 of total 304) .... done (Time = 0.00s, Memory = 0.0K)
Checking ELABDU Rules for designUnit WORK_mac_col_8_20_8_4
    Checking Rule Ac_classify_param01 (Rule 140 of total 304) .... done (Time = 0.00s, Memory = 0.0K)
    Checking Rule AcOvlRtl (Rule 141 of total 304) .... done (Time = 0.01s, Memory = 0.0K)
    Checking Rule AcOvlRtl (Rule 142 of total 304) .... done (Time = 0.00s, Memory = 32.0K)
    Checking Rule Prereqs_STARC-2.3.6.1 (Rule 143 of total 304) .... done (Time = 0.00s, Memory = 0.0K)
    Checking Rule GenTopLevelBlocksForAutoSoc (Rule 144 of total 304) .... done (Time = 0.00s, Memory = 0.0K)
    Checking Rule Prereqs_InferLatch (Rule 145 of total 304) .... done (Time = 0.00s, Memory = 0.0K)
    Checking Rule STARC05-2.1.5.3 (Rule 146 of total 304) .... done (Time = 0.00s, Memory = 8.0K)
    Checking Rule STARC05-2.2.3.3 (Rule 147 of total 304) .... done (Time = 0.00s, Memory = 0.0K)
    Checking Rule STARC05-2.3.1.6 (Rule 148 of total 304) .... done (Time = 0.00s, Memory = 0.0K)
    Checking Rule STARC05-2.10.2.3 (Rule 149 of total 304) .... done (Time = 0.00s, Memory = 0.0K)
    Checking Rule STARC05-2.10.3.2a (Rule 150 of total 304) .... done (Time = 0.00s, Memory = -8.0K)
    Checking Rule STARC05-2.11.3.1 (Rule 151 of total 304) .... done (Time = 0.00s, Memory = 0.0K)
    Checking Rule STARC05-2.1.3.1 (Rule 152 of total 304) .... done (Time = 0.00s, Memory = 0.0K)
    Checking Rule STARC05-2.10.1.4a (Rule 153 of total 304) .... done (Time = 0.00s, Memory = 0.0K)
    Checking Rule STARC05-2.10.1.4b (Rule 154 of total 304) .... done (Time = 0.00s, Memory = 0.0K)
    Checking Rule sim_race02 (Rule 155 of total 304) .... done (Time = 0.00s, Memory = 0.0K)
    Checking Rule W110 (Rule 156 of total 304) .... done (Time = 0.00s, Memory = -32.0K)
    Checking Rule W122 (Rule 157 of total 304) .... done (Time = 0.00s, Memory = 0.0K)
    Checking Rule W496a (Rule 158 of total 304) .... done (Time = 0.00s, Memory = 0.0K)
    Checking Rule W19 (Rule 159 of total 304) .... done (Time = 0.00s, Memory = 0.0K)
    Checking Rule W66 (Rule 160 of total 304) .... done (Time = 0.00s, Memory = 0.0K)
    Checking Rule W116 (Rule 161 of total 304) .... done (Time = 0.00s, Memory = 0.0K)
    Checking Rule W123 (Rule 162 of total 304) .... done (Time = 0.00s, Memory = 16.0K)
    Checking Rule W156 (Rule 163 of total 304) .... done (Time = 0.00s, Memory = 0.0K)
    Checking Rule W215 (Rule 164 of total 304) .... done (Time = 0.00s, Memory = 0.0K)
    Checking Rule W216 (Rule 165 of total 304) .... done (Time = 0.00s, Memory = 0.0K)
    Checking Rule W218 (Rule 166 of total 304) .... done (Time = 0.00s, Memory = 0.0K)
    Checking Rule W224 (Rule 167 of total 304) .... done (Time = 0.00s, Memory = 0.0K)
    Checking Rule W263 (Rule 168 of total 304) .... done (Time = 0.00s, Memory = 0.0K)
    Checking Rule W289 (Rule 169 of total 304) .... done (Time = 0.00s, Memory = 0.0K)
    Checking Rule W337 (Rule 170 of total 304) .... done (Time = 0.00s, Memory = 0.0K)
    Checking Rule W352 (Rule 171 of total 304) .... done (Time = 0.00s, Memory = 0.0K)
    Checking Rule W362 (Rule 172 of total 304) .... done (Time = 0.00s, Memory = 0.0K)
    Checking Rule W415a (Rule 173 of total 304) .... done (Time = 0.00s, Memory = 0.0K)
    Checking Rule W486 (Rule 174 of total 304) .... done (Time = 0.00s, Memory = 0.0K)
    Checking Rule W499 (Rule 175 of total 304) .... done (Time = 0.00s, Memory = 0.0K)
    Checking Rule W502 (Rule 176 of total 304) .... done (Time = 0.00s, Memory = 0.0K)
    Checking Rule W116 (Rule 177 of total 304) .... done (Time = 0.00s, Memory = 0.0K)
    Checking Rule W122 (Rule 178 of total 304) .... done (Time = 0.00s, Memory = 0.0K)
    Checking Rule W123 (Rule 179 of total 304) .... done (Time = 0.00s, Memory = 0.0K)
    Checking Rule W156 (Rule 180 of total 304) .... done (Time = 0.00s, Memory = 0.0K)
    Checking Rule W71 (Rule 181 of total 304) .... done (Time = 0.00s, Memory = 0.0K)
    Checking Rule W240 (Rule 182 of total 304) .... done (Time = 0.00s, Memory = 0.0K)
    Checking Rule W240 (Rule 183 of total 304) .... done (Time = 0.00s, Memory = 0.0K)
    Checking Rule W287a (Rule 184 of total 304) .... done (Time = 0.00s, Memory = 0.0K)
    Checking Rule W293 (Rule 185 of total 304) .... done (Time = 0.00s, Memory = 0.0K)
    Checking Rule W398 (Rule 186 of total 304) .... done (Time = 0.00s, Memory = 0.0K)
    Checking Rule W424 (Rule 187 of total 304) .... done (Time = 0.00s, Memory = 0.0K)
    Checking Rule W467 (Rule 188 of total 304) .... done (Time = 0.00s, Memory = 0.0K)
    Checking Rule W505 (Rule 189 of total 304) .... done (Time = 0.00s, Memory = 0.0K)
    Checking Rule W505 (Rule 190 of total 304) .... done (Time = 0.00s, Memory = 0.0K)
    Checking Rule W528 (Rule 191 of total 304) .... done (Time = 0.00s, Memory = 0.0K)
    Checking Rule W528 (Rule 192 of total 304) .... done (Time = 0.00s, Memory = 584.0K)
    Checking Rule Prereqs_Usage (Rule 193 of total 304) .... done (Time = 0.00s, Memory = -16.0K)
    Checking Rule Postreqs_CheckFuncTask (Rule 194 of total 304) .... done (Time = 0.00s, Memory = 0.0K)
    Checking Rule Prereqs_ConstantInput-ML (Rule 195 of total 304) .... done (Time = 0.00s, Memory = 8.0K)
    Checking Rule Prereqs_ConstantInput-ML (Rule 196 of total 304) .... done (Time = 0.00s, Memory = 32.0K)
    Checking Rule Prereqs_RptNegEdgeFF-ML (Rule 197 of total 304) .... done (Time = 0.00s, Memory = 0.0K)
    Checking Rule ReportPortInfo-ML (Rule 198 of total 304) .... done (Time = 0.00s, Memory = 0.0K)
    Checking Rule Prereqs_ReportPortInfo-ML (Rule 199 of total 304) .... done (Time = 0.00s, Memory = 0.0K)
    Checking Rule Prereqs_ReportPortInfo-ML (Rule 200 of total 304) .... done (Time = 0.00s, Memory = -8.0K)
    Checking Rule NoAssignX-ML (Rule 201 of total 304) .... done (Time = 0.00s, Memory = 0.0K)
    Checking Rule ParamWidthMismatch-ML (Rule 202 of total 304) .... done (Time = 0.00s, Memory = 0.0K)
    Checking Rule Postreqs_Usage_ML (Rule 203 of total 304) .... done (Time = 0.00s, Memory = 0.0K)
    Checking Rule NoXInCase-ML (Rule 204 of total 304) .... done (Time = 0.00s, Memory = 0.0K)
Checking ELABDU Rules for designUnit WORK_mac_col_8_20_8_5
    Checking Rule Ac_classify_param01 (Rule 140 of total 304) .... done (Time = 0.00s, Memory = 0.0K)
    Checking Rule AcOvlRtl (Rule 141 of total 304) .... done (Time = 0.00s, Memory = 0.0K)
    Checking Rule AcOvlRtl (Rule 142 of total 304) .... done (Time = 0.00s, Memory = 32.0K)
    Checking Rule Prereqs_STARC-2.3.6.1 (Rule 143 of total 304) .... done (Time = 0.00s, Memory = 0.0K)
    Checking Rule GenTopLevelBlocksForAutoSoc (Rule 144 of total 304) .... done (Time = 0.00s, Memory = 0.0K)
    Checking Rule Prereqs_InferLatch (Rule 145 of total 304) .... done (Time = 0.00s, Memory = 0.0K)
    Checking Rule STARC05-2.1.5.3 (Rule 146 of total 304) .... done (Time = 0.00s, Memory = 0.0K)
    Checking Rule STARC05-2.2.3.3 (Rule 147 of total 304) .... done (Time = 0.00s, Memory = 0.0K)
    Checking Rule STARC05-2.3.1.6 (Rule 148 of total 304) .... done (Time = 0.00s, Memory = 0.0K)
    Checking Rule STARC05-2.10.2.3 (Rule 149 of total 304) .... done (Time = 0.00s, Memory = 24.0K)
    Checking Rule STARC05-2.10.3.2a (Rule 150 of total 304) .... done (Time = 0.00s, Memory = 0.0K)
    Checking Rule STARC05-2.11.3.1 (Rule 151 of total 304) .... done (Time = 0.00s, Memory = 0.0K)
    Checking Rule STARC05-2.1.3.1 (Rule 152 of total 304) .... done (Time = 0.00s, Memory = 32.0K)
    Checking Rule STARC05-2.10.1.4a (Rule 153 of total 304) .... done (Time = 0.00s, Memory = 0.0K)
    Checking Rule STARC05-2.10.1.4b (Rule 154 of total 304) .... done (Time = 0.00s, Memory = 0.0K)
    Checking Rule sim_race02 (Rule 155 of total 304) .... done (Time = 0.00s, Memory = 0.0K)
    Checking Rule W110 (Rule 156 of total 304) .... done (Time = 0.00s, Memory = 0.0K)
    Checking Rule W122 (Rule 157 of total 304) .... done (Time = 0.00s, Memory = 0.0K)
    Checking Rule W496a (Rule 158 of total 304) .... done (Time = 0.00s, Memory = 0.0K)
    Checking Rule W19 (Rule 159 of total 304) .... done (Time = 0.00s, Memory = 0.0K)
    Checking Rule W66 (Rule 160 of total 304) .... done (Time = 0.00s, Memory = 0.0K)
    Checking Rule W116 (Rule 161 of total 304) .... done (Time = 0.00s, Memory = 0.0K)
    Checking Rule W123 (Rule 162 of total 304) .... done (Time = 0.00s, Memory = 16.0K)
    Checking Rule W156 (Rule 163 of total 304) .... done (Time = 0.00s, Memory = 0.0K)
    Checking Rule W215 (Rule 164 of total 304) .... done (Time = 0.00s, Memory = 0.0K)
    Checking Rule W216 (Rule 165 of total 304) .... done (Time = 0.00s, Memory = 0.0K)
    Checking Rule W218 (Rule 166 of total 304) .... done (Time = 0.00s, Memory = 0.0K)
    Checking Rule W224 (Rule 167 of total 304) .... done (Time = 0.00s, Memory = 0.0K)
    Checking Rule W263 (Rule 168 of total 304) .... done (Time = 0.00s, Memory = 0.0K)
    Checking Rule W289 (Rule 169 of total 304) .... done (Time = 0.00s, Memory = 0.0K)
    Checking Rule W337 (Rule 170 of total 304) .... done (Time = 0.00s, Memory = 0.0K)
    Checking Rule W352 (Rule 171 of total 304) .... done (Time = 0.00s, Memory = 0.0K)
    Checking Rule W362 (Rule 172 of total 304) .... done (Time = 0.00s, Memory = 0.0K)
    Checking Rule W415a (Rule 173 of total 304) .... done (Time = 0.00s, Memory = 8.0K)
    Checking Rule W486 (Rule 174 of total 304) .... done (Time = 0.00s, Memory = 0.0K)
    Checking Rule W499 (Rule 175 of total 304) .... done (Time = 0.00s, Memory = 0.0K)
    Checking Rule W502 (Rule 176 of total 304) .... done (Time = 0.00s, Memory = 0.0K)
    Checking Rule W116 (Rule 177 of total 304) .... done (Time = 0.00s, Memory = 0.0K)
    Checking Rule W122 (Rule 178 of total 304) .... done (Time = 0.00s, Memory = 0.0K)
    Checking Rule W123 (Rule 179 of total 304) .... done (Time = 0.00s, Memory = 0.0K)
    Checking Rule W156 (Rule 180 of total 304) .... done (Time = 0.00s, Memory = 0.0K)
    Checking Rule W71 (Rule 181 of total 304) .... done (Time = 0.00s, Memory = 0.0K)
    Checking Rule W240 (Rule 182 of total 304) .... done (Time = 0.00s, Memory = 0.0K)
    Checking Rule W240 (Rule 183 of total 304) .... done (Time = 0.00s, Memory = 0.0K)
    Checking Rule W287a (Rule 184 of total 304) .... done (Time = 0.00s, Memory = -24.0K)
    Checking Rule W293 (Rule 185 of total 304) .... done (Time = 0.00s, Memory = 0.0K)
    Checking Rule W398 (Rule 186 of total 304) .... done (Time = 0.00s, Memory = 0.0K)
    Checking Rule W424 (Rule 187 of total 304) .... done (Time = 0.00s, Memory = 0.0K)
    Checking Rule W467 (Rule 188 of total 304) .... done (Time = 0.00s, Memory = 0.0K)
    Checking Rule W505 (Rule 189 of total 304) .... done (Time = 0.00s, Memory = 0.0K)
    Checking Rule W505 (Rule 190 of total 304) .... done (Time = 0.00s, Memory = 0.0K)
    Checking Rule W528 (Rule 191 of total 304) .... done (Time = 0.00s, Memory = 0.0K)
    Checking Rule W528 (Rule 192 of total 304) .... done (Time = 0.00s, Memory = 584.0K)
    Checking Rule Prereqs_Usage (Rule 193 of total 304) .... done (Time = 0.00s, Memory = -16.0K)
    Checking Rule Postreqs_CheckFuncTask (Rule 194 of total 304) .... done (Time = 0.00s, Memory = 0.0K)
    Checking Rule Prereqs_ConstantInput-ML (Rule 195 of total 304) .... done (Time = 0.00s, Memory = 0.0K)
    Checking Rule Prereqs_ConstantInput-ML (Rule 196 of total 304) .... done (Time = 0.00s, Memory = 32.0K)
    Checking Rule Prereqs_RptNegEdgeFF-ML (Rule 197 of total 304) .... done (Time = 0.00s, Memory = 0.0K)
    Checking Rule ReportPortInfo-ML (Rule 198 of total 304) .... done (Time = 0.00s, Memory = 0.0K)
    Checking Rule Prereqs_ReportPortInfo-ML (Rule 199 of total 304) .... done (Time = 0.00s, Memory = 0.0K)
    Checking Rule Prereqs_ReportPortInfo-ML (Rule 200 of total 304) .... done (Time = 0.00s, Memory = 0.0K)
    Checking Rule NoAssignX-ML (Rule 201 of total 304) .... done (Time = 0.00s, Memory = 0.0K)
    Checking Rule ParamWidthMismatch-ML (Rule 202 of total 304) .... done (Time = 0.00s, Memory = 0.0K)
    Checking Rule Postreqs_Usage_ML (Rule 203 of total 304) .... done (Time = 0.00s, Memory = -32.0K)
    Checking Rule NoXInCase-ML (Rule 204 of total 304) .... done (Time = 0.00s, Memory = 0.0K)
Checking ELABDU Rules for designUnit WORK_mac_col_8_20_8_6
    Checking Rule Ac_classify_param01 (Rule 140 of total 304) .... done (Time = 0.00s, Memory = 0.0K)
    Checking Rule AcOvlRtl (Rule 141 of total 304) .... done (Time = 0.00s, Memory = 0.0K)
    Checking Rule AcOvlRtl (Rule 142 of total 304) .... done (Time = 0.00s, Memory = 32.0K)
    Checking Rule Prereqs_STARC-2.3.6.1 (Rule 143 of total 304) .... done (Time = 0.00s, Memory = 0.0K)
    Checking Rule GenTopLevelBlocksForAutoSoc (Rule 144 of total 304) .... done (Time = 0.00s, Memory = 0.0K)
    Checking Rule Prereqs_InferLatch (Rule 145 of total 304) .... done (Time = 0.00s, Memory = 0.0K)
    Checking Rule STARC05-2.1.5.3 (Rule 146 of total 304) .... done (Time = 0.00s, Memory = 0.0K)
    Checking Rule STARC05-2.2.3.3 (Rule 147 of total 304) .... done (Time = 0.00s, Memory = 0.0K)
    Checking Rule STARC05-2.3.1.6 (Rule 148 of total 304) .... done (Time = 0.00s, Memory = 0.0K)
    Checking Rule STARC05-2.10.2.3 (Rule 149 of total 304) .... done (Time = 0.00s, Memory = 32.0K)
    Checking Rule STARC05-2.10.3.2a (Rule 150 of total 304) .... done (Time = 0.00s, Memory = 0.0K)
    Checking Rule STARC05-2.11.3.1 (Rule 151 of total 304) .... done (Time = 0.00s, Memory = -24.0K)
    Checking Rule STARC05-2.1.3.1 (Rule 152 of total 304) .... done (Time = 0.00s, Memory = 0.0K)
    Checking Rule STARC05-2.10.1.4a (Rule 153 of total 304) .... done (Time = 0.00s, Memory = -8.0K)
    Checking Rule STARC05-2.10.1.4b (Rule 154 of total 304) .... done (Time = 0.00s, Memory = 0.0K)
    Checking Rule sim_race02 (Rule 155 of total 304) .... done (Time = 0.00s, Memory = 0.0K)
    Checking Rule W110 (Rule 156 of total 304) .... done (Time = 0.00s, Memory = 0.0K)
    Checking Rule W122 (Rule 157 of total 304) .... done (Time = 0.00s, Memory = 0.0K)
    Checking Rule W496a (Rule 158 of total 304) .... done (Time = 0.00s, Memory = 0.0K)
    Checking Rule W19 (Rule 159 of total 304) .... done (Time = 0.00s, Memory = 0.0K)
    Checking Rule W66 (Rule 160 of total 304) .... done (Time = 0.00s, Memory = 0.0K)
    Checking Rule W116 (Rule 161 of total 304) .... done (Time = 0.00s, Memory = 0.0K)
    Checking Rule W123 (Rule 162 of total 304) .... done (Time = 0.00s, Memory = 16.0K)
    Checking Rule W156 (Rule 163 of total 304) .... done (Time = 0.00s, Memory = 8.0K)
    Checking Rule W215 (Rule 164 of total 304) .... done (Time = 0.00s, Memory = 0.0K)
    Checking Rule W216 (Rule 165 of total 304) .... done (Time = 0.00s, Memory = -8.0K)
    Checking Rule W218 (Rule 166 of total 304) .... done (Time = 0.00s, Memory = 0.0K)
    Checking Rule W224 (Rule 167 of total 304) .... done (Time = 0.00s, Memory = 0.0K)
    Checking Rule W263 (Rule 168 of total 304) .... done (Time = 0.00s, Memory = 0.0K)
    Checking Rule W289 (Rule 169 of total 304) .... done (Time = 0.00s, Memory = 0.0K)
    Checking Rule W337 (Rule 170 of total 304) .... done (Time = 0.00s, Memory = 8.0K)
    Checking Rule W352 (Rule 171 of total 304) .... done (Time = 0.00s, Memory = 0.0K)
    Checking Rule W362 (Rule 172 of total 304) .... done (Time = 0.00s, Memory = 0.0K)
    Checking Rule W415a (Rule 173 of total 304) .... done (Time = 0.00s, Memory = 0.0K)
    Checking Rule W486 (Rule 174 of total 304) .... done (Time = 0.00s, Memory = 0.0K)
    Checking Rule W499 (Rule 175 of total 304) .... done (Time = 0.00s, Memory = 0.0K)
    Checking Rule W502 (Rule 176 of total 304) .... done (Time = 0.00s, Memory = 0.0K)
    Checking Rule W116 (Rule 177 of total 304) .... done (Time = 0.00s, Memory = 0.0K)
    Checking Rule W122 (Rule 178 of total 304) .... done (Time = 0.00s, Memory = 0.0K)
    Checking Rule W123 (Rule 179 of total 304) .... done (Time = 0.00s, Memory = 0.0K)
    Checking Rule W156 (Rule 180 of total 304) .... done (Time = 0.00s, Memory = 0.0K)
    Checking Rule W71 (Rule 181 of total 304) .... done (Time = 0.00s, Memory = 0.0K)
    Checking Rule W240 (Rule 182 of total 304) .... done (Time = 0.00s, Memory = 0.0K)
    Checking Rule W240 (Rule 183 of total 304) .... done (Time = 0.00s, Memory = 0.0K)
    Checking Rule W287a (Rule 184 of total 304) .... done (Time = 0.00s, Memory = 0.0K)
    Checking Rule W293 (Rule 185 of total 304) .... done (Time = 0.00s, Memory = 0.0K)
    Checking Rule W398 (Rule 186 of total 304) .... done (Time = 0.00s, Memory = 0.0K)
    Checking Rule W424 (Rule 187 of total 304) .... done (Time = 0.00s, Memory = 32.0K)
    Checking Rule W467 (Rule 188 of total 304) .... done (Time = 0.00s, Memory = 0.0K)
    Checking Rule W505 (Rule 189 of total 304) .... done (Time = 0.00s, Memory = 0.0K)
    Checking Rule W505 (Rule 190 of total 304) .... done (Time = 0.00s, Memory = 0.0K)
    Checking Rule W528 (Rule 191 of total 304) .... done (Time = 0.00s, Memory = 32.0K)
    Checking Rule W528 (Rule 192 of total 304) .... done (Time = 0.00s, Memory = 584.0K)
    Checking Rule Prereqs_Usage (Rule 193 of total 304) .... done (Time = 0.00s, Memory = -16.0K)
    Checking Rule Postreqs_CheckFuncTask (Rule 194 of total 304) .... done (Time = 0.00s, Memory = 0.0K)
    Checking Rule Prereqs_ConstantInput-ML (Rule 195 of total 304) .... done (Time = 0.00s, Memory = 0.0K)
    Checking Rule Prereqs_ConstantInput-ML (Rule 196 of total 304) .... done (Time = 0.00s, Memory = 32.0K)
    Checking Rule Prereqs_RptNegEdgeFF-ML (Rule 197 of total 304) .... done (Time = 0.00s, Memory = 0.0K)
    Checking Rule ReportPortInfo-ML (Rule 198 of total 304) .... done (Time = 0.00s, Memory = 0.0K)
    Checking Rule Prereqs_ReportPortInfo-ML (Rule 199 of total 304) .... done (Time = 0.00s, Memory = 0.0K)
    Checking Rule Prereqs_ReportPortInfo-ML (Rule 200 of total 304) .... done (Time = 0.00s, Memory = 0.0K)
    Checking Rule NoAssignX-ML (Rule 201 of total 304) .... done (Time = 0.00s, Memory = 0.0K)
    Checking Rule ParamWidthMismatch-ML (Rule 202 of total 304) .... done (Time = 0.00s, Memory = -8.0K)
    Checking Rule Postreqs_Usage_ML (Rule 203 of total 304) .... done (Time = 0.00s, Memory = 0.0K)
    Checking Rule NoXInCase-ML (Rule 204 of total 304) .... done (Time = 0.00s, Memory = 0.0K)
Checking ELABDU Rules for designUnit WORK_mac_col_8_20_8_7
    Checking Rule Ac_classify_param01 (Rule 140 of total 304) .... done (Time = 0.00s, Memory = 0.0K)
    Checking Rule AcOvlRtl (Rule 141 of total 304) .... done (Time = 0.00s, Memory = 0.0K)
    Checking Rule AcOvlRtl (Rule 142 of total 304) .... done (Time = 0.00s, Memory = 32.0K)
    Checking Rule Prereqs_STARC-2.3.6.1 (Rule 143 of total 304) .... done (Time = 0.00s, Memory = 0.0K)
    Checking Rule GenTopLevelBlocksForAutoSoc (Rule 144 of total 304) .... done (Time = 0.00s, Memory = 0.0K)
    Checking Rule Prereqs_InferLatch (Rule 145 of total 304) .... done (Time = 0.00s, Memory = 0.0K)
    Checking Rule STARC05-2.1.5.3 (Rule 146 of total 304) .... done (Time = 0.00s, Memory = 32.0K)
    Checking Rule STARC05-2.2.3.3 (Rule 147 of total 304) .... done (Time = 0.00s, Memory = 0.0K)
    Checking Rule STARC05-2.3.1.6 (Rule 148 of total 304) .... done (Time = 0.00s, Memory = 32.0K)
    Checking Rule STARC05-2.10.2.3 (Rule 149 of total 304) .... done (Time = 0.00s, Memory = 0.0K)
    Checking Rule STARC05-2.10.3.2a (Rule 150 of total 304) .... done (Time = 0.00s, Memory = -8.0K)
    Checking Rule STARC05-2.11.3.1 (Rule 151 of total 304) .... done (Time = 0.00s, Memory = 0.0K)
    Checking Rule STARC05-2.1.3.1 (Rule 152 of total 304) .... done (Time = 0.00s, Memory = 0.0K)
    Checking Rule STARC05-2.10.1.4a (Rule 153 of total 304) .... done (Time = 0.00s, Memory = 0.0K)
    Checking Rule STARC05-2.10.1.4b (Rule 154 of total 304) .... done (Time = 0.00s, Memory = 0.0K)
    Checking Rule sim_race02 (Rule 155 of total 304) .... done (Time = 0.01s, Memory = 0.0K)
    Checking Rule W110 (Rule 156 of total 304) .... done (Time = 0.00s, Memory = 0.0K)
    Checking Rule W122 (Rule 157 of total 304) .... done (Time = 0.00s, Memory = 0.0K)
    Checking Rule W496a (Rule 158 of total 304) .... done (Time = 0.00s, Memory = 0.0K)
    Checking Rule W19 (Rule 159 of total 304) .... done (Time = 0.00s, Memory = 0.0K)
    Checking Rule W66 (Rule 160 of total 304) .... done (Time = 0.00s, Memory = 0.0K)
    Checking Rule W116 (Rule 161 of total 304) .... done (Time = 0.00s, Memory = 0.0K)
    Checking Rule W123 (Rule 162 of total 304) .... done (Time = 0.00s, Memory = 16.0K)
    Checking Rule W156 (Rule 163 of total 304) .... done (Time = 0.00s, Memory = 0.0K)
    Checking Rule W215 (Rule 164 of total 304) .... done (Time = 0.00s, Memory = 0.0K)
    Checking Rule W216 (Rule 165 of total 304) .... done (Time = 0.00s, Memory = 0.0K)
    Checking Rule W218 (Rule 166 of total 304) .... done (Time = 0.00s, Memory = 0.0K)
    Checking Rule W224 (Rule 167 of total 304) .... done (Time = 0.00s, Memory = 0.0K)
    Checking Rule W263 (Rule 168 of total 304) .... done (Time = 0.00s, Memory = 32.0K)
    Checking Rule W289 (Rule 169 of total 304) .... done (Time = 0.00s, Memory = -8.0K)
    Checking Rule W337 (Rule 170 of total 304) .... done (Time = 0.00s, Memory = 0.0K)
    Checking Rule W352 (Rule 171 of total 304) .... done (Time = 0.00s, Memory = -24.0K)
    Checking Rule W362 (Rule 172 of total 304) .... done (Time = 0.00s, Memory = 0.0K)
    Checking Rule W415a (Rule 173 of total 304) .... done (Time = 0.00s, Memory = 0.0K)
    Checking Rule W486 (Rule 174 of total 304) .... done (Time = 0.00s, Memory = 0.0K)
    Checking Rule W499 (Rule 175 of total 304) .... done (Time = 0.00s, Memory = 0.0K)
    Checking Rule W502 (Rule 176 of total 304) .... done (Time = 0.00s, Memory = 0.0K)
    Checking Rule W116 (Rule 177 of total 304) .... done (Time = 0.00s, Memory = 0.0K)
    Checking Rule W122 (Rule 178 of total 304) .... done (Time = 0.00s, Memory = 0.0K)
    Checking Rule W123 (Rule 179 of total 304) .... done (Time = 0.00s, Memory = 0.0K)
    Checking Rule W156 (Rule 180 of total 304) .... done (Time = 0.00s, Memory = 0.0K)
    Checking Rule W71 (Rule 181 of total 304) .... done (Time = 0.00s, Memory = 0.0K)
    Checking Rule W240 (Rule 182 of total 304) .... done (Time = 0.00s, Memory = 0.0K)
    Checking Rule W240 (Rule 183 of total 304) .... done (Time = 0.00s, Memory = 0.0K)
    Checking Rule W287a (Rule 184 of total 304) .... done (Time = 0.00s, Memory = 24.0K)
    Checking Rule W293 (Rule 185 of total 304) .... done (Time = 0.00s, Memory = 0.0K)
    Checking Rule W398 (Rule 186 of total 304) .... done (Time = 0.00s, Memory = 32.0K)
    Checking Rule W424 (Rule 187 of total 304) .... done (Time = 0.00s, Memory = 8.0K)
    Checking Rule W467 (Rule 188 of total 304) .... done (Time = 0.00s, Memory = 0.0K)
    Checking Rule W505 (Rule 189 of total 304) .... done (Time = 0.00s, Memory = 0.0K)
    Checking Rule W505 (Rule 190 of total 304) .... done (Time = 0.00s, Memory = 0.0K)
    Checking Rule W528 (Rule 191 of total 304) .... done (Time = 0.00s, Memory = 0.0K)
    Checking Rule W528 (Rule 192 of total 304) .... done (Time = 0.00s, Memory = 584.0K)
    Checking Rule Prereqs_Usage (Rule 193 of total 304) .... done (Time = 0.00s, Memory = -16.0K)
    Checking Rule Postreqs_CheckFuncTask (Rule 194 of total 304) .... done (Time = 0.00s, Memory = 0.0K)
    Checking Rule Prereqs_ConstantInput-ML (Rule 195 of total 304) .... done (Time = 0.00s, Memory = 0.0K)
    Checking Rule Prereqs_ConstantInput-ML (Rule 196 of total 304) .... done (Time = 0.00s, Memory = 32.0K)
    Checking Rule Prereqs_RptNegEdgeFF-ML (Rule 197 of total 304) .... done (Time = 0.01s, Memory = 8.0K)
    Checking Rule ReportPortInfo-ML (Rule 198 of total 304) .... done (Time = 0.00s, Memory = 0.0K)
    Checking Rule Prereqs_ReportPortInfo-ML (Rule 199 of total 304) .... done (Time = 0.00s, Memory = 0.0K)
    Checking Rule Prereqs_ReportPortInfo-ML (Rule 200 of total 304) .... done (Time = 0.00s, Memory = -8.0K)
    Checking Rule NoAssignX-ML (Rule 201 of total 304) .... done (Time = 0.00s, Memory = 0.0K)
    Checking Rule ParamWidthMismatch-ML (Rule 202 of total 304) .... done (Time = 0.00s, Memory = 0.0K)
    Checking Rule Postreqs_Usage_ML (Rule 203 of total 304) .... done (Time = 0.00s, Memory = 0.0K)
    Checking Rule NoXInCase-ML (Rule 204 of total 304) .... done (Time = 0.00s, Memory = 0.0K)
Checking ELABDU Rules for designUnit WORK_mac_col_8_20_8_8
    Checking Rule Ac_classify_param01 (Rule 140 of total 304) .... done (Time = 0.00s, Memory = 0.0K)
    Checking Rule AcOvlRtl (Rule 141 of total 304) .... done (Time = 0.00s, Memory = 0.0K)
    Checking Rule AcOvlRtl (Rule 142 of total 304) .... done (Time = 0.00s, Memory = 32.0K)
    Checking Rule Prereqs_STARC-2.3.6.1 (Rule 143 of total 304) .... done (Time = 0.00s, Memory = 0.0K)
    Checking Rule GenTopLevelBlocksForAutoSoc (Rule 144 of total 304) .... done (Time = 0.00s, Memory = 0.0K)
    Checking Rule Prereqs_InferLatch (Rule 145 of total 304) .... done (Time = 0.00s, Memory = 8.0K)
    Checking Rule STARC05-2.1.5.3 (Rule 146 of total 304) .... done (Time = 0.00s, Memory = 0.0K)
    Checking Rule STARC05-2.2.3.3 (Rule 147 of total 304) .... done (Time = 0.00s, Memory = -24.0K)
    Checking Rule STARC05-2.3.1.6 (Rule 148 of total 304) .... done (Time = 0.00s, Memory = 0.0K)
    Checking Rule STARC05-2.10.2.3 (Rule 149 of total 304) .... done (Time = 0.00s, Memory = 0.0K)
    Checking Rule STARC05-2.10.3.2a (Rule 150 of total 304) .... done (Time = 0.00s, Memory = 0.0K)
    Checking Rule STARC05-2.11.3.1 (Rule 151 of total 304) .... done (Time = 0.00s, Memory = 0.0K)
    Checking Rule STARC05-2.1.3.1 (Rule 152 of total 304) .... done (Time = 0.00s, Memory = 0.0K)
    Checking Rule STARC05-2.10.1.4a (Rule 153 of total 304) .... done (Time = 0.00s, Memory = 0.0K)
    Checking Rule STARC05-2.10.1.4b (Rule 154 of total 304) .... done (Time = 0.00s, Memory = 0.0K)
    Checking Rule sim_race02 (Rule 155 of total 304) .... done (Time = 0.00s, Memory = 0.0K)
    Checking Rule W110 (Rule 156 of total 304) .... done (Time = 0.00s, Memory = 0.0K)
    Checking Rule W122 (Rule 157 of total 304) .... done (Time = 0.00s, Memory = 0.0K)
    Checking Rule W496a (Rule 158 of total 304) .... done (Time = 0.00s, Memory = 0.0K)
    Checking Rule W19 (Rule 159 of total 304) .... done (Time = 0.00s, Memory = 24.0K)
    Checking Rule W66 (Rule 160 of total 304) .... done (Time = 0.00s, Memory = 0.0K)
    Checking Rule W116 (Rule 161 of total 304) .... done (Time = 0.00s, Memory = -8.0K)
    Checking Rule W123 (Rule 162 of total 304) .... done (Time = 0.00s, Memory = 24.0K)
    Checking Rule W156 (Rule 163 of total 304) .... done (Time = 0.00s, Memory = 0.0K)
    Checking Rule W215 (Rule 164 of total 304) .... done (Time = 0.00s, Memory = 0.0K)
    Checking Rule W216 (Rule 165 of total 304) .... done (Time = 0.00s, Memory = 0.0K)
    Checking Rule W218 (Rule 166 of total 304) .... done (Time = 0.00s, Memory = 0.0K)
    Checking Rule W224 (Rule 167 of total 304) .... done (Time = 0.00s, Memory = 0.0K)
    Checking Rule W263 (Rule 168 of total 304) .... done (Time = 0.00s, Memory = 0.0K)
    Checking Rule W289 (Rule 169 of total 304) .... done (Time = 0.00s, Memory = 0.0K)
    Checking Rule W337 (Rule 170 of total 304) .... done (Time = 0.00s, Memory = 0.0K)
    Checking Rule W352 (Rule 171 of total 304) .... done (Time = 0.00s, Memory = 0.0K)
    Checking Rule W362 (Rule 172 of total 304) .... done (Time = 0.00s, Memory = 0.0K)
    Checking Rule W415a (Rule 173 of total 304) .... done (Time = 0.00s, Memory = 0.0K)
    Checking Rule W486 (Rule 174 of total 304) .... done (Time = 0.00s, Memory = 0.0K)
    Checking Rule W499 (Rule 175 of total 304) .... done (Time = 0.00s, Memory = 0.0K)
    Checking Rule W502 (Rule 176 of total 304) .... done (Time = 0.00s, Memory = 0.0K)
    Checking Rule W116 (Rule 177 of total 304) .... done (Time = 0.00s, Memory = 0.0K)
    Checking Rule W122 (Rule 178 of total 304) .... done (Time = 0.00s, Memory = 0.0K)
    Checking Rule W123 (Rule 179 of total 304) .... done (Time = 0.00s, Memory = 0.0K)
    Checking Rule W156 (Rule 180 of total 304) .... done (Time = 0.00s, Memory = 0.0K)
    Checking Rule W71 (Rule 181 of total 304) .... done (Time = 0.00s, Memory = 0.0K)
    Checking Rule W240 (Rule 182 of total 304) .... done (Time = 0.00s, Memory = 0.0K)
    Checking Rule W240 (Rule 183 of total 304) .... done (Time = 0.00s, Memory = 0.0K)
    Checking Rule W287a (Rule 184 of total 304) .... done (Time = 0.00s, Memory = 24.0K)
    Checking Rule W293 (Rule 185 of total 304) .... done (Time = 0.00s, Memory = 0.0K)
    Checking Rule W398 (Rule 186 of total 304) .... done (Time = 0.00s, Memory = 0.0K)
    Checking Rule W424 (Rule 187 of total 304) .... done (Time = 0.00s, Memory = 0.0K)
    Checking Rule W467 (Rule 188 of total 304) .... done (Time = 0.00s, Memory = -8.0K)
    Checking Rule W505 (Rule 189 of total 304) .... done (Time = 0.00s, Memory = 0.0K)
    Checking Rule W505 (Rule 190 of total 304) .... done (Time = 0.00s, Memory = 0.0K)
    Checking Rule W528 (Rule 191 of total 304) .... done (Time = 0.00s, Memory = 0.0K)
    Checking Rule W528 (Rule 192 of total 304) .... done (Time = 0.00s, Memory = 584.0K)
    Checking Rule Prereqs_Usage (Rule 193 of total 304) .... done (Time = 0.00s, Memory = -16.0K)
    Checking Rule Postreqs_CheckFuncTask (Rule 194 of total 304) .... done (Time = 0.00s, Memory = 0.0K)
    Checking Rule Prereqs_ConstantInput-ML (Rule 195 of total 304) .... done (Time = 0.00s, Memory = 0.0K)
    Checking Rule Prereqs_ConstantInput-ML (Rule 196 of total 304) .... done (Time = 0.00s, Memory = 32.0K)
    Checking Rule Prereqs_RptNegEdgeFF-ML (Rule 197 of total 304) .... done (Time = 0.00s, Memory = -8.0K)
    Checking Rule ReportPortInfo-ML (Rule 198 of total 304) .... done (Time = 0.00s, Memory = 8.0K)
    Checking Rule Prereqs_ReportPortInfo-ML (Rule 199 of total 304) .... done (Time = 0.00s, Memory = 0.0K)
    Checking Rule Prereqs_ReportPortInfo-ML (Rule 200 of total 304) .... done (Time = 0.00s, Memory = 0.0K)
    Checking Rule NoAssignX-ML (Rule 201 of total 304) .... done (Time = 0.00s, Memory = 0.0K)
    Checking Rule ParamWidthMismatch-ML (Rule 202 of total 304) .... done (Time = 0.00s, Memory = 0.0K)
    Checking Rule Postreqs_Usage_ML (Rule 203 of total 304) .... done (Time = 0.00s, Memory = 0.0K)
    Checking Rule NoXInCase-ML (Rule 204 of total 304) .... done (Time = 0.00s, Memory = 0.0K)
Checking ELABDU Rules for designUnit ofifo
    Checking Rule Ac_classify_param01 (Rule 140 of total 304) .... done (Time = 0.00s, Memory = 0.0K)
    Checking Rule AcOvlRtl (Rule 141 of total 304) .... done (Time = 0.00s, Memory = 0.0K)
    Checking Rule AcOvlRtl (Rule 142 of total 304) .... done (Time = 0.00s, Memory = 32.0K)
    Checking Rule Prereqs_STARC-2.3.6.1 (Rule 143 of total 304) .... done (Time = 0.00s, Memory = 0.0K)
    Checking Rule GenTopLevelBlocksForAutoSoc (Rule 144 of total 304) .... done (Time = 0.00s, Memory = 0.0K)
    Checking Rule Prereqs_InferLatch (Rule 145 of total 304) .... done (Time = 0.00s, Memory = 32.0K)
    Checking Rule STARC05-2.1.5.3 (Rule 146 of total 304) .... done (Time = 0.00s, Memory = 0.0K)
    Checking Rule STARC05-2.2.3.3 (Rule 147 of total 304) .... done (Time = 0.00s, Memory = 0.0K)
    Checking Rule STARC05-2.3.1.6 (Rule 148 of total 304) .... done (Time = 0.00s, Memory = 0.0K)
    Checking Rule STARC05-2.10.2.3 (Rule 149 of total 304) .... done (Time = 0.00s, Memory = 0.0K)
    Checking Rule STARC05-2.10.3.2a (Rule 150 of total 304) .... done (Time = 0.00s, Memory = 0.0K)
    Checking Rule STARC05-2.11.3.1 (Rule 151 of total 304) .... done (Time = 0.00s, Memory = 0.0K)
    Checking Rule STARC05-2.1.3.1 (Rule 152 of total 304) .... done (Time = 0.00s, Memory = 0.0K)
    Checking Rule STARC05-2.10.1.4a (Rule 153 of total 304) .... done (Time = 0.00s, Memory = 0.0K)
    Checking Rule STARC05-2.10.1.4b (Rule 154 of total 304) .... done (Time = 0.00s, Memory = 0.0K)
    Checking Rule sim_race02 (Rule 155 of total 304) .... done (Time = 0.00s, Memory = 0.0K)
    Checking Rule W110 (Rule 156 of total 304) .... done (Time = 0.00s, Memory = 0.0K)
    Checking Rule W122 (Rule 157 of total 304) .... done (Time = 0.00s, Memory = 24.0K)
    Checking Rule W496a (Rule 158 of total 304) .... done (Time = 0.00s, Memory = 0.0K)
    Checking Rule W19 (Rule 159 of total 304) .... done (Time = 0.00s, Memory = 0.0K)
    Checking Rule W66 (Rule 160 of total 304) .... done (Time = 0.00s, Memory = 0.0K)
    Checking Rule W116 (Rule 161 of total 304) .... done (Time = 0.00s, Memory = -32.0K)
    Checking Rule W123 (Rule 162 of total 304) .... done (Time = 0.00s, Memory = 16.0K)
    Checking Rule W156 (Rule 163 of total 304) .... done (Time = 0.00s, Memory = 0.0K)
    Checking Rule W215 (Rule 164 of total 304) .... done (Time = 0.00s, Memory = 0.0K)
    Checking Rule W216 (Rule 165 of total 304) .... done (Time = 0.00s, Memory = 0.0K)
    Checking Rule W218 (Rule 166 of total 304) .... done (Time = 0.00s, Memory = 0.0K)
    Checking Rule W224 (Rule 167 of total 304) .... done (Time = 0.00s, Memory = 0.0K)
    Checking Rule W263 (Rule 168 of total 304) .... done (Time = 0.00s, Memory = 32.0K)
    Checking Rule W289 (Rule 169 of total 304) .... done (Time = 0.00s, Memory = -8.0K)
    Checking Rule W337 (Rule 170 of total 304) .... done (Time = 0.00s, Memory = -24.0K)
    Checking Rule W352 (Rule 171 of total 304) .... done (Time = 0.00s, Memory = -32.0K)
    Checking Rule W362 (Rule 172 of total 304) .... done (Time = 0.00s, Memory = 0.0K)
    Checking Rule W415a (Rule 173 of total 304) .... done (Time = 0.00s, Memory = 0.0K)
    Checking Rule W486 (Rule 174 of total 304) .... done (Time = 0.00s, Memory = 0.0K)
    Checking Rule W499 (Rule 175 of total 304) .... done (Time = 0.00s, Memory = 0.0K)
    Checking Rule W502 (Rule 176 of total 304) .... done (Time = 0.00s, Memory = 0.0K)
    Checking Rule W116 (Rule 177 of total 304) .... done (Time = 0.00s, Memory = 0.0K)
    Checking Rule W122 (Rule 178 of total 304) .... done (Time = 0.00s, Memory = 0.0K)
    Checking Rule W123 (Rule 179 of total 304) .... done (Time = 0.00s, Memory = 0.0K)
    Checking Rule W156 (Rule 180 of total 304) .... done (Time = 0.00s, Memory = 0.0K)
    Checking Rule W71 (Rule 181 of total 304) .... done (Time = 0.00s, Memory = 0.0K)
    Checking Rule W240 (Rule 182 of total 304) .... done (Time = 0.00s, Memory = 0.0K)
    Checking Rule W240 (Rule 183 of total 304) .... done (Time = 0.00s, Memory = 0.0K)
    Checking Rule W287a (Rule 184 of total 304) .... done (Time = 0.00s, Memory = 0.0K)
    Checking Rule W293 (Rule 185 of total 304) .... done (Time = 0.00s, Memory = 0.0K)
    Checking Rule W398 (Rule 186 of total 304) .... done (Time = 0.00s, Memory = 0.0K)
    Checking Rule W424 (Rule 187 of total 304) .... done (Time = 0.00s, Memory = 0.0K)
    Checking Rule W467 (Rule 188 of total 304) .... done (Time = 0.00s, Memory = 0.0K)
    Checking Rule W505 (Rule 189 of total 304) .... done (Time = 0.00s, Memory = 0.0K)
    Checking Rule W505 (Rule 190 of total 304) .... done (Time = 0.00s, Memory = 0.0K)
    Checking Rule W528 (Rule 191 of total 304) .... done (Time = 0.00s, Memory = 8.0K)
    Checking Rule W528 (Rule 192 of total 304) .... done (Time = 0.00s, Memory = 584.0K)
    Checking Rule Prereqs_Usage (Rule 193 of total 304) .... done (Time = 0.00s, Memory = -8.0K)
    Checking Rule Postreqs_CheckFuncTask (Rule 194 of total 304) .... done (Time = 0.00s, Memory = 0.0K)
    Checking Rule Prereqs_ConstantInput-ML (Rule 195 of total 304) .... done (Time = 0.00s, Memory = 0.0K)
    Checking Rule Prereqs_ConstantInput-ML (Rule 196 of total 304) .... done (Time = 0.00s, Memory = 32.0K)
    Checking Rule Prereqs_RptNegEdgeFF-ML (Rule 197 of total 304) .... done (Time = 0.00s, Memory = 0.0K)
    Checking Rule ReportPortInfo-ML (Rule 198 of total 304) .... done (Time = 0.00s, Memory = 0.0K)
    Checking Rule Prereqs_ReportPortInfo-ML (Rule 199 of total 304) .... done (Time = 0.00s, Memory = 0.0K)
    Checking Rule Prereqs_ReportPortInfo-ML (Rule 200 of total 304) .... done (Time = 0.00s, Memory = 0.0K)
    Checking Rule NoAssignX-ML (Rule 201 of total 304) .... done (Time = 0.00s, Memory = 0.0K)
    Checking Rule ParamWidthMismatch-ML (Rule 202 of total 304) .... done (Time = 0.00s, Memory = 0.0K)
    Checking Rule Postreqs_Usage_ML (Rule 203 of total 304) .... done (Time = 0.00s, Memory = 0.0K)
    Checking Rule NoXInCase-ML (Rule 204 of total 304) .... done (Time = 0.00s, Memory = 0.0K)
Checking ELABDU Rules for designUnit fifo_depth16
    Checking Rule Ac_classify_param01 (Rule 140 of total 304) .... done (Time = 0.00s, Memory = 0.0K)
    Checking Rule AcOvlRtl (Rule 141 of total 304) .... done (Time = 0.00s, Memory = 0.0K)
    Checking Rule AcOvlRtl (Rule 142 of total 304) .... done (Time = 0.00s, Memory = 32.0K)
    Checking Rule Prereqs_STARC-2.3.6.1 (Rule 143 of total 304) .... done (Time = 0.00s, Memory = 0.0K)
    Checking Rule GenTopLevelBlocksForAutoSoc (Rule 144 of total 304) .... done (Time = 0.00s, Memory = 0.0K)
    Checking Rule Prereqs_InferLatch (Rule 145 of total 304) .... done (Time = 0.00s, Memory = 0.0K)
    Checking Rule STARC05-2.1.5.3 (Rule 146 of total 304) .... done (Time = 0.00s, Memory = 0.0K)
    Checking Rule STARC05-2.2.3.3 (Rule 147 of total 304) .... done (Time = 0.00s, Memory = 32.0K)
    Checking Rule STARC05-2.3.1.6 (Rule 148 of total 304) .... done (Time = 0.00s, Memory = 0.0K)
    Checking Rule STARC05-2.10.2.3 (Rule 149 of total 304) .... done (Time = 0.00s, Memory = 8.0K)
    Checking Rule STARC05-2.10.3.2a (Rule 150 of total 304) .... done (Time = 0.00s, Memory = 8.0K)
    Checking Rule STARC05-2.11.3.1 (Rule 151 of total 304) .... done (Time = 0.00s, Memory = 0.0K)
    Checking Rule STARC05-2.1.3.1 (Rule 152 of total 304) .... done (Time = 0.00s, Memory = 0.0K)
    Checking Rule STARC05-2.10.1.4a (Rule 153 of total 304) .... done (Time = 0.00s, Memory = 0.0K)
    Checking Rule STARC05-2.10.1.4b (Rule 154 of total 304) .... done (Time = 0.00s, Memory = 0.0K)
    Checking Rule sim_race02 (Rule 155 of total 304) .... done (Time = 0.00s, Memory = 0.0K)
    Checking Rule W110 (Rule 156 of total 304) .... done (Time = 0.00s, Memory = 0.0K)
    Checking Rule W122 (Rule 157 of total 304) .... done (Time = 0.00s, Memory = 0.0K)
    Checking Rule W496a (Rule 158 of total 304) .... done (Time = 0.00s, Memory = 0.0K)
    Checking Rule W19 (Rule 159 of total 304) .... done (Time = 0.00s, Memory = 24.0K)
    Checking Rule W66 (Rule 160 of total 304) .... done (Time = 0.00s, Memory = 0.0K)
    Checking Rule W116 (Rule 161 of total 304) .... done (Time = 0.00s, Memory = -32.0K)
    Checking Rule W123 (Rule 162 of total 304) .... done (Time = 0.00s, Memory = 16.0K)
    Checking Rule W156 (Rule 163 of total 304) .... done (Time = 0.00s, Memory = 0.0K)
    Checking Rule W215 (Rule 164 of total 304) .... done (Time = 0.00s, Memory = 0.0K)
    Checking Rule W216 (Rule 165 of total 304) .... done (Time = 0.00s, Memory = 0.0K)
    Checking Rule W218 (Rule 166 of total 304) .... done (Time = 0.00s, Memory = 0.0K)
    Checking Rule W224 (Rule 167 of total 304) .... done (Time = 0.00s, Memory = 0.0K)
    Checking Rule W263 (Rule 168 of total 304) .... done (Time = 0.00s, Memory = 0.0K)
    Checking Rule W289 (Rule 169 of total 304) .... done (Time = 0.00s, Memory = 0.0K)
    Checking Rule W337 (Rule 170 of total 304) .... done (Time = 0.00s, Memory = 0.0K)
    Checking Rule W352 (Rule 171 of total 304) .... done (Time = 0.00s, Memory = 0.0K)
    Checking Rule W362 (Rule 172 of total 304) .... done (Time = 0.00s, Memory = 0.0K)
    Checking Rule W415a (Rule 173 of total 304) .... done (Time = 0.00s, Memory = 0.0K)
    Checking Rule W486 (Rule 174 of total 304) .... done (Time = 0.00s, Memory = 0.0K)
    Checking Rule W499 (Rule 175 of total 304) .... done (Time = 0.00s, Memory = 0.0K)
    Checking Rule W502 (Rule 176 of total 304) .... done (Time = 0.00s, Memory = 0.0K)
    Checking Rule W116 (Rule 177 of total 304) .... done (Time = 0.00s, Memory = 0.0K)
    Checking Rule W122 (Rule 178 of total 304) .... done (Time = 0.00s, Memory = 0.0K)
    Checking Rule W123 (Rule 179 of total 304) .... done (Time = 0.00s, Memory = 0.0K)
    Checking Rule W156 (Rule 180 of total 304) .... done (Time = 0.00s, Memory = 0.0K)
    Checking Rule W71 (Rule 181 of total 304) .... done (Time = 0.00s, Memory = 0.0K)
    Checking Rule W240 (Rule 182 of total 304) .... done (Time = 0.00s, Memory = 0.0K)
    Checking Rule W240 (Rule 183 of total 304) .... done (Time = 0.00s, Memory = 0.0K)
    Checking Rule W287a (Rule 184 of total 304) .... done (Time = 0.00s, Memory = 0.0K)
    Checking Rule W293 (Rule 185 of total 304) .... done (Time = 0.00s, Memory = 0.0K)
    Checking Rule W398 (Rule 186 of total 304) .... done (Time = 0.00s, Memory = 0.0K)
    Checking Rule W424 (Rule 187 of total 304) .... done (Time = 0.00s, Memory = 0.0K)
    Checking Rule W467 (Rule 188 of total 304) .... done (Time = 0.00s, Memory = 0.0K)
    Checking Rule W505 (Rule 189 of total 304) .... done (Time = 0.00s, Memory = 0.0K)
    Checking Rule W505 (Rule 190 of total 304) .... done (Time = 0.00s, Memory = 0.0K)
    Checking Rule W528 (Rule 191 of total 304) .... done (Time = 0.00s, Memory = 0.0K)
    Checking Rule W528 (Rule 192 of total 304) .... done (Time = 0.00s, Memory = 584.0K)
    Checking Rule Prereqs_Usage (Rule 193 of total 304) .... done (Time = 0.00s, Memory = -16.0K)
    Checking Rule Postreqs_CheckFuncTask (Rule 194 of total 304) .... done (Time = 0.00s, Memory = 24.0K)
    Checking Rule Prereqs_ConstantInput-ML (Rule 195 of total 304) .... done (Time = 0.00s, Memory = 0.0K)
    Checking Rule Prereqs_ConstantInput-ML (Rule 196 of total 304) .... done (Time = 0.00s, Memory = 32.0K)
    Checking Rule Prereqs_RptNegEdgeFF-ML (Rule 197 of total 304) .... done (Time = 0.00s, Memory = 0.0K)
    Checking Rule ReportPortInfo-ML (Rule 198 of total 304) .... done (Time = 0.00s, Memory = 32.0K)
    Checking Rule Prereqs_ReportPortInfo-ML (Rule 199 of total 304) .... done (Time = 0.00s, Memory = 0.0K)
    Checking Rule Prereqs_ReportPortInfo-ML (Rule 200 of total 304) .... done (Time = 0.00s, Memory = 0.0K)
    Checking Rule NoAssignX-ML (Rule 201 of total 304) .... done (Time = 0.00s, Memory = 0.0K)
    Checking Rule ParamWidthMismatch-ML (Rule 202 of total 304) .... done (Time = 0.00s, Memory = -8.0K)
    Checking Rule Postreqs_Usage_ML (Rule 203 of total 304) .... done (Time = 0.00s, Memory = 0.0K)
    Checking Rule NoXInCase-ML (Rule 204 of total 304) .... done (Time = 0.00s, Memory = 0.0K)
Checking ELABDU Rules for designUnit fifo_mux_16_1
    Checking Rule Ac_classify_param01 (Rule 140 of total 304) .... done (Time = 0.00s, Memory = 0.0K)
    Checking Rule AcOvlRtl (Rule 141 of total 304) .... done (Time = 0.00s, Memory = 0.0K)
    Checking Rule AcOvlRtl (Rule 142 of total 304) .... done (Time = 0.00s, Memory = 32.0K)
    Checking Rule Prereqs_STARC-2.3.6.1 (Rule 143 of total 304) .... done (Time = 0.00s, Memory = 0.0K)
    Checking Rule GenTopLevelBlocksForAutoSoc (Rule 144 of total 304) .... done (Time = 0.00s, Memory = 0.0K)
    Checking Rule Prereqs_InferLatch (Rule 145 of total 304) .... done (Time = 0.00s, Memory = 0.0K)
    Checking Rule STARC05-2.1.5.3 (Rule 146 of total 304) .... done (Time = 0.00s, Memory = 0.0K)
    Checking Rule STARC05-2.2.3.3 (Rule 147 of total 304) .... done (Time = 0.00s, Memory = 0.0K)
    Checking Rule STARC05-2.3.1.6 (Rule 148 of total 304) .... done (Time = 0.00s, Memory = 0.0K)
    Checking Rule STARC05-2.10.2.3 (Rule 149 of total 304) .... done (Time = 0.00s, Memory = 0.0K)
    Checking Rule STARC05-2.10.3.2a (Rule 150 of total 304) .... done (Time = 0.00s, Memory = 8.0K)
    Checking Rule STARC05-2.11.3.1 (Rule 151 of total 304) .... done (Time = 0.00s, Memory = 8.0K)
    Checking Rule STARC05-2.1.3.1 (Rule 152 of total 304) .... done (Time = 0.00s, Memory = -8.0K)
    Checking Rule STARC05-2.10.1.4a (Rule 153 of total 304) .... done (Time = 0.00s, Memory = 0.0K)
    Checking Rule STARC05-2.10.1.4b (Rule 154 of total 304) .... done (Time = 0.00s, Memory = 0.0K)
    Checking Rule sim_race02 (Rule 155 of total 304) .... done (Time = 0.00s, Memory = 0.0K)
    Checking Rule W110 (Rule 156 of total 304) .... done (Time = 0.00s, Memory = 0.0K)
    Checking Rule W122 (Rule 157 of total 304) .... done (Time = 0.00s, Memory = 0.0K)
    Checking Rule W496a (Rule 158 of total 304) .... done (Time = 0.00s, Memory = 0.0K)
    Checking Rule W19 (Rule 159 of total 304) .... done (Time = 0.00s, Memory = 0.0K)
    Checking Rule W66 (Rule 160 of total 304) .... done (Time = 0.00s, Memory = 0.0K)
    Checking Rule W116 (Rule 161 of total 304) .... done (Time = 0.00s, Memory = 0.0K)
    Checking Rule W123 (Rule 162 of total 304) .... done (Time = 0.00s, Memory = 16.0K)
    Checking Rule W156 (Rule 163 of total 304) .... done (Time = 0.00s, Memory = 0.0K)
    Checking Rule W215 (Rule 164 of total 304) .... done (Time = 0.00s, Memory = 0.0K)
    Checking Rule W216 (Rule 165 of total 304) .... done (Time = 0.00s, Memory = 32.0K)
    Checking Rule W218 (Rule 166 of total 304) .... done (Time = 0.00s, Memory = 0.0K)
    Checking Rule W224 (Rule 167 of total 304) .... done (Time = 0.00s, Memory = -8.0K)
    Checking Rule W263 (Rule 168 of total 304) .... done (Time = 0.00s, Memory = -24.0K)
    Checking Rule W289 (Rule 169 of total 304) .... done (Time = 0.01s, Memory = 0.0K)
    Checking Rule W337 (Rule 170 of total 304) .... done (Time = 0.00s, Memory = 0.0K)
    Checking Rule W352 (Rule 171 of total 304) .... done (Time = 0.00s, Memory = 0.0K)
    Checking Rule W362 (Rule 172 of total 304) .... done (Time = 0.00s, Memory = 0.0K)
    Checking Rule W415a (Rule 173 of total 304) .... done (Time = 0.00s, Memory = 0.0K)
    Checking Rule W486 (Rule 174 of total 304) .... done (Time = 0.00s, Memory = 0.0K)
    Checking Rule W499 (Rule 175 of total 304) .... done (Time = 0.00s, Memory = 8.0K)
    Checking Rule W502 (Rule 176 of total 304) .... done (Time = 0.00s, Memory = 0.0K)
    Checking Rule W116 (Rule 177 of total 304) .... done (Time = 0.00s, Memory = 0.0K)
    Checking Rule W122 (Rule 178 of total 304) .... done (Time = 0.00s, Memory = 0.0K)
    Checking Rule W123 (Rule 179 of total 304) .... done (Time = 0.00s, Memory = 0.0K)
    Checking Rule W156 (Rule 180 of total 304) .... done (Time = 0.00s, Memory = 0.0K)
    Checking Rule W71 (Rule 181 of total 304) .... done (Time = 0.00s, Memory = 0.0K)
    Checking Rule W240 (Rule 182 of total 304) .... done (Time = 0.00s, Memory = 0.0K)
    Checking Rule W240 (Rule 183 of total 304) .... done (Time = 0.00s, Memory = 0.0K)
    Checking Rule W287a (Rule 184 of total 304) .... done (Time = 0.00s, Memory = 0.0K)
    Checking Rule W293 (Rule 185 of total 304) .... done (Time = 0.00s, Memory = 0.0K)
    Checking Rule W398 (Rule 186 of total 304) .... done (Time = 0.00s, Memory = 0.0K)
    Checking Rule W424 (Rule 187 of total 304) .... done (Time = 0.00s, Memory = 0.0K)
    Checking Rule W467 (Rule 188 of total 304) .... done (Time = 0.00s, Memory = 0.0K)
    Checking Rule W505 (Rule 189 of total 304) .... done (Time = 0.00s, Memory = 0.0K)
    Checking Rule W505 (Rule 190 of total 304) .... done (Time = 0.00s, Memory = 0.0K)
    Checking Rule W528 (Rule 191 of total 304) .... done (Time = 0.00s, Memory = 24.0K)
    Checking Rule W528 (Rule 192 of total 304) .... done (Time = 0.00s, Memory = 584.0K)
    Checking Rule Prereqs_Usage (Rule 193 of total 304) .... done (Time = 0.00s, Memory = -16.0K)
    Checking Rule Postreqs_CheckFuncTask (Rule 194 of total 304) .... done (Time = 0.00s, Memory = -24.0K)
    Checking Rule Prereqs_ConstantInput-ML (Rule 195 of total 304) .... done (Time = 0.00s, Memory = 0.0K)
    Checking Rule Prereqs_ConstantInput-ML (Rule 196 of total 304) .... done (Time = 0.00s, Memory = 32.0K)
    Checking Rule Prereqs_RptNegEdgeFF-ML (Rule 197 of total 304) .... done (Time = 0.00s, Memory = 0.0K)
    Checking Rule ReportPortInfo-ML (Rule 198 of total 304) .... done (Time = 0.00s, Memory = -8.0K)
    Checking Rule Prereqs_ReportPortInfo-ML (Rule 199 of total 304) .... done (Time = 0.00s, Memory = 0.0K)
    Checking Rule Prereqs_ReportPortInfo-ML (Rule 200 of total 304) .... done (Time = 0.00s, Memory = 8.0K)
    Checking Rule NoAssignX-ML (Rule 201 of total 304) .... done (Time = 0.00s, Memory = 0.0K)
    Checking Rule ParamWidthMismatch-ML (Rule 202 of total 304) .... done (Time = 0.00s, Memory = 0.0K)
    Checking Rule Postreqs_Usage_ML (Rule 203 of total 304) .... done (Time = 0.00s, Memory = 0.0K)
    Checking Rule NoXInCase-ML (Rule 204 of total 304) .... done (Time = 0.00s, Memory = 0.0K)
Checking ELABDU Rules for designUnit fifo_mux_8_1
    Checking Rule Ac_classify_param01 (Rule 140 of total 304) .... done (Time = 0.00s, Memory = 0.0K)
    Checking Rule AcOvlRtl (Rule 141 of total 304) .... done (Time = 0.00s, Memory = 0.0K)
    Checking Rule AcOvlRtl (Rule 142 of total 304) .... done (Time = 0.00s, Memory = 32.0K)
    Checking Rule Prereqs_STARC-2.3.6.1 (Rule 143 of total 304) .... done (Time = 0.00s, Memory = 0.0K)
    Checking Rule GenTopLevelBlocksForAutoSoc (Rule 144 of total 304) .... done (Time = 0.00s, Memory = 0.0K)
    Checking Rule Prereqs_InferLatch (Rule 145 of total 304) .... done (Time = 0.00s, Memory = 0.0K)
    Checking Rule STARC05-2.1.5.3 (Rule 146 of total 304) .... done (Time = 0.00s, Memory = 0.0K)
    Checking Rule STARC05-2.2.3.3 (Rule 147 of total 304) .... done (Time = 0.00s, Memory = 0.0K)
    Checking Rule STARC05-2.3.1.6 (Rule 148 of total 304) .... done (Time = 0.00s, Memory = 0.0K)
    Checking Rule STARC05-2.10.2.3 (Rule 149 of total 304) .... done (Time = 0.00s, Memory = -8.0K)
    Checking Rule STARC05-2.10.3.2a (Rule 150 of total 304) .... done (Time = 0.00s, Memory = -24.0K)
    Checking Rule STARC05-2.11.3.1 (Rule 151 of total 304) .... done (Time = 0.00s, Memory = 0.0K)
    Checking Rule STARC05-2.1.3.1 (Rule 152 of total 304) .... done (Time = 0.00s, Memory = 0.0K)
    Checking Rule STARC05-2.10.1.4a (Rule 153 of total 304) .... done (Time = 0.00s, Memory = 8.0K)
    Checking Rule STARC05-2.10.1.4b (Rule 154 of total 304) .... done (Time = 0.00s, Memory = 0.0K)
    Checking Rule sim_race02 (Rule 155 of total 304) .... done (Time = 0.00s, Memory = 0.0K)
    Checking Rule W110 (Rule 156 of total 304) .... done (Time = 0.00s, Memory = 0.0K)
    Checking Rule W122 (Rule 157 of total 304) .... done (Time = 0.00s, Memory = 0.0K)
    Checking Rule W496a (Rule 158 of total 304) .... done (Time = 0.00s, Memory = 0.0K)
    Checking Rule W19 (Rule 159 of total 304) .... done (Time = 0.00s, Memory = 0.0K)
    Checking Rule W66 (Rule 160 of total 304) .... done (Time = 0.00s, Memory = 0.0K)
    Checking Rule W116 (Rule 161 of total 304) .... done (Time = 0.00s, Memory = 0.0K)
    Checking Rule W123 (Rule 162 of total 304) .... done (Time = 0.00s, Memory = 16.0K)
    Checking Rule W156 (Rule 163 of total 304) .... done (Time = 0.00s, Memory = 0.0K)
    Checking Rule W215 (Rule 164 of total 304) .... done (Time = 0.00s, Memory = 24.0K)
    Checking Rule W216 (Rule 165 of total 304) .... done (Time = 0.00s, Memory = 0.0K)
    Checking Rule W218 (Rule 166 of total 304) .... done (Time = 0.00s, Memory = -24.0K)
    Checking Rule W224 (Rule 167 of total 304) .... done (Time = 0.00s, Memory = 0.0K)
    Checking Rule W263 (Rule 168 of total 304) .... done (Time = 0.00s, Memory = 0.0K)
    Checking Rule W289 (Rule 169 of total 304) .... done (Time = 0.00s, Memory = 0.0K)
    Checking Rule W337 (Rule 170 of total 304) .... done (Time = 0.00s, Memory = 0.0K)
    Checking Rule W352 (Rule 171 of total 304) .... done (Time = 0.00s, Memory = 0.0K)
    Checking Rule W362 (Rule 172 of total 304) .... done (Time = 0.00s, Memory = 0.0K)
    Checking Rule W415a (Rule 173 of total 304) .... done (Time = 0.00s, Memory = 0.0K)
    Checking Rule W486 (Rule 174 of total 304) .... done (Time = 0.00s, Memory = 0.0K)
    Checking Rule W499 (Rule 175 of total 304) .... done (Time = 0.00s, Memory = 0.0K)
    Checking Rule W502 (Rule 176 of total 304) .... done (Time = 0.00s, Memory = 0.0K)
    Checking Rule W116 (Rule 177 of total 304) .... done (Time = 0.00s, Memory = 0.0K)
    Checking Rule W122 (Rule 178 of total 304) .... done (Time = 0.00s, Memory = 0.0K)
    Checking Rule W123 (Rule 179 of total 304) .... done (Time = 0.00s, Memory = 0.0K)
    Checking Rule W156 (Rule 180 of total 304) .... done (Time = 0.00s, Memory = 0.0K)
    Checking Rule W71 (Rule 181 of total 304) .... done (Time = 0.00s, Memory = 0.0K)
    Checking Rule W240 (Rule 182 of total 304) .... done (Time = 0.00s, Memory = 8.0K)
    Checking Rule W240 (Rule 183 of total 304) .... done (Time = 0.00s, Memory = 0.0K)
    Checking Rule W287a (Rule 184 of total 304) .... done (Time = 0.00s, Memory = 0.0K)
    Checking Rule W293 (Rule 185 of total 304) .... done (Time = 0.00s, Memory = 0.0K)
    Checking Rule W398 (Rule 186 of total 304) .... done (Time = 0.00s, Memory = 0.0K)
    Checking Rule W424 (Rule 187 of total 304) .... done (Time = 0.00s, Memory = 0.0K)
    Checking Rule W467 (Rule 188 of total 304) .... done (Time = 0.00s, Memory = 0.0K)
    Checking Rule W505 (Rule 189 of total 304) .... done (Time = 0.00s, Memory = 0.0K)
    Checking Rule W505 (Rule 190 of total 304) .... done (Time = 0.00s, Memory = 0.0K)
    Checking Rule W528 (Rule 191 of total 304) .... done (Time = 0.00s, Memory = 0.0K)
    Checking Rule W528 (Rule 192 of total 304) .... done (Time = 0.00s, Memory = 584.0K)
    Checking Rule Prereqs_Usage (Rule 193 of total 304) .... done (Time = 0.00s, Memory = -16.0K)
    Checking Rule Postreqs_CheckFuncTask (Rule 194 of total 304) .... done (Time = 0.00s, Memory = 0.0K)
    Checking Rule Prereqs_ConstantInput-ML (Rule 195 of total 304) .... done (Time = 0.00s, Memory = 0.0K)
    Checking Rule Prereqs_ConstantInput-ML (Rule 196 of total 304) .... done (Time = 0.00s, Memory = 32.0K)
    Checking Rule Prereqs_RptNegEdgeFF-ML (Rule 197 of total 304) .... done (Time = 0.00s, Memory = 0.0K)
    Checking Rule ReportPortInfo-ML (Rule 198 of total 304) .... done (Time = 0.00s, Memory = 0.0K)
    Checking Rule Prereqs_ReportPortInfo-ML (Rule 199 of total 304) .... done (Time = 0.00s, Memory = 0.0K)
    Checking Rule Prereqs_ReportPortInfo-ML (Rule 200 of total 304) .... done (Time = 0.00s, Memory = 0.0K)
    Checking Rule NoAssignX-ML (Rule 201 of total 304) .... done (Time = 0.00s, Memory = 0.0K)
    Checking Rule ParamWidthMismatch-ML (Rule 202 of total 304) .... done (Time = 0.00s, Memory = 0.0K)
    Checking Rule Postreqs_Usage_ML (Rule 203 of total 304) .... done (Time = 0.00s, Memory = 0.0K)
    Checking Rule NoXInCase-ML (Rule 204 of total 304) .... done (Time = 0.00s, Memory = 0.0K)
Checking ELABDU Rules for designUnit fifo_mux_2_1
    Checking Rule Ac_classify_param01 (Rule 140 of total 304) .... done (Time = 0.00s, Memory = 0.0K)
    Checking Rule AcOvlRtl (Rule 141 of total 304) .... done (Time = 0.00s, Memory = 0.0K)
    Checking Rule AcOvlRtl (Rule 142 of total 304) .... done (Time = 0.00s, Memory = 32.0K)
    Checking Rule Prereqs_STARC-2.3.6.1 (Rule 143 of total 304) .... done (Time = 0.00s, Memory = 0.0K)
    Checking Rule GenTopLevelBlocksForAutoSoc (Rule 144 of total 304) .... done (Time = 0.00s, Memory = 0.0K)
    Checking Rule Prereqs_InferLatch (Rule 145 of total 304) .... done (Time = 0.00s, Memory = 0.0K)
    Checking Rule STARC05-2.1.5.3 (Rule 146 of total 304) .... done (Time = 0.00s, Memory = 0.0K)
    Checking Rule STARC05-2.2.3.3 (Rule 147 of total 304) .... done (Time = 0.00s, Memory = 0.0K)
    Checking Rule STARC05-2.3.1.6 (Rule 148 of total 304) .... done (Time = 0.00s, Memory = 0.0K)
    Checking Rule STARC05-2.10.2.3 (Rule 149 of total 304) .... done (Time = 0.00s, Memory = 0.0K)
    Checking Rule STARC05-2.10.3.2a (Rule 150 of total 304) .... done (Time = 0.00s, Memory = -16.0K)
    Checking Rule STARC05-2.11.3.1 (Rule 151 of total 304) .... done (Time = 0.00s, Memory = 0.0K)
    Checking Rule STARC05-2.1.3.1 (Rule 152 of total 304) .... done (Time = 0.00s, Memory = 0.0K)
    Checking Rule STARC05-2.10.1.4a (Rule 153 of total 304) .... done (Time = 0.00s, Memory = 0.0K)
    Checking Rule STARC05-2.10.1.4b (Rule 154 of total 304) .... done (Time = 0.00s, Memory = 0.0K)
    Checking Rule sim_race02 (Rule 155 of total 304) .... done (Time = 0.00s, Memory = 0.0K)
    Checking Rule W110 (Rule 156 of total 304) .... done (Time = 0.00s, Memory = 0.0K)
    Checking Rule W122 (Rule 157 of total 304) .... done (Time = 0.00s, Memory = 0.0K)
    Checking Rule W496a (Rule 158 of total 304) .... done (Time = 0.00s, Memory = 0.0K)
    Checking Rule W19 (Rule 159 of total 304) .... done (Time = 0.00s, Memory = 0.0K)
    Checking Rule W66 (Rule 160 of total 304) .... done (Time = 0.00s, Memory = 0.0K)
    Checking Rule W116 (Rule 161 of total 304) .... done (Time = 0.00s, Memory = -32.0K)
    Checking Rule W123 (Rule 162 of total 304) .... done (Time = 0.00s, Memory = 24.0K)
    Checking Rule W156 (Rule 163 of total 304) .... done (Time = 0.00s, Memory = 0.0K)
    Checking Rule W215 (Rule 164 of total 304) .... done (Time = 0.00s, Memory = 0.0K)
    Checking Rule W216 (Rule 165 of total 304) .... done (Time = 0.00s, Memory = 0.0K)
    Checking Rule W218 (Rule 166 of total 304) .... done (Time = 0.00s, Memory = 0.0K)
    Checking Rule W224 (Rule 167 of total 304) .... done (Time = 0.00s, Memory = 24.0K)
    Checking Rule W263 (Rule 168 of total 304) .... done (Time = 0.00s, Memory = -8.0K)
    Checking Rule W289 (Rule 169 of total 304) .... done (Time = 0.00s, Memory = 0.0K)
    Checking Rule W337 (Rule 170 of total 304) .... done (Time = 0.00s, Memory = 0.0K)
    Checking Rule W352 (Rule 171 of total 304) .... done (Time = 0.00s, Memory = 0.0K)
    Checking Rule W362 (Rule 172 of total 304) .... done (Time = 0.00s, Memory = 8.0K)
    Checking Rule W415a (Rule 173 of total 304) .... done (Time = 0.00s, Memory = 0.0K)
    Checking Rule W486 (Rule 174 of total 304) .... done (Time = 0.00s, Memory = 0.0K)
    Checking Rule W499 (Rule 175 of total 304) .... done (Time = 0.00s, Memory = 0.0K)
    Checking Rule W502 (Rule 176 of total 304) .... done (Time = 0.00s, Memory = 0.0K)
    Checking Rule W116 (Rule 177 of total 304) .... done (Time = 0.00s, Memory = 0.0K)
    Checking Rule W122 (Rule 178 of total 304) .... done (Time = 0.00s, Memory = 0.0K)
    Checking Rule W123 (Rule 179 of total 304) .... done (Time = 0.00s, Memory = 0.0K)
    Checking Rule W156 (Rule 180 of total 304) .... done (Time = 0.00s, Memory = 0.0K)
    Checking Rule W71 (Rule 181 of total 304) .... done (Time = 0.00s, Memory = 0.0K)
    Checking Rule W240 (Rule 182 of total 304) .... done (Time = 0.00s, Memory = 0.0K)
    Checking Rule W240 (Rule 183 of total 304) .... done (Time = 0.00s, Memory = 0.0K)
    Checking Rule W287a (Rule 184 of total 304) .... done (Time = 0.00s, Memory = 0.0K)
    Checking Rule W293 (Rule 185 of total 304) .... done (Time = 0.00s, Memory = 0.0K)
    Checking Rule W398 (Rule 186 of total 304) .... done (Time = 0.00s, Memory = 0.0K)
    Checking Rule W424 (Rule 187 of total 304) .... done (Time = 0.00s, Memory = 0.0K)
    Checking Rule W467 (Rule 188 of total 304) .... done (Time = 0.00s, Memory = 0.0K)
    Checking Rule W505 (Rule 189 of total 304) .... done (Time = 0.00s, Memory = 0.0K)
    Checking Rule W505 (Rule 190 of total 304) .... done (Time = 0.00s, Memory = 0.0K)
    Checking Rule W528 (Rule 191 of total 304) .... done (Time = 0.00s, Memory = 0.0K)
    Checking Rule W528 (Rule 192 of total 304) .... done (Time = 0.00s, Memory = 584.0K)
    Checking Rule Prereqs_Usage (Rule 193 of total 304) .... done (Time = 0.00s, Memory = -16.0K)
    Checking Rule Postreqs_CheckFuncTask (Rule 194 of total 304) .... done (Time = 0.00s, Memory = 0.0K)
    Checking Rule Prereqs_ConstantInput-ML (Rule 195 of total 304) .... done (Time = 0.00s, Memory = 0.0K)
    Checking Rule Prereqs_ConstantInput-ML (Rule 196 of total 304) .... done (Time = 0.00s, Memory = 32.0K)
    Checking Rule Prereqs_RptNegEdgeFF-ML (Rule 197 of total 304) .... done (Time = 0.00s, Memory = 0.0K)
    Checking Rule ReportPortInfo-ML (Rule 198 of total 304) .... done (Time = 0.00s, Memory = 0.0K)
    Checking Rule Prereqs_ReportPortInfo-ML (Rule 199 of total 304) .... done (Time = 0.00s, Memory = 0.0K)
    Checking Rule Prereqs_ReportPortInfo-ML (Rule 200 of total 304) .... done (Time = 0.00s, Memory = 0.0K)
    Checking Rule NoAssignX-ML (Rule 201 of total 304) .... done (Time = 0.00s, Memory = 0.0K)
    Checking Rule ParamWidthMismatch-ML (Rule 202 of total 304) .... done (Time = 0.00s, Memory = 0.0K)
    Checking Rule Postreqs_Usage_ML (Rule 203 of total 304) .... done (Time = 0.00s, Memory = 0.0K)
    Checking Rule NoXInCase-ML (Rule 204 of total 304) .... done (Time = 0.00s, Memory = 0.0K)
Checking ELABDU Rules for designUnit WORK_sram_w16_64
    Checking Rule Ac_classify_param01 (Rule 140 of total 304) .... done (Time = 0.00s, Memory = 0.0K)
    Checking Rule AcOvlRtl (Rule 141 of total 304) .... done (Time = 0.00s, Memory = 0.0K)
    Checking Rule AcOvlRtl (Rule 142 of total 304) .... done (Time = 0.00s, Memory = 32.0K)
    Checking Rule Prereqs_STARC-2.3.6.1 (Rule 143 of total 304) .... done (Time = 0.00s, Memory = 0.0K)
    Checking Rule GenTopLevelBlocksForAutoSoc (Rule 144 of total 304) .... done (Time = 0.00s, Memory = 0.0K)
    Checking Rule Prereqs_InferLatch (Rule 145 of total 304) .... done (Time = 0.00s, Memory = -8.0K)
    Checking Rule STARC05-2.1.5.3 (Rule 146 of total 304) .... done (Time = 0.00s, Memory = 0.0K)
    Checking Rule STARC05-2.2.3.3 (Rule 147 of total 304) .... done (Time = 0.01s, Memory = 0.0K)
    Checking Rule STARC05-2.3.1.6 (Rule 148 of total 304) .... done (Time = 0.00s, Memory = 0.0K)
    Checking Rule STARC05-2.10.2.3 (Rule 149 of total 304) .... done (Time = 0.00s, Memory = 0.0K)
    Checking Rule STARC05-2.10.3.2a (Rule 150 of total 304) .... done (Time = 0.00s, Memory = 0.0K)
    Checking Rule STARC05-2.11.3.1 (Rule 151 of total 304) .... done (Time = 0.00s, Memory = 0.0K)
    Checking Rule STARC05-2.1.3.1 (Rule 152 of total 304) .... done (Time = 0.00s, Memory = 0.0K)
    Checking Rule STARC05-2.10.1.4a (Rule 153 of total 304) .... done (Time = 0.00s, Memory = 0.0K)
    Checking Rule STARC05-2.10.1.4b (Rule 154 of total 304) .... done (Time = 0.00s, Memory = 32.0K)
    Checking Rule sim_race02 (Rule 155 of total 304) .... done (Time = 0.00s, Memory = 8.0K)
    Checking Rule W110 (Rule 156 of total 304) .... done (Time = 0.00s, Memory = 0.0K)
    Checking Rule W122 (Rule 157 of total 304) .... done (Time = 0.00s, Memory = 0.0K)
    Checking Rule W496a (Rule 158 of total 304) .... done (Time = 0.00s, Memory = 0.0K)
    Checking Rule W19 (Rule 159 of total 304) .... done (Time = 0.00s, Memory = 0.0K)
    Checking Rule W66 (Rule 160 of total 304) .... done (Time = 0.00s, Memory = 0.0K)
    Checking Rule W116 (Rule 161 of total 304) .... done (Time = 0.00s, Memory = 0.0K)
    Checking Rule W123 (Rule 162 of total 304) .... done (Time = 0.00s, Memory = 16.0K)
    Checking Rule W156 (Rule 163 of total 304) .... done (Time = 0.00s, Memory = 0.0K)
    Checking Rule W215 (Rule 164 of total 304) .... done (Time = 0.00s, Memory = 0.0K)
    Checking Rule W216 (Rule 165 of total 304) .... done (Time = 0.00s, Memory = 0.0K)
    Checking Rule W218 (Rule 166 of total 304) .... done (Time = 0.00s, Memory = 0.0K)
    Checking Rule W224 (Rule 167 of total 304) .... done (Time = 0.00s, Memory = 0.0K)
    Checking Rule W263 (Rule 168 of total 304) .... done (Time = 0.00s, Memory = 0.0K)
    Checking Rule W289 (Rule 169 of total 304) .... done (Time = 0.00s, Memory = 0.0K)
    Checking Rule W337 (Rule 170 of total 304) .... done (Time = 0.00s, Memory = 0.0K)
    Checking Rule W352 (Rule 171 of total 304) .... done (Time = 0.00s, Memory = 0.0K)
    Checking Rule W362 (Rule 172 of total 304) .... done (Time = 0.00s, Memory = 32.0K)
    Checking Rule W415a (Rule 173 of total 304) .... done (Time = 0.00s, Memory = -32.0K)
    Checking Rule W486 (Rule 174 of total 304) .... done (Time = 0.00s, Memory = 0.0K)
    Checking Rule W499 (Rule 175 of total 304) .... done (Time = 0.00s, Memory = 0.0K)
    Checking Rule W502 (Rule 176 of total 304) .... done (Time = 0.00s, Memory = 0.0K)
    Checking Rule W116 (Rule 177 of total 304) .... done (Time = 0.00s, Memory = 0.0K)
    Checking Rule W122 (Rule 178 of total 304) .... done (Time = 0.00s, Memory = 0.0K)
    Checking Rule W123 (Rule 179 of total 304) .... done (Time = 0.00s, Memory = 0.0K)
    Checking Rule W156 (Rule 180 of total 304) .... done (Time = 0.00s, Memory = 0.0K)
    Checking Rule W71 (Rule 181 of total 304) .... done (Time = 0.00s, Memory = 0.0K)
    Checking Rule W240 (Rule 182 of total 304) .... done (Time = 0.00s, Memory = 0.0K)
    Checking Rule W240 (Rule 183 of total 304) .... done (Time = 0.00s, Memory = 0.0K)
    Checking Rule W287a (Rule 184 of total 304) .... done (Time = 0.00s, Memory = 0.0K)
    Checking Rule W293 (Rule 185 of total 304) .... done (Time = 0.00s, Memory = 0.0K)
    Checking Rule W398 (Rule 186 of total 304) .... done (Time = 0.00s, Memory = 0.0K)
    Checking Rule W424 (Rule 187 of total 304) .... done (Time = 0.00s, Memory = 0.0K)
    Checking Rule W467 (Rule 188 of total 304) .... done (Time = 0.00s, Memory = 0.0K)
    Checking Rule W505 (Rule 189 of total 304) .... done (Time = 0.00s, Memory = 0.0K)
    Checking Rule W505 (Rule 190 of total 304) .... done (Time = 0.00s, Memory = 0.0K)
    Checking Rule W528 (Rule 191 of total 304) .... done (Time = 0.00s, Memory = 0.0K)
    Checking Rule W528 (Rule 192 of total 304) .... done (Time = 0.00s, Memory = 584.0K)
    Checking Rule Prereqs_Usage (Rule 193 of total 304) .... done (Time = 0.00s, Memory = -16.0K)
    Checking Rule Postreqs_CheckFuncTask (Rule 194 of total 304) .... done (Time = 0.00s, Memory = 0.0K)
    Checking Rule Prereqs_ConstantInput-ML (Rule 195 of total 304) .... done (Time = 0.00s, Memory = 0.0K)
    Checking Rule Prereqs_ConstantInput-ML (Rule 196 of total 304) .... done (Time = 0.00s, Memory = 32.0K)
    Checking Rule Prereqs_RptNegEdgeFF-ML (Rule 197 of total 304) .... done (Time = 0.00s, Memory = 0.0K)
    Checking Rule ReportPortInfo-ML (Rule 198 of total 304) .... done (Time = 0.00s, Memory = 0.0K)
    Checking Rule Prereqs_ReportPortInfo-ML (Rule 199 of total 304) .... done (Time = 0.00s, Memory = 0.0K)
    Checking Rule Prereqs_ReportPortInfo-ML (Rule 200 of total 304) .... done (Time = 0.00s, Memory = 0.0K)
    Checking Rule NoAssignX-ML (Rule 201 of total 304) .... done (Time = 0.00s, Memory = 0.0K)
    Checking Rule ParamWidthMismatch-ML (Rule 202 of total 304) .... done (Time = 0.00s, Memory = 0.0K)
    Checking Rule Postreqs_Usage_ML (Rule 203 of total 304) .... done (Time = 0.00s, Memory = 0.0K)
    Checking Rule NoXInCase-ML (Rule 204 of total 304) .... done (Time = 0.00s, Memory = 0.0K)
Checking ELABDU Rules for designUnit WORK_sram_w16_160
    Checking Rule Ac_classify_param01 (Rule 140 of total 304) .... done (Time = 0.00s, Memory = 0.0K)
    Checking Rule AcOvlRtl (Rule 141 of total 304) .... done (Time = 0.00s, Memory = 0.0K)
    Checking Rule AcOvlRtl (Rule 142 of total 304) .... done (Time = 0.00s, Memory = 32.0K)
    Checking Rule Prereqs_STARC-2.3.6.1 (Rule 143 of total 304) .... done (Time = 0.00s, Memory = 0.0K)
    Checking Rule GenTopLevelBlocksForAutoSoc (Rule 144 of total 304) .... done (Time = 0.00s, Memory = 0.0K)
    Checking Rule Prereqs_InferLatch (Rule 145 of total 304) .... done (Time = 0.00s, Memory = 0.0K)
    Checking Rule STARC05-2.1.5.3 (Rule 146 of total 304) .... done (Time = 0.00s, Memory = 0.0K)
    Checking Rule STARC05-2.2.3.3 (Rule 147 of total 304) .... done (Time = 0.00s, Memory = -48.0K)
    Checking Rule STARC05-2.3.1.6 (Rule 148 of total 304) .... done (Time = 0.00s, Memory = 0.0K)
    Checking Rule STARC05-2.10.2.3 (Rule 149 of total 304) .... done (Time = 0.00s, Memory = 0.0K)
    Checking Rule STARC05-2.10.3.2a (Rule 150 of total 304) .... done (Time = 0.00s, Memory = 0.0K)
    Checking Rule STARC05-2.11.3.1 (Rule 151 of total 304) .... done (Time = 0.00s, Memory = 0.0K)
    Checking Rule STARC05-2.1.3.1 (Rule 152 of total 304) .... done (Time = 0.00s, Memory = 0.0K)
    Checking Rule STARC05-2.10.1.4a (Rule 153 of total 304) .... done (Time = 0.00s, Memory = 0.0K)
    Checking Rule STARC05-2.10.1.4b (Rule 154 of total 304) .... done (Time = 0.00s, Memory = 0.0K)
    Checking Rule sim_race02 (Rule 155 of total 304) .... done (Time = 0.00s, Memory = 0.0K)
    Checking Rule W110 (Rule 156 of total 304) .... done (Time = 0.00s, Memory = 0.0K)
    Checking Rule W122 (Rule 157 of total 304) .... done (Time = 0.00s, Memory = 0.0K)
    Checking Rule W496a (Rule 158 of total 304) .... done (Time = 0.00s, Memory = 8.0K)
    Checking Rule W19 (Rule 159 of total 304) .... done (Time = 0.00s, Memory = 0.0K)
    Checking Rule W66 (Rule 160 of total 304) .... done (Time = 0.00s, Memory = 0.0K)
    Checking Rule W116 (Rule 161 of total 304) .... done (Time = 0.00s, Memory = 0.0K)
    Checking Rule W123 (Rule 162 of total 304) .... done (Time = 0.00s, Memory = 24.0K)
    Checking Rule W156 (Rule 163 of total 304) .... done (Time = 0.00s, Memory = 0.0K)
    Checking Rule W215 (Rule 164 of total 304) .... done (Time = 0.00s, Memory = 0.0K)
    Checking Rule W216 (Rule 165 of total 304) .... done (Time = 0.00s, Memory = 0.0K)
    Checking Rule W218 (Rule 166 of total 304) .... done (Time = 0.00s, Memory = 0.0K)
    Checking Rule W224 (Rule 167 of total 304) .... done (Time = 0.00s, Memory = 0.0K)
    Checking Rule W263 (Rule 168 of total 304) .... done (Time = 0.00s, Memory = 0.0K)
    Checking Rule W289 (Rule 169 of total 304) .... done (Time = 0.00s, Memory = 0.0K)
    Checking Rule W337 (Rule 170 of total 304) .... done (Time = 0.00s, Memory = 0.0K)
    Checking Rule W352 (Rule 171 of total 304) .... done (Time = 0.00s, Memory = 0.0K)
    Checking Rule W362 (Rule 172 of total 304) .... done (Time = 0.00s, Memory = 24.0K)
    Checking Rule W415a (Rule 173 of total 304) .... done (Time = 0.00s, Memory = -24.0K)
    Checking Rule W486 (Rule 174 of total 304) .... done (Time = 0.00s, Memory = 0.0K)
    Checking Rule W499 (Rule 175 of total 304) .... done (Time = 0.00s, Memory = 8.0K)
    Checking Rule W502 (Rule 176 of total 304) .... done (Time = 0.00s, Memory = 32.0K)
    Checking Rule W116 (Rule 177 of total 304) .... done (Time = 0.00s, Memory = 0.0K)
    Checking Rule W122 (Rule 178 of total 304) .... done (Time = 0.00s, Memory = 0.0K)
    Checking Rule W123 (Rule 179 of total 304) .... done (Time = 0.00s, Memory = 0.0K)
    Checking Rule W156 (Rule 180 of total 304) .... done (Time = 0.00s, Memory = 0.0K)
    Checking Rule W71 (Rule 181 of total 304) .... done (Time = 0.01s, Memory = 0.0K)
    Checking Rule W240 (Rule 182 of total 304) .... done (Time = 0.00s, Memory = 0.0K)
    Checking Rule W240 (Rule 183 of total 304) .... done (Time = 0.00s, Memory = 0.0K)
    Checking Rule W287a (Rule 184 of total 304) .... done (Time = 0.00s, Memory = 0.0K)
    Checking Rule W293 (Rule 185 of total 304) .... done (Time = 0.00s, Memory = 0.0K)
    Checking Rule W398 (Rule 186 of total 304) .... done (Time = 0.00s, Memory = 0.0K)
    Checking Rule W424 (Rule 187 of total 304) .... done (Time = 0.00s, Memory = 0.0K)
    Checking Rule W467 (Rule 188 of total 304) .... done (Time = 0.00s, Memory = 0.0K)
    Checking Rule W505 (Rule 189 of total 304) .... done (Time = 0.00s, Memory = 0.0K)
    Checking Rule W505 (Rule 190 of total 304) .... done (Time = 0.00s, Memory = 0.0K)
    Checking Rule W528 (Rule 191 of total 304) .... done (Time = 0.00s, Memory = -24.0K)
    Checking Rule W528 (Rule 192 of total 304) .... done (Time = 0.00s, Memory = 584.0K)
    Checking Rule Prereqs_Usage (Rule 193 of total 304) .... done (Time = 0.00s, Memory = -24.0K)
    Checking Rule Postreqs_CheckFuncTask (Rule 194 of total 304) .... done (Time = 0.00s, Memory = 0.0K)
    Checking Rule Prereqs_ConstantInput-ML (Rule 195 of total 304) .... done (Time = 0.00s, Memory = 0.0K)
    Checking Rule Prereqs_ConstantInput-ML (Rule 196 of total 304) .... done (Time = 0.00s, Memory = 32.0K)
    Checking Rule Prereqs_RptNegEdgeFF-ML (Rule 197 of total 304) .... done (Time = 0.00s, Memory = 0.0K)
    Checking Rule ReportPortInfo-ML (Rule 198 of total 304) .... done (Time = 0.00s, Memory = 0.0K)
    Checking Rule Prereqs_ReportPortInfo-ML (Rule 199 of total 304) .... done (Time = 0.00s, Memory = 0.0K)
    Checking Rule Prereqs_ReportPortInfo-ML (Rule 200 of total 304) .... done (Time = 0.00s, Memory = 0.0K)
    Checking Rule NoAssignX-ML (Rule 201 of total 304) .... done (Time = 0.00s, Memory = 0.0K)
    Checking Rule ParamWidthMismatch-ML (Rule 202 of total 304) .... done (Time = 0.00s, Memory = 0.0K)
    Checking Rule Postreqs_Usage_ML (Rule 203 of total 304) .... done (Time = 0.00s, Memory = 0.0K)
    Checking Rule NoXInCase-ML (Rule 204 of total 304) .... done (Time = 0.00s, Memory = 0.0K)
Checking ELABDU Rules for designUnit fullchip_tb
    Checking Rule Prereqs_FormalUnique-ML (Rule 205 of total 304) .... done (Time = 0.00s, Memory = 0.0K)
Checking ELABDU Rules for designUnit fullchip
    Checking Rule Prereqs_FormalUnique-ML (Rule 205 of total 304) .... done (Time = 0.00s, Memory = 0.0K)
Checking ELABDU Rules for designUnit core
    Checking Rule Prereqs_FormalUnique-ML (Rule 205 of total 304) .... done (Time = 0.00s, Memory = 0.0K)
Checking ELABDU Rules for designUnit mac_array
    Checking Rule Prereqs_FormalUnique-ML (Rule 205 of total 304) .... done (Time = 0.00s, Memory = 0.0K)
Checking ELABDU Rules for designUnit WORK_mac_col_8_20_8_1
    Checking Rule Prereqs_FormalUnique-ML (Rule 205 of total 304) .... done (Time = 0.00s, Memory = 0.0K)
Checking ELABDU Rules for designUnit mac_8in
    Checking Rule Prereqs_FormalUnique-ML (Rule 205 of total 304) .... done (Time = 0.00s, Memory = 0.0K)
Checking ELABDU Rules for designUnit WORK_mac_col_8_20_8_2
    Checking Rule Prereqs_FormalUnique-ML (Rule 205 of total 304) .... done (Time = 0.00s, Memory = 0.0K)
Checking ELABDU Rules for designUnit WORK_mac_col_8_20_8_3
    Checking Rule Prereqs_FormalUnique-ML (Rule 205 of total 304) .... done (Time = 0.00s, Memory = 0.0K)
Checking ELABDU Rules for designUnit WORK_mac_col_8_20_8_4
    Checking Rule Prereqs_FormalUnique-ML (Rule 205 of total 304) .... done (Time = 0.00s, Memory = 0.0K)
Checking ELABDU Rules for designUnit WORK_mac_col_8_20_8_5
    Checking Rule Prereqs_FormalUnique-ML (Rule 205 of total 304) .... done (Time = 0.00s, Memory = 0.0K)
Checking ELABDU Rules for designUnit WORK_mac_col_8_20_8_6
    Checking Rule Prereqs_FormalUnique-ML (Rule 205 of total 304) .... done (Time = 0.00s, Memory = 0.0K)
Checking ELABDU Rules for designUnit WORK_mac_col_8_20_8_7
    Checking Rule Prereqs_FormalUnique-ML (Rule 205 of total 304) .... done (Time = 0.00s, Memory = 0.0K)
Checking ELABDU Rules for designUnit WORK_mac_col_8_20_8_8
    Checking Rule Prereqs_FormalUnique-ML (Rule 205 of total 304) .... done (Time = 0.00s, Memory = 8.0K)
Checking ELABDU Rules for designUnit ofifo
    Checking Rule Prereqs_FormalUnique-ML (Rule 205 of total 304) .... done (Time = 0.00s, Memory = 0.0K)
Checking ELABDU Rules for designUnit fifo_depth16
    Checking Rule Prereqs_FormalUnique-ML (Rule 205 of total 304) .... done (Time = 0.00s, Memory = 0.0K)
Checking ELABDU Rules for designUnit fifo_mux_16_1
    Checking Rule Prereqs_FormalUnique-ML (Rule 205 of total 304) .... done (Time = 0.00s, Memory = 0.0K)
Checking ELABDU Rules for designUnit fifo_mux_8_1
    Checking Rule Prereqs_FormalUnique-ML (Rule 205 of total 304) .... done (Time = 0.00s, Memory = 0.0K)
Checking ELABDU Rules for designUnit fifo_mux_2_1
    Checking Rule Prereqs_FormalUnique-ML (Rule 205 of total 304) .... done (Time = 0.00s, Memory = 0.0K)
Checking ELABDU Rules for designUnit WORK_sram_w16_64
    Checking Rule Prereqs_FormalUnique-ML (Rule 205 of total 304) .... done (Time = 0.00s, Memory = -8.0K)
Checking ELABDU Rules for designUnit WORK_sram_w16_160
    Checking Rule Prereqs_FormalUnique-ML (Rule 205 of total 304) .... done (Time = 0.00s, Memory = -8.0K)
Checking Rule PECHECK56 (Rule 206 of total 304) .... done (Time = 0.00s, Memory = 0.0K)
Checking Rule SGDC_meta_design_hier01 (Rule 207 of total 304) .... done (Time = 0.00s, Memory = 0.0K)
Checking Rule SGDC_waive24 (Rule 208 of total 304) .... done (Time = 0.00s, Memory = 0.0K)
Checking Rule SGDC_waive25 (Rule 209 of total 304) .... done (Time = 0.00s, Memory = 24.0K)
Checking Rule SGDC_waive31 (Rule 210 of total 304) .... done (Time = 0.00s, Memory = -8.0K)
Checking Rule SGDC_waive35 (Rule 211 of total 304) .... done (Time = 0.00s, Memory = -8.0K)
 Synthesizing module: sram_w16 (elaborated name: WORK_sram_w16_160) ... (Module 1 of total 20)  done 
 Synthesizing module: sram_w16 (elaborated name: WORK_sram_w16_64) ... (Module 2 of total 20)  done 
 Synthesizing module: fifo_mux_2_1 (elaborated name: fifo_mux_2_1) ... (Module 3 of total 20)  done 
 Synthesizing module: fifo_mux_8_1 (elaborated name: fifo_mux_8_1) ... (Module 4 of total 20)  done 
 Synthesizing module: fifo_mux_16_1 (elaborated name: fifo_mux_16_1) ... (Module 5 of total 20)  done 
 Synthesizing module: fifo_depth16 (elaborated name: fifo_depth16) ... (Module 6 of total 20)  done 
 Synthesizing module: ofifo (elaborated name: ofifo) ... (Module 7 of total 20)  done 
 Synthesizing module: mac_8in (elaborated name: mac_8in) ... (Module 8 of total 20)  done 
 Synthesizing module: mac_col (elaborated name: WORK_mac_col_8_20_8_8) ... (Module 9 of total 20)  done 
 Synthesizing module: mac_col (elaborated name: WORK_mac_col_8_20_8_7) ... (Module 10 of total 20)  done 
 Synthesizing module: mac_col (elaborated name: WORK_mac_col_8_20_8_6) ... (Module 11 of total 20)  done 
 Synthesizing module: mac_col (elaborated name: WORK_mac_col_8_20_8_5) ... (Module 12 of total 20)  done 
 Synthesizing module: mac_col (elaborated name: WORK_mac_col_8_20_8_4) ... (Module 13 of total 20)  done 
 Synthesizing module: mac_col (elaborated name: WORK_mac_col_8_20_8_3) ... (Module 14 of total 20)  done 
 Synthesizing module: mac_col (elaborated name: WORK_mac_col_8_20_8_2) ... (Module 15 of total 20)  done 
 Synthesizing module: mac_col (elaborated name: WORK_mac_col_8_20_8_1) ... (Module 16 of total 20)  done 
 Synthesizing module: mac_array (elaborated name: mac_array) ... (Module 17 of total 20)  done 
 Synthesizing module: core (elaborated name: core) ... (Module 18 of total 20)  done 
 Synthesizing module: fullchip (elaborated name: fullchip) ... (Module 19 of total 20)  done 
 Synthesizing module: fullchip_tb (elaborated name: fullchip_tb) ... (Module 20 of total 20)  done 
 Synthesis completed.
Checking Rule InferBlackBox (Rule 212 of total 304) .... done (Time = 0.01s, Memory = 0.0K)
Checking Rule checkCMD_mthresh (Rule 213 of total 304) .... done (Time = 0.00s, Memory = -24.0K)

INFO [234]    Saving design database in directory './spyglass-1/.SG_SaveRestoreDB/autogenerated__default_snapshot' ...
              done

Checking Rule SGDC_waive37 (Rule 214 of total 304) .... done (Time = 0.00s, Memory = 0.0K)
Checking Rule Txv_SvaSetup01 for module sram_w16 (Rule 215 of total 304) .... done (Time = 0.00s, Memory = 0.0K)
Checking Rule PESVASETUP01 for module sram_w16 (Rule 216 of total 304) .... done (Time = 0.00s, Memory = 0.0K)
Checking Rule _cdc_save_license01 for module sram_w16 (Rule 217 of total 304) .... done (Time = 0.00s, Memory = 0.0K)
Checking Rule Reset_check05 for module sram_w16 (Rule 218 of total 304) .... done (Time = 0.00s, Memory = 0.0K)
Checking Rule _syncResetStyleRTL for module sram_w16 (Rule 219 of total 304) .... done (Time = 0.00s, Memory = 0.0K)
Checking Rule _meta_delay01 for module sram_w16 (Rule 220 of total 304) .... done (Time = 0.00s, Memory = 0.0K)
Checking Rule Ac_svasetup01 for module sram_w16 (Rule 221 of total 304) .... done (Time = 0.00s, Memory = 0.0K)
Checking Rule LogNMuxPrereq for module sram_w16 (Rule 222 of total 304) .... done (Time = 0.00s, Memory = 0.0K)
Checking Rule STARC-1.3.2.2_prereq for module sram_w16 (Rule 223 of total 304) .... done (Time = 0.00s, Memory = 0.0K)
Checking Rule Prereqs_sim_race07 for module sram_w16 (Rule 224 of total 304) .... done (Time = 0.00s, Memory = 0.0K)
Checking Rule W336 for module sram_w16 (Rule 225 of total 304) .... done (Time = 0.00s, Memory = 0.0K)
Checking Rule W414 for module sram_w16 (Rule 226 of total 304) .... done (Time = 0.00s, Memory = 0.0K)
Checking Rule W450L for module sram_w16 (Rule 227 of total 304) .... done (Time = 0.00s, Memory = 0.0K)
Checking Rule HangingNetPreReq-ML for module sram_w16 (Rule 228 of total 304) .... done (Time = 0.00s, Memory = 0.0K)
Checking Rule RegInputOutput-ML for module sram_w16 (Rule 229 of total 304) .... done (Time = 0.00s, Memory = 0.0K)
Checking Rule HVIssue_PreReq for module sram_w16 (Rule 230 of total 304) .... done (Time = 0.00s, Memory = 0.0K)
Checking Rule STARC05-2.5.1.7 for module sram_w16 (Rule 231 of total 304) .... done (Time = 0.00s, Memory = 0.0K)
Checking Rule STARC05-2.5.1.9 for module sram_w16 (Rule 232 of total 304) .... done (Time = 0.00s, Memory = 0.0K)
Checking Rule Txv_SvaSetup01 for module sram_w16 (Rule 215 of total 304) .... done (Time = 0.00s, Memory = 0.0K)
Checking Rule PESVASETUP01 for module sram_w16 (Rule 216 of total 304) .... done (Time = 0.00s, Memory = 0.0K)
Checking Rule _cdc_save_license01 for module sram_w16 (Rule 217 of total 304) .... done (Time = 0.00s, Memory = 0.0K)
Checking Rule Reset_check05 for module sram_w16 (Rule 218 of total 304) .... done (Time = 0.00s, Memory = 0.0K)
Checking Rule _syncResetStyleRTL for module sram_w16 (Rule 219 of total 304) .... done (Time = 0.00s, Memory = 0.0K)
Checking Rule _meta_delay01 for module sram_w16 (Rule 220 of total 304) .... done (Time = 0.00s, Memory = 0.0K)
Checking Rule Ac_svasetup01 for module sram_w16 (Rule 221 of total 304) .... done (Time = 0.00s, Memory = 0.0K)
Checking Rule LogNMuxPrereq for module sram_w16 (Rule 222 of total 304) .... done (Time = 0.00s, Memory = 0.0K)
Checking Rule STARC-1.3.2.2_prereq for module sram_w16 (Rule 223 of total 304) .... done (Time = 0.00s, Memory = 0.0K)
Checking Rule Prereqs_sim_race07 for module sram_w16 (Rule 224 of total 304) .... done (Time = 0.00s, Memory = 0.0K)
Checking Rule W336 for module sram_w16 (Rule 225 of total 304) .... done (Time = 0.00s, Memory = 0.0K)
Checking Rule W414 for module sram_w16 (Rule 226 of total 304) .... done (Time = 0.00s, Memory = 0.0K)
Checking Rule W450L for module sram_w16 (Rule 227 of total 304) .... done (Time = 0.00s, Memory = 0.0K)
Checking Rule HangingNetPreReq-ML for module sram_w16 (Rule 228 of total 304) .... done (Time = 0.00s, Memory = 0.0K)
Checking Rule RegInputOutput-ML for module sram_w16 (Rule 229 of total 304) .... done (Time = 0.00s, Memory = 0.0K)
Checking Rule HVIssue_PreReq for module sram_w16 (Rule 230 of total 304) .... done (Time = 0.00s, Memory = 0.0K)
Checking Rule STARC05-2.5.1.7 for module sram_w16 (Rule 231 of total 304) .... done (Time = 0.00s, Memory = 0.0K)
Checking Rule STARC05-2.5.1.9 for module sram_w16 (Rule 232 of total 304) .... done (Time = 0.00s, Memory = 0.0K)
Checking Rule Txv_SvaSetup01 for module fifo_mux_2_1 (Rule 215 of total 304) .... done (Time = 0.00s, Memory = 0.0K)
Checking Rule PESVASETUP01 for module fifo_mux_2_1 (Rule 216 of total 304) .... done (Time = 0.00s, Memory = 0.0K)
Checking Rule _cdc_save_license01 for module fifo_mux_2_1 (Rule 217 of total 304) .... done (Time = 0.00s, Memory = 0.0K)
Checking Rule Reset_check05 for module fifo_mux_2_1 (Rule 218 of total 304) .... done (Time = 0.00s, Memory = 0.0K)
Checking Rule _syncResetStyleRTL for module fifo_mux_2_1 (Rule 219 of total 304) .... done (Time = 0.00s, Memory = 0.0K)
Checking Rule _meta_delay01 for module fifo_mux_2_1 (Rule 220 of total 304) .... done (Time = 0.00s, Memory = 0.0K)
Checking Rule Ac_svasetup01 for module fifo_mux_2_1 (Rule 221 of total 304) .... done (Time = 0.00s, Memory = 0.0K)
Checking Rule LogNMuxPrereq for module fifo_mux_2_1 (Rule 222 of total 304) .... done (Time = 0.00s, Memory = 0.0K)
Checking Rule STARC-1.3.2.2_prereq for module fifo_mux_2_1 (Rule 223 of total 304) .... done (Time = 0.00s, Memory = 0.0K)
Checking Rule Prereqs_sim_race07 for module fifo_mux_2_1 (Rule 224 of total 304) .... done (Time = 0.00s, Memory = 0.0K)
Checking Rule W336 for module fifo_mux_2_1 (Rule 225 of total 304) .... done (Time = 0.00s, Memory = 0.0K)
Checking Rule W414 for module fifo_mux_2_1 (Rule 226 of total 304) .... done (Time = 0.00s, Memory = 0.0K)
Checking Rule W450L for module fifo_mux_2_1 (Rule 227 of total 304) .... done (Time = 0.00s, Memory = 0.0K)
Checking Rule HangingNetPreReq-ML for module fifo_mux_2_1 (Rule 228 of total 304) .... done (Time = 0.00s, Memory = 0.0K)
Checking Rule RegInputOutput-ML for module fifo_mux_2_1 (Rule 229 of total 304) .... done (Time = 0.00s, Memory = 0.0K)
Checking Rule HVIssue_PreReq for module fifo_mux_2_1 (Rule 230 of total 304) .... done (Time = 0.00s, Memory = 0.0K)
Checking Rule STARC05-2.5.1.7 for module fifo_mux_2_1 (Rule 231 of total 304) .... done (Time = 0.00s, Memory = 0.0K)
Checking Rule STARC05-2.5.1.9 for module fifo_mux_2_1 (Rule 232 of total 304) .... done (Time = 0.00s, Memory = 0.0K)
Checking Rule Txv_SvaSetup01 for module fifo_mux_8_1 (Rule 215 of total 304) .... done (Time = 0.00s, Memory = 0.0K)
Checking Rule PESVASETUP01 for module fifo_mux_8_1 (Rule 216 of total 304) .... done (Time = 0.00s, Memory = 0.0K)
Checking Rule _cdc_save_license01 for module fifo_mux_8_1 (Rule 217 of total 304) .... done (Time = 0.00s, Memory = 0.0K)
Checking Rule Reset_check05 for module fifo_mux_8_1 (Rule 218 of total 304) .... done (Time = 0.00s, Memory = 0.0K)
Checking Rule _syncResetStyleRTL for module fifo_mux_8_1 (Rule 219 of total 304) .... done (Time = 0.00s, Memory = 0.0K)
Checking Rule _meta_delay01 for module fifo_mux_8_1 (Rule 220 of total 304) .... done (Time = 0.00s, Memory = 0.0K)
Checking Rule Ac_svasetup01 for module fifo_mux_8_1 (Rule 221 of total 304) .... done (Time = 0.00s, Memory = 0.0K)
Checking Rule LogNMuxPrereq for module fifo_mux_8_1 (Rule 222 of total 304) .... done (Time = 0.00s, Memory = 0.0K)
Checking Rule STARC-1.3.2.2_prereq for module fifo_mux_8_1 (Rule 223 of total 304) .... done (Time = 0.00s, Memory = 0.0K)
Checking Rule Prereqs_sim_race07 for module fifo_mux_8_1 (Rule 224 of total 304) .... done (Time = 0.00s, Memory = 0.0K)
Checking Rule W336 for module fifo_mux_8_1 (Rule 225 of total 304) .... done (Time = 0.00s, Memory = 0.0K)
Checking Rule W414 for module fifo_mux_8_1 (Rule 226 of total 304) .... done (Time = 0.00s, Memory = 0.0K)
Checking Rule W450L for module fifo_mux_8_1 (Rule 227 of total 304) .... done (Time = 0.00s, Memory = 0.0K)
Checking Rule HangingNetPreReq-ML for module fifo_mux_8_1 (Rule 228 of total 304) .... done (Time = 0.00s, Memory = 0.0K)
Checking Rule RegInputOutput-ML for module fifo_mux_8_1 (Rule 229 of total 304) .... done (Time = 0.00s, Memory = 0.0K)
Checking Rule HVIssue_PreReq for module fifo_mux_8_1 (Rule 230 of total 304) .... done (Time = 0.00s, Memory = 0.0K)
Checking Rule STARC05-2.5.1.7 for module fifo_mux_8_1 (Rule 231 of total 304) .... done (Time = 0.00s, Memory = 0.0K)
Checking Rule STARC05-2.5.1.9 for module fifo_mux_8_1 (Rule 232 of total 304) .... done (Time = 0.00s, Memory = 0.0K)
Checking Rule Txv_SvaSetup01 for module fifo_mux_16_1 (Rule 215 of total 304) .... done (Time = 0.00s, Memory = 0.0K)
Checking Rule PESVASETUP01 for module fifo_mux_16_1 (Rule 216 of total 304) .... done (Time = 0.00s, Memory = 0.0K)
Checking Rule _cdc_save_license01 for module fifo_mux_16_1 (Rule 217 of total 304) .... done (Time = 0.00s, Memory = 0.0K)
Checking Rule Reset_check05 for module fifo_mux_16_1 (Rule 218 of total 304) .... done (Time = 0.00s, Memory = 0.0K)
Checking Rule _syncResetStyleRTL for module fifo_mux_16_1 (Rule 219 of total 304) .... done (Time = 0.00s, Memory = 0.0K)
Checking Rule _meta_delay01 for module fifo_mux_16_1 (Rule 220 of total 304) .... done (Time = 0.00s, Memory = 0.0K)
Checking Rule Ac_svasetup01 for module fifo_mux_16_1 (Rule 221 of total 304) .... done (Time = 0.00s, Memory = 0.0K)
Checking Rule LogNMuxPrereq for module fifo_mux_16_1 (Rule 222 of total 304) .... done (Time = 0.00s, Memory = 0.0K)
Checking Rule STARC-1.3.2.2_prereq for module fifo_mux_16_1 (Rule 223 of total 304) .... done (Time = 0.00s, Memory = 0.0K)
Checking Rule Prereqs_sim_race07 for module fifo_mux_16_1 (Rule 224 of total 304) .... done (Time = 0.00s, Memory = 0.0K)
Checking Rule W336 for module fifo_mux_16_1 (Rule 225 of total 304) .... done (Time = 0.00s, Memory = 0.0K)
Checking Rule W414 for module fifo_mux_16_1 (Rule 226 of total 304) .... done (Time = 0.00s, Memory = 0.0K)
Checking Rule W450L for module fifo_mux_16_1 (Rule 227 of total 304) .... done (Time = 0.00s, Memory = 0.0K)
Checking Rule HangingNetPreReq-ML for module fifo_mux_16_1 (Rule 228 of total 304) .... done (Time = 0.00s, Memory = 0.0K)
Checking Rule RegInputOutput-ML for module fifo_mux_16_1 (Rule 229 of total 304) .... done (Time = 0.00s, Memory = 0.0K)
Checking Rule HVIssue_PreReq for module fifo_mux_16_1 (Rule 230 of total 304) .... done (Time = 0.00s, Memory = 0.0K)
Checking Rule STARC05-2.5.1.7 for module fifo_mux_16_1 (Rule 231 of total 304) .... done (Time = 0.00s, Memory = 0.0K)
Checking Rule STARC05-2.5.1.9 for module fifo_mux_16_1 (Rule 232 of total 304) .... done (Time = 0.00s, Memory = 0.0K)
Checking Rule Txv_SvaSetup01 for module fifo_depth16 (Rule 215 of total 304) .... done (Time = 0.00s, Memory = 0.0K)
Checking Rule PESVASETUP01 for module fifo_depth16 (Rule 216 of total 304) .... done (Time = 0.00s, Memory = 0.0K)
Checking Rule _cdc_save_license01 for module fifo_depth16 (Rule 217 of total 304) .... done (Time = 0.00s, Memory = 0.0K)
Checking Rule Reset_check05 for module fifo_depth16 (Rule 218 of total 304) .... done (Time = 0.00s, Memory = 0.0K)
Checking Rule _syncResetStyleRTL for module fifo_depth16 (Rule 219 of total 304) .... done (Time = 0.00s, Memory = 0.0K)
Checking Rule _meta_delay01 for module fifo_depth16 (Rule 220 of total 304) .... done (Time = 0.00s, Memory = 0.0K)
Checking Rule Ac_svasetup01 for module fifo_depth16 (Rule 221 of total 304) .... done (Time = 0.00s, Memory = 0.0K)
Checking Rule LogNMuxPrereq for module fifo_depth16 (Rule 222 of total 304) .... done (Time = 0.00s, Memory = 0.0K)
Checking Rule STARC-1.3.2.2_prereq for module fifo_depth16 (Rule 223 of total 304) .... done (Time = 0.00s, Memory = 0.0K)
Checking Rule Prereqs_sim_race07 for module fifo_depth16 (Rule 224 of total 304) .... done (Time = 0.00s, Memory = 0.0K)
Checking Rule W336 for module fifo_depth16 (Rule 225 of total 304) .... done (Time = 0.00s, Memory = 0.0K)
Checking Rule W414 for module fifo_depth16 (Rule 226 of total 304) .... done (Time = 0.00s, Memory = 0.0K)
Checking Rule W450L for module fifo_depth16 (Rule 227 of total 304) .... done (Time = 0.00s, Memory = 0.0K)
Checking Rule HangingNetPreReq-ML for module fifo_depth16 (Rule 228 of total 304) .... done (Time = 0.00s, Memory = 0.0K)
Checking Rule RegInputOutput-ML for module fifo_depth16 (Rule 229 of total 304) .... done (Time = 0.00s, Memory = 0.0K)
Checking Rule HVIssue_PreReq for module fifo_depth16 (Rule 230 of total 304) .... done (Time = 0.00s, Memory = 0.0K)
Checking Rule STARC05-2.5.1.7 for module fifo_depth16 (Rule 231 of total 304) .... done (Time = 0.00s, Memory = 0.0K)
Checking Rule STARC05-2.5.1.9 for module fifo_depth16 (Rule 232 of total 304) .... done (Time = 0.00s, Memory = 0.0K)
Checking Rule Txv_SvaSetup01 for module ofifo (Rule 215 of total 304) .... done (Time = 0.00s, Memory = 0.0K)
Checking Rule PESVASETUP01 for module ofifo (Rule 216 of total 304) .... done (Time = 0.00s, Memory = 0.0K)
Checking Rule _cdc_save_license01 for module ofifo (Rule 217 of total 304) .... done (Time = 0.00s, Memory = 0.0K)
Checking Rule Reset_check05 for module ofifo (Rule 218 of total 304) .... done (Time = 0.00s, Memory = 0.0K)
Checking Rule _syncResetStyleRTL for module ofifo (Rule 219 of total 304) .... done (Time = 0.00s, Memory = 0.0K)
Checking Rule _meta_delay01 for module ofifo (Rule 220 of total 304) .... done (Time = 0.00s, Memory = 0.0K)
Checking Rule Ac_svasetup01 for module ofifo (Rule 221 of total 304) .... done (Time = 0.00s, Memory = 0.0K)
Checking Rule LogNMuxPrereq for module ofifo (Rule 222 of total 304) .... done (Time = 0.00s, Memory = 0.0K)
Checking Rule STARC-1.3.2.2_prereq for module ofifo (Rule 223 of total 304) .... done (Time = 0.00s, Memory = 0.0K)
Checking Rule Prereqs_sim_race07 for module ofifo (Rule 224 of total 304) .... done (Time = 0.00s, Memory = 0.0K)
Checking Rule W336 for module ofifo (Rule 225 of total 304) .... done (Time = 0.00s, Memory = 0.0K)
Checking Rule W414 for module ofifo (Rule 226 of total 304) .... done (Time = 0.00s, Memory = 0.0K)
Checking Rule W450L for module ofifo (Rule 227 of total 304) .... done (Time = 0.00s, Memory = 0.0K)
Checking Rule HangingNetPreReq-ML for module ofifo (Rule 228 of total 304) .... done (Time = 0.00s, Memory = 0.0K)
Checking Rule RegInputOutput-ML for module ofifo (Rule 229 of total 304) .... done (Time = 0.00s, Memory = 0.0K)
Checking Rule HVIssue_PreReq for module ofifo (Rule 230 of total 304) .... done (Time = 0.00s, Memory = 0.0K)
Checking Rule STARC05-2.5.1.7 for module ofifo (Rule 231 of total 304) .... done (Time = 0.00s, Memory = 0.0K)
Checking Rule STARC05-2.5.1.9 for module ofifo (Rule 232 of total 304) .... done (Time = 0.00s, Memory = 0.0K)
Checking Rule Txv_SvaSetup01 for module mac_8in (Rule 215 of total 304) .... done (Time = 0.00s, Memory = 0.0K)
Checking Rule PESVASETUP01 for module mac_8in (Rule 216 of total 304) .... done (Time = 0.00s, Memory = 0.0K)
Checking Rule _cdc_save_license01 for module mac_8in (Rule 217 of total 304) .... done (Time = 0.00s, Memory = 0.0K)
Checking Rule Reset_check05 for module mac_8in (Rule 218 of total 304) .... done (Time = 0.00s, Memory = 0.0K)
Checking Rule _syncResetStyleRTL for module mac_8in (Rule 219 of total 304) .... done (Time = 0.00s, Memory = 0.0K)
Checking Rule _meta_delay01 for module mac_8in (Rule 220 of total 304) .... done (Time = 0.00s, Memory = 0.0K)
Checking Rule Ac_svasetup01 for module mac_8in (Rule 221 of total 304) .... done (Time = 0.00s, Memory = 0.0K)
Checking Rule LogNMuxPrereq for module mac_8in (Rule 222 of total 304) .... done (Time = 0.00s, Memory = 0.0K)
Checking Rule STARC-1.3.2.2_prereq for module mac_8in (Rule 223 of total 304) .... done (Time = 0.00s, Memory = 0.0K)
Checking Rule Prereqs_sim_race07 for module mac_8in (Rule 224 of total 304) .... done (Time = 0.00s, Memory = 0.0K)
Checking Rule W336 for module mac_8in (Rule 225 of total 304) .... done (Time = 0.00s, Memory = 0.0K)
Checking Rule W414 for module mac_8in (Rule 226 of total 304) .... done (Time = 0.00s, Memory = 0.0K)
Checking Rule W450L for module mac_8in (Rule 227 of total 304) .... done (Time = 0.00s, Memory = 0.0K)
Checking Rule HangingNetPreReq-ML for module mac_8in (Rule 228 of total 304) .... done (Time = 0.00s, Memory = 0.0K)
Checking Rule RegInputOutput-ML for module mac_8in (Rule 229 of total 304) .... done (Time = 0.00s, Memory = 0.0K)
Checking Rule HVIssue_PreReq for module mac_8in (Rule 230 of total 304) .... done (Time = 0.00s, Memory = 0.0K)
Checking Rule STARC05-2.5.1.7 for module mac_8in (Rule 231 of total 304) .... done (Time = 0.00s, Memory = 0.0K)
Checking Rule STARC05-2.5.1.9 for module mac_8in (Rule 232 of total 304) .... done (Time = 0.00s, Memory = 0.0K)
Checking Rule Txv_SvaSetup01 for module mac_col (Rule 215 of total 304) .... done (Time = 0.00s, Memory = 0.0K)
Checking Rule PESVASETUP01 for module mac_col (Rule 216 of total 304) .... done (Time = 0.00s, Memory = 0.0K)
Checking Rule _cdc_save_license01 for module mac_col (Rule 217 of total 304) .... done (Time = 0.00s, Memory = 0.0K)
Checking Rule Reset_check05 for module mac_col (Rule 218 of total 304) .... done (Time = 0.00s, Memory = 0.0K)
Checking Rule _syncResetStyleRTL for module mac_col (Rule 219 of total 304) .... done (Time = 0.00s, Memory = 0.0K)
Checking Rule _meta_delay01 for module mac_col (Rule 220 of total 304) .... done (Time = 0.00s, Memory = 0.0K)
Checking Rule Ac_svasetup01 for module mac_col (Rule 221 of total 304) .... done (Time = 0.00s, Memory = 0.0K)
Checking Rule LogNMuxPrereq for module mac_col (Rule 222 of total 304) .... done (Time = 0.00s, Memory = 0.0K)
Checking Rule STARC-1.3.2.2_prereq for module mac_col (Rule 223 of total 304) .... done (Time = 0.00s, Memory = 0.0K)
Checking Rule Prereqs_sim_race07 for module mac_col (Rule 224 of total 304) .... done (Time = 0.00s, Memory = 0.0K)
Checking Rule W336 for module mac_col (Rule 225 of total 304) .... done (Time = 0.00s, Memory = 0.0K)
Checking Rule W414 for module mac_col (Rule 226 of total 304) .... done (Time = 0.00s, Memory = 0.0K)
Checking Rule W450L for module mac_col (Rule 227 of total 304) .... done (Time = 0.00s, Memory = 0.0K)
Checking Rule HangingNetPreReq-ML for module mac_col (Rule 228 of total 304) .... done (Time = 0.00s, Memory = 0.0K)
Checking Rule RegInputOutput-ML for module mac_col (Rule 229 of total 304) .... done (Time = 0.00s, Memory = 0.0K)
Checking Rule HVIssue_PreReq for module mac_col (Rule 230 of total 304) .... done (Time = 0.00s, Memory = 0.0K)
Checking Rule STARC05-2.5.1.7 for module mac_col (Rule 231 of total 304) .... done (Time = 0.00s, Memory = 0.0K)
Checking Rule STARC05-2.5.1.9 for module mac_col (Rule 232 of total 304) .... done (Time = 0.00s, Memory = 0.0K)
Checking Rule Txv_SvaSetup01 for module mac_col (Rule 215 of total 304) .... done (Time = 0.00s, Memory = 0.0K)
Checking Rule PESVASETUP01 for module mac_col (Rule 216 of total 304) .... done (Time = 0.00s, Memory = 0.0K)
Checking Rule _cdc_save_license01 for module mac_col (Rule 217 of total 304) .... done (Time = 0.00s, Memory = 0.0K)
Checking Rule Reset_check05 for module mac_col (Rule 218 of total 304) .... done (Time = 0.00s, Memory = 0.0K)
Checking Rule _syncResetStyleRTL for module mac_col (Rule 219 of total 304) .... done (Time = 0.00s, Memory = 0.0K)
Checking Rule _meta_delay01 for module mac_col (Rule 220 of total 304) .... done (Time = 0.00s, Memory = 0.0K)
Checking Rule Ac_svasetup01 for module mac_col (Rule 221 of total 304) .... done (Time = 0.00s, Memory = 0.0K)
Checking Rule LogNMuxPrereq for module mac_col (Rule 222 of total 304) .... done (Time = 0.00s, Memory = 0.0K)
Checking Rule STARC-1.3.2.2_prereq for module mac_col (Rule 223 of total 304) .... done (Time = 0.00s, Memory = 0.0K)
Checking Rule Prereqs_sim_race07 for module mac_col (Rule 224 of total 304) .... done (Time = 0.00s, Memory = 0.0K)
Checking Rule W336 for module mac_col (Rule 225 of total 304) .... done (Time = 0.00s, Memory = 0.0K)
Checking Rule W414 for module mac_col (Rule 226 of total 304) .... done (Time = 0.00s, Memory = 0.0K)
Checking Rule W450L for module mac_col (Rule 227 of total 304) .... done (Time = 0.00s, Memory = 0.0K)
Checking Rule HangingNetPreReq-ML for module mac_col (Rule 228 of total 304) .... done (Time = 0.00s, Memory = 0.0K)
Checking Rule RegInputOutput-ML for module mac_col (Rule 229 of total 304) .... done (Time = 0.00s, Memory = 0.0K)
Checking Rule HVIssue_PreReq for module mac_col (Rule 230 of total 304) .... done (Time = 0.00s, Memory = 0.0K)
Checking Rule STARC05-2.5.1.7 for module mac_col (Rule 231 of total 304) .... done (Time = 0.00s, Memory = 0.0K)
Checking Rule STARC05-2.5.1.9 for module mac_col (Rule 232 of total 304) .... done (Time = 0.00s, Memory = 0.0K)
Checking Rule Txv_SvaSetup01 for module mac_col (Rule 215 of total 304) .... done (Time = 0.00s, Memory = 0.0K)
Checking Rule PESVASETUP01 for module mac_col (Rule 216 of total 304) .... done (Time = 0.00s, Memory = 0.0K)
Checking Rule _cdc_save_license01 for module mac_col (Rule 217 of total 304) .... done (Time = 0.00s, Memory = 0.0K)
Checking Rule Reset_check05 for module mac_col (Rule 218 of total 304) .... done (Time = 0.00s, Memory = 0.0K)
Checking Rule _syncResetStyleRTL for module mac_col (Rule 219 of total 304) .... done (Time = 0.00s, Memory = 0.0K)
Checking Rule _meta_delay01 for module mac_col (Rule 220 of total 304) .... done (Time = 0.00s, Memory = 0.0K)
Checking Rule Ac_svasetup01 for module mac_col (Rule 221 of total 304) .... done (Time = 0.00s, Memory = 0.0K)
Checking Rule LogNMuxPrereq for module mac_col (Rule 222 of total 304) .... done (Time = 0.00s, Memory = 0.0K)
Checking Rule STARC-1.3.2.2_prereq for module mac_col (Rule 223 of total 304) .... done (Time = 0.00s, Memory = 0.0K)
Checking Rule Prereqs_sim_race07 for module mac_col (Rule 224 of total 304) .... done (Time = 0.00s, Memory = 0.0K)
Checking Rule W336 for module mac_col (Rule 225 of total 304) .... done (Time = 0.00s, Memory = 0.0K)
Checking Rule W414 for module mac_col (Rule 226 of total 304) .... done (Time = 0.00s, Memory = 0.0K)
Checking Rule W450L for module mac_col (Rule 227 of total 304) .... done (Time = 0.00s, Memory = 0.0K)
Checking Rule HangingNetPreReq-ML for module mac_col (Rule 228 of total 304) .... done (Time = 0.00s, Memory = 0.0K)
Checking Rule RegInputOutput-ML for module mac_col (Rule 229 of total 304) .... done (Time = 0.00s, Memory = 0.0K)
Checking Rule HVIssue_PreReq for module mac_col (Rule 230 of total 304) .... done (Time = 0.00s, Memory = 0.0K)
Checking Rule STARC05-2.5.1.7 for module mac_col (Rule 231 of total 304) .... done (Time = 0.00s, Memory = 0.0K)
Checking Rule STARC05-2.5.1.9 for module mac_col (Rule 232 of total 304) .... done (Time = 0.00s, Memory = 0.0K)
Checking Rule Txv_SvaSetup01 for module mac_col (Rule 215 of total 304) .... done (Time = 0.00s, Memory = 0.0K)
Checking Rule PESVASETUP01 for module mac_col (Rule 216 of total 304) .... done (Time = 0.00s, Memory = 0.0K)
Checking Rule _cdc_save_license01 for module mac_col (Rule 217 of total 304) .... done (Time = 0.00s, Memory = 0.0K)
Checking Rule Reset_check05 for module mac_col (Rule 218 of total 304) .... done (Time = 0.00s, Memory = 0.0K)
Checking Rule _syncResetStyleRTL for module mac_col (Rule 219 of total 304) .... done (Time = 0.00s, Memory = 0.0K)
Checking Rule _meta_delay01 for module mac_col (Rule 220 of total 304) .... done (Time = 0.00s, Memory = 0.0K)
Checking Rule Ac_svasetup01 for module mac_col (Rule 221 of total 304) .... done (Time = 0.00s, Memory = 0.0K)
Checking Rule LogNMuxPrereq for module mac_col (Rule 222 of total 304) .... done (Time = 0.00s, Memory = 0.0K)
Checking Rule STARC-1.3.2.2_prereq for module mac_col (Rule 223 of total 304) .... done (Time = 0.00s, Memory = 0.0K)
Checking Rule Prereqs_sim_race07 for module mac_col (Rule 224 of total 304) .... done (Time = 0.00s, Memory = 0.0K)
Checking Rule W336 for module mac_col (Rule 225 of total 304) .... done (Time = 0.00s, Memory = 0.0K)
Checking Rule W414 for module mac_col (Rule 226 of total 304) .... done (Time = 0.00s, Memory = 0.0K)
Checking Rule W450L for module mac_col (Rule 227 of total 304) .... done (Time = 0.00s, Memory = 0.0K)
Checking Rule HangingNetPreReq-ML for module mac_col (Rule 228 of total 304) .... done (Time = 0.00s, Memory = 0.0K)
Checking Rule RegInputOutput-ML for module mac_col (Rule 229 of total 304) .... done (Time = 0.00s, Memory = 0.0K)
Checking Rule HVIssue_PreReq for module mac_col (Rule 230 of total 304) .... done (Time = 0.00s, Memory = 0.0K)
Checking Rule STARC05-2.5.1.7 for module mac_col (Rule 231 of total 304) .... done (Time = 0.00s, Memory = 0.0K)
Checking Rule STARC05-2.5.1.9 for module mac_col (Rule 232 of total 304) .... done (Time = 0.00s, Memory = 0.0K)
Checking Rule Txv_SvaSetup01 for module mac_col (Rule 215 of total 304) .... done (Time = 0.00s, Memory = 0.0K)
Checking Rule PESVASETUP01 for module mac_col (Rule 216 of total 304) .... done (Time = 0.00s, Memory = 0.0K)
Checking Rule _cdc_save_license01 for module mac_col (Rule 217 of total 304) .... done (Time = 0.00s, Memory = 0.0K)
Checking Rule Reset_check05 for module mac_col (Rule 218 of total 304) .... done (Time = 0.00s, Memory = 0.0K)
Checking Rule _syncResetStyleRTL for module mac_col (Rule 219 of total 304) .... done (Time = 0.00s, Memory = 0.0K)
Checking Rule _meta_delay01 for module mac_col (Rule 220 of total 304) .... done (Time = 0.00s, Memory = 0.0K)
Checking Rule Ac_svasetup01 for module mac_col (Rule 221 of total 304) .... done (Time = 0.00s, Memory = 0.0K)
Checking Rule LogNMuxPrereq for module mac_col (Rule 222 of total 304) .... done (Time = 0.00s, Memory = 0.0K)
Checking Rule STARC-1.3.2.2_prereq for module mac_col (Rule 223 of total 304) .... done (Time = 0.00s, Memory = 0.0K)
Checking Rule Prereqs_sim_race07 for module mac_col (Rule 224 of total 304) .... done (Time = 0.00s, Memory = 0.0K)
Checking Rule W336 for module mac_col (Rule 225 of total 304) .... done (Time = 0.00s, Memory = 0.0K)
Checking Rule W414 for module mac_col (Rule 226 of total 304) .... done (Time = 0.00s, Memory = 0.0K)
Checking Rule W450L for module mac_col (Rule 227 of total 304) .... done (Time = 0.00s, Memory = 0.0K)
Checking Rule HangingNetPreReq-ML for module mac_col (Rule 228 of total 304) .... done (Time = 0.00s, Memory = 0.0K)
Checking Rule RegInputOutput-ML for module mac_col (Rule 229 of total 304) .... done (Time = 0.00s, Memory = 0.0K)
Checking Rule HVIssue_PreReq for module mac_col (Rule 230 of total 304) .... done (Time = 0.00s, Memory = 0.0K)
Checking Rule STARC05-2.5.1.7 for module mac_col (Rule 231 of total 304) .... done (Time = 0.00s, Memory = 0.0K)
Checking Rule STARC05-2.5.1.9 for module mac_col (Rule 232 of total 304) .... done (Time = 0.00s, Memory = 0.0K)
Checking Rule Txv_SvaSetup01 for module mac_col (Rule 215 of total 304) .... done (Time = 0.00s, Memory = 0.0K)
Checking Rule PESVASETUP01 for module mac_col (Rule 216 of total 304) .... done (Time = 0.00s, Memory = 0.0K)
Checking Rule _cdc_save_license01 for module mac_col (Rule 217 of total 304) .... done (Time = 0.00s, Memory = 0.0K)
Checking Rule Reset_check05 for module mac_col (Rule 218 of total 304) .... done (Time = 0.00s, Memory = 0.0K)
Checking Rule _syncResetStyleRTL for module mac_col (Rule 219 of total 304) .... done (Time = 0.00s, Memory = 0.0K)
Checking Rule _meta_delay01 for module mac_col (Rule 220 of total 304) .... done (Time = 0.00s, Memory = 0.0K)
Checking Rule Ac_svasetup01 for module mac_col (Rule 221 of total 304) .... done (Time = 0.00s, Memory = 0.0K)
Checking Rule LogNMuxPrereq for module mac_col (Rule 222 of total 304) .... done (Time = 0.00s, Memory = 0.0K)
Checking Rule STARC-1.3.2.2_prereq for module mac_col (Rule 223 of total 304) .... done (Time = 0.00s, Memory = 0.0K)
Checking Rule Prereqs_sim_race07 for module mac_col (Rule 224 of total 304) .... done (Time = 0.00s, Memory = 0.0K)
Checking Rule W336 for module mac_col (Rule 225 of total 304) .... done (Time = 0.00s, Memory = 0.0K)
Checking Rule W414 for module mac_col (Rule 226 of total 304) .... done (Time = 0.00s, Memory = 0.0K)
Checking Rule W450L for module mac_col (Rule 227 of total 304) .... done (Time = 0.00s, Memory = 0.0K)
Checking Rule HangingNetPreReq-ML for module mac_col (Rule 228 of total 304) .... done (Time = 0.00s, Memory = 0.0K)
Checking Rule RegInputOutput-ML for module mac_col (Rule 229 of total 304) .... done (Time = 0.00s, Memory = 0.0K)
Checking Rule HVIssue_PreReq for module mac_col (Rule 230 of total 304) .... done (Time = 0.00s, Memory = 0.0K)
Checking Rule STARC05-2.5.1.7 for module mac_col (Rule 231 of total 304) .... done (Time = 0.00s, Memory = 0.0K)
Checking Rule STARC05-2.5.1.9 for module mac_col (Rule 232 of total 304) .... done (Time = 0.00s, Memory = 0.0K)
Checking Rule Txv_SvaSetup01 for module mac_col (Rule 215 of total 304) .... done (Time = 0.00s, Memory = 0.0K)
Checking Rule PESVASETUP01 for module mac_col (Rule 216 of total 304) .... done (Time = 0.00s, Memory = 0.0K)
Checking Rule _cdc_save_license01 for module mac_col (Rule 217 of total 304) .... done (Time = 0.00s, Memory = 0.0K)
Checking Rule Reset_check05 for module mac_col (Rule 218 of total 304) .... done (Time = 0.00s, Memory = 0.0K)
Checking Rule _syncResetStyleRTL for module mac_col (Rule 219 of total 304) .... done (Time = 0.00s, Memory = 0.0K)
Checking Rule _meta_delay01 for module mac_col (Rule 220 of total 304) .... done (Time = 0.00s, Memory = 0.0K)
Checking Rule Ac_svasetup01 for module mac_col (Rule 221 of total 304) .... done (Time = 0.00s, Memory = 0.0K)
Checking Rule LogNMuxPrereq for module mac_col (Rule 222 of total 304) .... done (Time = 0.00s, Memory = 0.0K)
Checking Rule STARC-1.3.2.2_prereq for module mac_col (Rule 223 of total 304) .... done (Time = 0.00s, Memory = 0.0K)
Checking Rule Prereqs_sim_race07 for module mac_col (Rule 224 of total 304) .... done (Time = 0.00s, Memory = 0.0K)
Checking Rule W336 for module mac_col (Rule 225 of total 304) .... done (Time = 0.00s, Memory = 0.0K)
Checking Rule W414 for module mac_col (Rule 226 of total 304) .... done (Time = 0.00s, Memory = 0.0K)
Checking Rule W450L for module mac_col (Rule 227 of total 304) .... done (Time = 0.00s, Memory = 0.0K)
Checking Rule HangingNetPreReq-ML for module mac_col (Rule 228 of total 304) .... done (Time = 0.00s, Memory = 0.0K)
Checking Rule RegInputOutput-ML for module mac_col (Rule 229 of total 304) .... done (Time = 0.00s, Memory = 0.0K)
Checking Rule HVIssue_PreReq for module mac_col (Rule 230 of total 304) .... done (Time = 0.00s, Memory = 0.0K)
Checking Rule STARC05-2.5.1.7 for module mac_col (Rule 231 of total 304) .... done (Time = 0.00s, Memory = 0.0K)
Checking Rule STARC05-2.5.1.9 for module mac_col (Rule 232 of total 304) .... done (Time = 0.00s, Memory = 0.0K)
Checking Rule Txv_SvaSetup01 for module mac_col (Rule 215 of total 304) .... done (Time = 0.00s, Memory = 0.0K)
Checking Rule PESVASETUP01 for module mac_col (Rule 216 of total 304) .... done (Time = 0.00s, Memory = 0.0K)
Checking Rule _cdc_save_license01 for module mac_col (Rule 217 of total 304) .... done (Time = 0.00s, Memory = 0.0K)
Checking Rule Reset_check05 for module mac_col (Rule 218 of total 304) .... done (Time = 0.00s, Memory = 0.0K)
Checking Rule _syncResetStyleRTL for module mac_col (Rule 219 of total 304) .... done (Time = 0.00s, Memory = 0.0K)
Checking Rule _meta_delay01 for module mac_col (Rule 220 of total 304) .... done (Time = 0.00s, Memory = 0.0K)
Checking Rule Ac_svasetup01 for module mac_col (Rule 221 of total 304) .... done (Time = 0.00s, Memory = 0.0K)
Checking Rule LogNMuxPrereq for module mac_col (Rule 222 of total 304) .... done (Time = 0.00s, Memory = 0.0K)
Checking Rule STARC-1.3.2.2_prereq for module mac_col (Rule 223 of total 304) .... done (Time = 0.00s, Memory = 0.0K)
Checking Rule Prereqs_sim_race07 for module mac_col (Rule 224 of total 304) .... done (Time = 0.00s, Memory = 0.0K)
Checking Rule W336 for module mac_col (Rule 225 of total 304) .... done (Time = 0.00s, Memory = 0.0K)
Checking Rule W414 for module mac_col (Rule 226 of total 304) .... done (Time = 0.00s, Memory = 0.0K)
Checking Rule W450L for module mac_col (Rule 227 of total 304) .... done (Time = 0.00s, Memory = 0.0K)
Checking Rule HangingNetPreReq-ML for module mac_col (Rule 228 of total 304) .... done (Time = 0.00s, Memory = 0.0K)
Checking Rule RegInputOutput-ML for module mac_col (Rule 229 of total 304) .... done (Time = 0.00s, Memory = 0.0K)
Checking Rule HVIssue_PreReq for module mac_col (Rule 230 of total 304) .... done (Time = 0.00s, Memory = 0.0K)
Checking Rule STARC05-2.5.1.7 for module mac_col (Rule 231 of total 304) .... done (Time = 0.00s, Memory = 0.0K)
Checking Rule STARC05-2.5.1.9 for module mac_col (Rule 232 of total 304) .... done (Time = 0.00s, Memory = 0.0K)
Checking Rule Txv_SvaSetup01 for module mac_array (Rule 215 of total 304) .... done (Time = 0.00s, Memory = 0.0K)
Checking Rule PESVASETUP01 for module mac_array (Rule 216 of total 304) .... done (Time = 0.00s, Memory = 0.0K)
Checking Rule _cdc_save_license01 for module mac_array (Rule 217 of total 304) .... done (Time = 0.00s, Memory = 0.0K)
Checking Rule Reset_check05 for module mac_array (Rule 218 of total 304) .... done (Time = 0.00s, Memory = 0.0K)
Checking Rule _syncResetStyleRTL for module mac_array (Rule 219 of total 304) .... done (Time = 0.00s, Memory = 0.0K)
Checking Rule _meta_delay01 for module mac_array (Rule 220 of total 304) .... done (Time = 0.00s, Memory = 0.0K)
Checking Rule Ac_svasetup01 for module mac_array (Rule 221 of total 304) .... done (Time = 0.00s, Memory = 0.0K)
Checking Rule LogNMuxPrereq for module mac_array (Rule 222 of total 304) .... done (Time = 0.00s, Memory = 0.0K)
Checking Rule STARC-1.3.2.2_prereq for module mac_array (Rule 223 of total 304) .... done (Time = 0.00s, Memory = 0.0K)
Checking Rule Prereqs_sim_race07 for module mac_array (Rule 224 of total 304) .... done (Time = 0.00s, Memory = 0.0K)
Checking Rule W336 for module mac_array (Rule 225 of total 304) .... done (Time = 0.00s, Memory = 0.0K)
Checking Rule W414 for module mac_array (Rule 226 of total 304) .... done (Time = 0.00s, Memory = 0.0K)
Checking Rule W450L for module mac_array (Rule 227 of total 304) .... done (Time = 0.00s, Memory = 0.0K)
Checking Rule HangingNetPreReq-ML for module mac_array (Rule 228 of total 304) .... done (Time = 0.00s, Memory = 0.0K)
Checking Rule RegInputOutput-ML for module mac_array (Rule 229 of total 304) .... done (Time = 0.00s, Memory = 0.0K)
Checking Rule HVIssue_PreReq for module mac_array (Rule 230 of total 304) .... done (Time = 0.00s, Memory = 0.0K)
Checking Rule STARC05-2.5.1.7 for module mac_array (Rule 231 of total 304) .... done (Time = 0.00s, Memory = 0.0K)
Checking Rule STARC05-2.5.1.9 for module mac_array (Rule 232 of total 304) .... done (Time = 0.00s, Memory = 0.0K)
Checking Rule Txv_SvaSetup01 for module core (Rule 215 of total 304) .... done (Time = 0.00s, Memory = 0.0K)
Checking Rule PESVASETUP01 for module core (Rule 216 of total 304) .... done (Time = 0.00s, Memory = 0.0K)
Checking Rule _cdc_save_license01 for module core (Rule 217 of total 304) .... done (Time = 0.00s, Memory = 0.0K)
Checking Rule Reset_check05 for module core (Rule 218 of total 304) .... done (Time = 0.00s, Memory = 0.0K)
Checking Rule _syncResetStyleRTL for module core (Rule 219 of total 304) .... done (Time = 0.00s, Memory = 0.0K)
Checking Rule _meta_delay01 for module core (Rule 220 of total 304) .... done (Time = 0.00s, Memory = 0.0K)
Checking Rule Ac_svasetup01 for module core (Rule 221 of total 304) .... done (Time = 0.00s, Memory = 0.0K)
Checking Rule LogNMuxPrereq for module core (Rule 222 of total 304) .... done (Time = 0.00s, Memory = 0.0K)
Checking Rule STARC-1.3.2.2_prereq for module core (Rule 223 of total 304) .... done (Time = 0.00s, Memory = 0.0K)
Checking Rule Prereqs_sim_race07 for module core (Rule 224 of total 304) .... done (Time = 0.00s, Memory = 0.0K)
Checking Rule W336 for module core (Rule 225 of total 304) .... done (Time = 0.00s, Memory = 0.0K)
Checking Rule W414 for module core (Rule 226 of total 304) .... done (Time = 0.00s, Memory = 0.0K)
Checking Rule W450L for module core (Rule 227 of total 304) .... done (Time = 0.00s, Memory = 0.0K)
Checking Rule HangingNetPreReq-ML for module core (Rule 228 of total 304) .... done (Time = 0.00s, Memory = 0.0K)
Checking Rule RegInputOutput-ML for module core (Rule 229 of total 304) .... done (Time = 0.00s, Memory = 0.0K)
Checking Rule HVIssue_PreReq for module core (Rule 230 of total 304) .... done (Time = 0.00s, Memory = 0.0K)
Checking Rule STARC05-2.5.1.7 for module core (Rule 231 of total 304) .... done (Time = 0.00s, Memory = 0.0K)
Checking Rule STARC05-2.5.1.9 for module core (Rule 232 of total 304) .... done (Time = 0.00s, Memory = 0.0K)
Checking Rule Txv_SvaSetup01 for module fullchip (Rule 215 of total 304) .... done (Time = 0.00s, Memory = 0.0K)
Checking Rule PESVASETUP01 for module fullchip (Rule 216 of total 304) .... done (Time = 0.00s, Memory = 0.0K)
Checking Rule _cdc_save_license01 for module fullchip (Rule 217 of total 304) .... done (Time = 0.00s, Memory = 0.0K)
Checking Rule Reset_check05 for module fullchip (Rule 218 of total 304) .... done (Time = 0.00s, Memory = 0.0K)
Checking Rule _syncResetStyleRTL for module fullchip (Rule 219 of total 304) .... done (Time = 0.00s, Memory = 0.0K)
Checking Rule _meta_delay01 for module fullchip (Rule 220 of total 304) .... done (Time = 0.00s, Memory = 0.0K)
Checking Rule Ac_svasetup01 for module fullchip (Rule 221 of total 304) .... done (Time = 0.00s, Memory = 0.0K)
Checking Rule LogNMuxPrereq for module fullchip (Rule 222 of total 304) .... done (Time = 0.00s, Memory = 0.0K)
Checking Rule STARC-1.3.2.2_prereq for module fullchip (Rule 223 of total 304) .... done (Time = 0.00s, Memory = 0.0K)
Checking Rule Prereqs_sim_race07 for module fullchip (Rule 224 of total 304) .... done (Time = 0.00s, Memory = 0.0K)
Checking Rule W336 for module fullchip (Rule 225 of total 304) .... done (Time = 0.00s, Memory = 0.0K)
Checking Rule W414 for module fullchip (Rule 226 of total 304) .... done (Time = 0.00s, Memory = 0.0K)
Checking Rule W450L for module fullchip (Rule 227 of total 304) .... done (Time = 0.00s, Memory = 0.0K)
Checking Rule HangingNetPreReq-ML for module fullchip (Rule 228 of total 304) .... done (Time = 0.00s, Memory = 0.0K)
Checking Rule RegInputOutput-ML for module fullchip (Rule 229 of total 304) .... done (Time = 0.00s, Memory = 0.0K)
Checking Rule HVIssue_PreReq for module fullchip (Rule 230 of total 304) .... done (Time = 0.00s, Memory = 0.0K)
Checking Rule STARC05-2.5.1.7 for module fullchip (Rule 231 of total 304) .... done (Time = 0.00s, Memory = 0.0K)
Checking Rule STARC05-2.5.1.9 for module fullchip (Rule 232 of total 304) .... done (Time = 0.00s, Memory = 0.0K)
Checking Rule Txv_SvaSetup01 for module fullchip_tb (Rule 215 of total 304) .... done (Time = 0.00s, Memory = 0.0K)
Checking Rule PESVASETUP01 for module fullchip_tb (Rule 216 of total 304) .... done (Time = 0.00s, Memory = 0.0K)
Checking Rule _cdc_save_license01 for module fullchip_tb (Rule 217 of total 304) .... done (Time = 0.00s, Memory = 0.0K)
Checking Rule Reset_check05 for module fullchip_tb (Rule 218 of total 304) .... done (Time = 0.00s, Memory = 0.0K)
Checking Rule _syncResetStyleRTL for module fullchip_tb (Rule 219 of total 304) .... done (Time = 0.00s, Memory = 0.0K)
Checking Rule _meta_delay01 for module fullchip_tb (Rule 220 of total 304) .... done (Time = 0.00s, Memory = 0.0K)
Checking Rule Ac_svasetup01 for module fullchip_tb (Rule 221 of total 304) .... done (Time = 0.00s, Memory = 0.0K)
Checking Rule LogNMuxPrereq for module fullchip_tb (Rule 222 of total 304) .... done (Time = 0.00s, Memory = 0.0K)
Checking Rule STARC-1.3.2.2_prereq for module fullchip_tb (Rule 223 of total 304) .... done (Time = 0.00s, Memory = 0.0K)
Checking Rule Prereqs_sim_race07 for module fullchip_tb (Rule 224 of total 304) .... done (Time = 0.00s, Memory = 0.0K)
Checking Rule W336 for module fullchip_tb (Rule 225 of total 304) .... done (Time = 0.00s, Memory = 0.0K)
Checking Rule W414 for module fullchip_tb (Rule 226 of total 304) .... done (Time = 0.00s, Memory = 0.0K)
Checking Rule W450L for module fullchip_tb (Rule 227 of total 304) .... done (Time = 0.00s, Memory = 0.0K)
Checking Rule HangingNetPreReq-ML for module fullchip_tb (Rule 228 of total 304) .... done (Time = 0.00s, Memory = 0.0K)
Checking Rule RegInputOutput-ML for module fullchip_tb (Rule 229 of total 304) .... done (Time = 0.00s, Memory = 0.0K)
Checking Rule HVIssue_PreReq for module fullchip_tb (Rule 230 of total 304) .... done (Time = 0.00s, Memory = 0.0K)
Checking Rule STARC05-2.5.1.7 for module fullchip_tb (Rule 231 of total 304) .... done (Time = 0.00s, Memory = 0.0K)
Checking Rule STARC05-2.5.1.9 for module fullchip_tb (Rule 232 of total 304) .... done (Time = 0.00s, Memory = 0.0K)
Performing semantic checks on SGDC contents
Checking Rule SGDC_testmode03 (Rule 73 of total 304) .... done (Time = 0.00s, Memory = 0.0K)
Checking Rule _abstractPortSGDC (Rule 233 of total 304) .... done (Time = 0.00s, Memory = 0.0K)
Checking Rule SGDC_abstract_port03 (Rule 234 of total 304) .... done (Time = 0.00s, Memory = 0.0K)
Checking Rule SGDC_abstract_port04 (Rule 235 of total 304) .... done (Time = 0.00s, Memory = 0.0K)
Checking Rule SGDC_abstract_port05 (Rule 236 of total 304) .... done (Time = 0.00s, Memory = 0.0K)
Checking Rule SGDC_abstract_port07 (Rule 237 of total 304) .... done (Time = 0.00s, Memory = 0.0K)
Checking Rule SGDC_abstract_port08 (Rule 238 of total 304) .... done (Time = 0.00s, Memory = 24.0K)
Checking Rule SGDC_abstract_port10 (Rule 239 of total 304) .... done (Time = 0.00s, Memory = 0.0K)
Checking Rule SGDC_abstract_port11 (Rule 240 of total 304) .... done (Time = 0.00s, Memory = 0.0K)
Checking Rule SGDC_abstract_port12 (Rule 241 of total 304) .... done (Time = 0.00s, Memory = 0.0K)
Checking Rule SGDC_abstract_port13 (Rule 242 of total 304) .... done (Time = 0.00s, Memory = 32.0K)
Checking Rule ReportUngroup (Rule 243 of total 304) .... done (Time = 0.00s, Memory = 0.0K)
Checking Rule LINT_portReten (Rule 244 of total 304) .... done (Time = 0.00s, Memory = 0.0K)
Checking Rule SGDC_abstract_port21 (Rule 245 of total 304) .... done (Time = 0.00s, Memory = 0.0K)
Checking Rule InferLatch (Rule 246 of total 304) .... done (Time = 0.00s, Memory = 40.0K)
Checking Rule UndrivenInTerm-ML (Rule 247 of total 304) .... done (Time = 0.07s, Memory = 56.0K)
Checking Rule SGDC_assume_path05 (Rule 248 of total 304) .... done (Time = 0.00s, Memory = 0.0K)
 Flattening fullchip_tb (.lib instances separately flattened) ....
 Flattening completed
Checking Rule SGDC_set_case_analysis_LC (Rule 249 of total 304) .... done (Time = 0.00s, Memory = 0.0K)
Checking Rule BufClock (Rule 250 of total 304) .... done (Time = 0.03s, Memory = 1728.0K)
Checking Rule CombLoop (Rule 251 of total 304) .... done (Time = 0.02s, Memory = 792.0K)
Checking Rule STARC05-2.5.1.2 (Rule 252 of total 304) .... done (Time = 0.01s, Memory = 0.0K)
Checking Rule STARC05-1.3.1.3 (Rule 253 of total 304) .... done (Time = 0.00s, Memory = 0.0K)
Checking Rule STARC05-1.4.3.4 (Rule 254 of total 304) .... done (Time = 0.00s, Memory = 16.0K)
Checking Rule FlopClockConstant (Rule 255 of total 304) .... done (Time = 0.01s, Memory = 0.0K)
Checking Rule FlopSRConst (Rule 256 of total 304) .... done (Time = 0.00s, Memory = 0.0K)
Checking Rule FlopEConst (Rule 257 of total 304) .... done (Time = 0.01s, Memory = 0.0K)
Checking Rule checkPinConnectedToSupply (Rule 258 of total 304) .... done (Time = 0.00s, Memory = 0.0K)
Checking Rule W392 (Rule 259 of total 304) .... done (Time = 0.01s, Memory = 384.0K)
Checking Rule W415 (Rule 260 of total 304) .... done (Time = 0.01s, Memory = 0.0K)
Checking Rule LatchFeedback (Rule 261 of total 304) .... done (Time = 0.03s, Memory = 8.0K)
Checking Rule STARC05-2.4.1.5 (Rule 262 of total 304) .... done (Time = 0.00s, Memory = 0.0K)
Checking Rule STARC05-1.2.1.2 (Rule 263 of total 304) .... done (Time = 0.00s, Memory = 104.0K)
Checking Rule AnalyzeBBox (Rule 264 of total 304) .... done (Time = 0.00s, Memory = 0.0K)
Checking Rule ReportCheckDataSummary (Rule 71 of total 304) .... done (Time = 0.00s, Memory = 0.0K)

Generating data for Console...

SpyGlass Rule Checking Complete.

Generating moresimple report from './spyglass-1/lint/lint_rtl/spyglass.vdb' to './spyglass-1/lint/lint_rtl/spyglass_reports/moresimple.rpt' ....

Generating runsummary report from './spyglass-1/lint/lint_rtl/spyglass.vdb' ....

Generating no_msg_reporting_rules report from './spyglass-1/lint/lint_rtl/spyglass.vdb' to './spyglass-1/lint/lint_rtl/spyglass_reports/no_msg_reporting_rules.rpt' ....

Policy specific data (reports) are present in the directory './spyglass-1/lint/lint_rtl/spyglass_reports'.

SpyGlass critical reports for the current run are present in directory './spyglass-1/consolidated_reports/lint_lint_rtl/'.

---------------------------------------------------------------------------------------------
Results Summary:
---------------------------------------------------------------------------------------------
   Goal Run           :      lint/lint_rtl
   Command-line read  :      0 error,      0 warning,      0 information message 
   Design Read        :      0 error,     50 warnings,     2 information messages
      Found 1 top module:
         fullchip_tb   (file: verilog/fullchip_tb.v)

   Blackbox Resolution:      0 error,      0 warning,      0 information message 
   SGDC Checks        :      0 error,      0 warning,      0 information message 
** Policy lint        :      1 error,     55 warnings,     1 information message 
   Policy morelint    :      4 errors,     0 warning,      0 information message 
   Policy starc2005   :      0 error,      1 warning,      0 information message 
   -------------------------------------------------------------------------------------
   Total              :      5 errors,   106 warnings,     3 information messages

  Total Number of Generated Messages     :       114 (5 errors, 106 warnings, 3 Infos)
  Number of Reported Messages            :       114 (5 errors, 106 warnings, 3 Infos)

  NOTE: It is recommended to first fix/reconcile fatals/errors reported on
        lines starting with ** as subsequent issues might be related to it.
        Please re-run SpyGlass once ** prefixed lines are fatal/error clean.

---------------------------------------------------------------------------------------------


run_goal: info: updating spyglass.log with goal summary
---------------------------------------------------------------------------------------------------
Results Summary:
---------------------------------------------------------------------------------------------------
   Goal Run           :      lint/lint_rtl
   Top Module         :      fullchip_tb
---------------------------------------------------------------------------------------------------
   Reports Directory: 
   /home/caden99/Documents/projects/vector_processor/1D_Vector_Processor/spyglass-1/consolidated_reports/lint_lint_rtl/ 

   SpyGlass LogFile: 
    /home/caden99/Documents/projects/vector_processor/1D_Vector_Processor/spyglass-1/lint/lint_rtl/spyglass.log 

   Standard Reports: 
     moresimple.rpt          no_msg_reporting_rules.rpt       

   HTML report:
    /home/caden99/Documents/projects/vector_processor/1D_Vector_Processor/spyglass-1/html_reports/goals_summary.html
  

   Technology Reports:  
     <Not Available>
   
   
---------------------------------------------------------------------------------------------------
   Goal Violation Summary:
       Waived   Messages:                      0 Errors,      0 Warnings,      0 Infos
       Reported Messages:         0 Fatals,    5 Errors,    106 Warnings,      3 Infos
---------------------------------------------------------------------------------------------------
   
---------------------------------------------------------------------------------------------------
 
run_goal: info: spyglass.log successfully updated with goal summary
run_goal: info: setting design top `fullchip_tb' as current_design
0 {Rule-checking completed with errors}
INFO:    SpyGlass will run goal(s) 'lint/lint_rtl'.


RULE-CHECKING IN MIXED MODE
Loading spyglass (SpyGlass_vP-2019.06-SP1-01) ... (picked from /opt/synopsys/spyglass/P-2019.06-SP1-1/SPYGLASS_HOME/policies/spyglass)
Loading openmore (SpyGlass_vP-2019.06-SP1-01) ... (picked from /opt/synopsys/spyglass/P-2019.06-SP1-1/SPYGLASS_HOME/policies/openmore)
Loading starc (SpyGlass_vP-2019.06-SP1-01) ... (picked from /opt/synopsys/spyglass/P-2019.06-SP1-1/SPYGLASS_HOME/policies/starc)
Loading starc2005 (SpyGlass_vP-2019.06-SP1-01) ... (picked from /opt/synopsys/spyglass/P-2019.06-SP1-1/SPYGLASS_HOME/policies/starc2005)
Loading erc (SpyGlass_vP-2019.06-SP1-01) ... (picked from /opt/synopsys/spyglass/P-2019.06-SP1-1/SPYGLASS_HOME/policies/erc)
Loading simulation (SpyGlass_vP-2019.06-SP1-01) ... (picked from /opt/synopsys/spyglass/P-2019.06-SP1-1/SPYGLASS_HOME/policies/simulation)
Loading lint (SpyGlass_vP-2019.06-SP1-01) ... (picked from /opt/synopsys/spyglass/P-2019.06-SP1-1/SPYGLASS_HOME/policies/lint)
Loading latch (SpyGlass_vP-2019.06-SP1-01) ... (picked from /opt/synopsys/spyglass/P-2019.06-SP1-1/SPYGLASS_HOME/policies/latch)
Loading morelint (SpyGlass_vP-2019.06-SP1-01) ... (picked from /opt/synopsys/spyglass/P-2019.06-SP1-1/SPYGLASS_HOME/policies/morelint)
Loading timing (SpyGlass_vP-2019.06-SP1-01) ... (picked from /opt/synopsys/spyglass/P-2019.06-SP1-1/SPYGLASS_HOME/policies/timing)
Loading starc2002 (SpyGlass_vP-2019.06-SP1-01) ... (picked from /opt/synopsys/spyglass/P-2019.06-SP1-1/SPYGLASS_HOME/policies/starc2002)

WARNING [237]    Following rules can not run on restored design database. Hence, HDL being re-read:
                 STARC05-2.1.4.5
                 STARC05-2.1.5.3
                 STARC05-2.2.3.3
                 STARC05-2.3.1.5b
                 STARC05-2.3.1.6
                 STARC05-2.3.3.1
                 STARC05-2.10.2.3
                 STARC05-2.10.3.2a
                 STARC05-2.11.3.1
                 STARC05-2.1.3.1
                 STARC05-2.3.1.2c
                 STARC05-2.10.1.4a
                 STARC05-2.10.1.4b
                 STARC05-2.3.4.1v
                 sim_race02
                 Prereqs_sim_race07
                 W339a
                 W442a
                 W442b
                 W442c
                 W442f
                 mixedsenselist
                 badimplicitSM1
                 badimplicitSM2
                 badimplicitSM4
                 bothedges
                 W110
                 W122
                 W496a
                 W496b
                 W19
                 W66
                 W116
                 W123
                 W156
                 W215
                 W216
                 W218
                 W224
                 W263
                 W289
                 W317
                 W337
                 W352
                 W362
                 W415a
                 W422
                 W426
                 W480
                 W481a
                 W481b
                 W486
                 W499
                 W502
                 W336
                 W414
                 BlockHeader
                 W292
                 W416
                 W110a
                 W71
                 W240
                 W287a
                 W287b
                 W293
                 W398
                 W421
                 W424
                 W467
                 W505
                 W528
                 W392
                 W450L
                 RegInputOutput-ML
                 ReportPortInfo-ML
                 PragmaComments-ML
                 HVIssue_PreReq
                 NoAssignX-ML
                 ParamWidthMismatch-ML
                 CheckDelayTimescale-ML
                 NoXInCase-ML
                 STARC05-2.5.1.7
                 STARC05-2.1.6.5
                 STARC05-2.5.1.9

        ********** LICENSE FAILURE NOTIFICATION **********
        Some of the required license features could not be checked out.

        Feature name: "save_restore 2019.06 (or > 2019.06)" [No job handle]
        Feature details: "save_restore" (license token)
                     - Required by SpyGlass
                     - Enables use of previously generated database

        SNPSLMD_LICENSE_FILE = 30000@qingteng
        LM_LICENSE_FILE = /opt/synopsys/license/license.dat

        Please check your license setup, or contact your CAD administrator.
        SpyGlass would disable save_restore feature and continue the normal run.
        ********** END OF LICENSE FAILURE NOTIFICATION **********


INFO [76]    Using './spyglass-1/WORK/64' as the Work Directory for 64bit precompiled dump.
Checking Rule PrecompileLibCheck01 (Rule 1 of total 280) .... done (Time = 0.00s, Memory = 0.0K)
Checking Rule PrecompileLibCheck02 (Rule 2 of total 280) .... done (Time = 0.00s, Memory = 32.0K)
Checking Rule PrecompileLibCheck03 (Rule 3 of total 280) .... done (Time = 0.00s, Memory = 0.0K)
Checking Rule PrecompileLibCheck04 (Rule 4 of total 280) .... done (Time = 0.00s, Memory = 0.0K)
Checking Rule AbstractInterface (Rule 5 of total 280) .... done (Time = 0.00s, Memory = 0.0K)
Checking Rule SGDC_assume_path01 (Rule 6 of total 280) .... done (Time = 0.00s, Memory = 0.0K)
Checking Rule SGDC_sdcschema02 (Rule 7 of total 280) .... done (Time = 0.00s, Memory = 32.0K)
Checking Rule SGDC_clock05 (Rule 8 of total 280) .... done (Time = 0.00s, Memory = 0.0K)
Checking Rule SGDC_clock09 (Rule 9 of total 280) .... done (Time = 0.00s, Memory = 0.0K)
Checking Rule SGDC_force_ta05 (Rule 10 of total 280) .... done (Time = 0.00s, Memory = 0.0K)
Checking Rule SGDC_require_path03 (Rule 11 of total 280) .... done (Time = 0.00s, Memory = 0.0K)
Checking Rule SGDC_require_value03 (Rule 12 of total 280) .... done (Time = 0.00s, Memory = 8.0K)
Checking Rule SGDC_voltagedomain05 (Rule 13 of total 280) .... done (Time = 0.00s, Memory = 8.0K)
Checking Rule SGDC_voltagedomain06 (Rule 14 of total 280) .... done (Time = 0.00s, Memory = 0.0K)
Checking Rule SGDC_voltagedomain07 (Rule 15 of total 280) .... done (Time = 0.00s, Memory = 0.0K)
Checking Rule SGDC_powerdomainoutputs02 (Rule 16 of total 280) .... done (Time = 0.00s, Memory = 8.0K)
Checking Rule SGDC_supply01 (Rule 17 of total 280) .... done (Time = 0.00s, Memory = 8.0K)
Checking Rule SGDC_waive01 (Rule 18 of total 280) .... done (Time = 0.00s, Memory = 0.0K)
Checking Rule SGDC_waive02 (Rule 19 of total 280) .... done (Time = 0.00s, Memory = 0.0K)
Checking Rule SGDC_waive03 (Rule 20 of total 280) .... done (Time = 0.00s, Memory = 0.0K)
Checking Rule SGDC_waive04 (Rule 21 of total 280) .... done (Time = 0.00s, Memory = 0.0K)
Checking Rule SGDC_waive05 (Rule 22 of total 280) .... done (Time = 0.00s, Memory = 0.0K)
Checking Rule SGDC_waive06 (Rule 23 of total 280) .... done (Time = 0.00s, Memory = 0.0K)
Checking Rule SGDC_waive07 (Rule 24 of total 280) .... done (Time = 0.00s, Memory = 0.0K)
Checking Rule SGDC_waive08 (Rule 25 of total 280) .... done (Time = 0.00s, Memory = 0.0K)
Checking Rule SGDC_waive09 (Rule 26 of total 280) .... done (Time = 0.00s, Memory = 0.0K)
Checking Rule SGDC_waive10 (Rule 27 of total 280) .... done (Time = 0.00s, Memory = 0.0K)
Checking Rule SGDC_waive11 (Rule 28 of total 280) .... done (Time = 0.00s, Memory = 0.0K)
Checking Rule SGDC_waive12 (Rule 29 of total 280) .... done (Time = 0.00s, Memory = 0.0K)
Checking Rule SGDC_waive13 (Rule 30 of total 280) .... done (Time = 0.00s, Memory = 8.0K)
Checking Rule SGDC_waive21 (Rule 31 of total 280) .... done (Time = 0.00s, Memory = 0.0K)
Checking Rule SGDC_waive22 (Rule 32 of total 280) .... done (Time = 0.00s, Memory = 0.0K)
Checking Rule SGDC_waive30 (Rule 33 of total 280) .... done (Time = 0.00s, Memory = 0.0K)
Checking Rule SGDC_waive32 (Rule 34 of total 280) .... done (Time = 0.00s, Memory = 0.0K)
Checking Rule SGDC_waive33 (Rule 35 of total 280) .... done (Time = 0.00s, Memory = 0.0K)
Checking Rule SGDC_waive36 (Rule 36 of total 280) .... done (Time = 0.00s, Memory = 0.0K)
Checking Rule SGDC_waive38 (Rule 37 of total 280) .... done (Time = 0.00s, Memory = 0.0K)
Checking Rule SGDC_fifo01 (Rule 38 of total 280) .... done (Time = 0.00s, Memory = 8.0K)
Checking Rule SGDC_libgroup01 (Rule 39 of total 280) .... done (Time = 0.00s, Memory = 16.0K)
Checking Rule SGDC_libgroup02 (Rule 40 of total 280) .... done (Time = 0.00s, Memory = 0.0K)
Checking Rule SGDC_libgroup04 (Rule 41 of total 280) .... done (Time = 0.00s, Memory = 8.0K)
Checking Rule SGDC_power_data01 (Rule 42 of total 280) .... done (Time = 0.00s, Memory = 0.0K)
Checking Rule SGDC_ungroup01 (Rule 43 of total 280) .... done (Time = 0.00s, Memory = 8.0K)
Checking Rule SGDC_abstract_port06 (Rule 44 of total 280) .... done (Time = 0.00s, Memory = 0.0K)
Checking Rule SGDC_abstract_port14 (Rule 45 of total 280) .... done (Time = 0.00s, Memory = 8.0K)
Checking Rule SGDC_abstract_port15 (Rule 46 of total 280) .... done (Time = 0.00s, Memory = 8.0K)
Checking Rule SGDC_abstract_port18 (Rule 47 of total 280) .... done (Time = 0.00s, Memory = 8.0K)
Checking Rule sdc_init_rule (Rule 48 of total 280) .... done (Time = 0.00s, Memory = 0.0K)
Checking Rule CMD_ignorelibs01 (Rule 49 of total 280) .... done (Time = 0.00s, Memory = 0.0K)
Checking Rule ReportRuleNotRun (Rule 50 of total 280) .... done (Time = 0.01s, Memory = 0.0K)
Checking Rule STARC05-2.3.1.2c (Rule 51 of total 280) .... done (Time = 0.00s, Memory = 0.0K)
Checking Rule W442a (Rule 52 of total 280) .... done (Time = 0.00s, Memory = 0.0K)
Checking Rule W442b (Rule 53 of total 280) .... done (Time = 0.00s, Memory = 0.0K)
Checking Rule W442c (Rule 54 of total 280) .... done (Time = 0.00s, Memory = 0.0K)
Checking Rule W442f (Rule 55 of total 280) .... done (Time = 0.00s, Memory = 0.0K)
Checking Rule mixedsenselist (Rule 56 of total 280) .... done (Time = 0.00s, Memory = 0.0K)
Checking Rule badimplicitSM1 (Rule 57 of total 280) .... done (Time = 0.00s, Memory = 0.0K)
Checking Rule badimplicitSM2 (Rule 58 of total 280) .... done (Time = 0.00s, Memory = 0.0K)
Checking Rule badimplicitSM4 (Rule 59 of total 280) .... done (Time = 0.00s, Memory = 0.0K)
Checking Rule bothedges (Rule 60 of total 280) .... done (Time = 0.00s, Memory = 0.0K)
Checking Rule BlockHeader (Rule 61 of total 280) .... done (Time = 0.00s, Memory = 0.0K)
Checking Rule W421 (Rule 62 of total 280) .... done (Time = 0.00s, Memory = 0.0K)
Checking Rule STARC05-2.1.6.5 (Rule 63 of total 280) .... done (Time = 0.00s, Memory = 0.0K)
Checking Rule ReportStopSummary (Rule 64 of total 280) .... done (Time = 0.00s, Memory = 0.0K)
Checking Rule ReportIgnoreSummary (Rule 65 of total 280) .... done (Time = 0.00s, Memory = 0.0K)
 Analyzing source file "verilog/core.v" ....
 Analyzing source file "verilog/fifo_depth16.v" ....
 Analyzing source file "verilog/fifo_mux_2_1.v" ....
 Analyzing source file "verilog/fifo_mux_8_1.v" ....
 Analyzing source file "verilog/fifo_mux_16_1.v" ....
 Analyzing source file "verilog/fullchip.v" ....
 Analyzing source file "verilog/fullchip_tb.v" ....
 Analyzing source file "verilog/mac_8in.v" ....
 Analyzing source file "verilog/sram_w16.v" ....
 Analyzing source file "verilog/mac_array.v" ....
 Analyzing source file "verilog/mac_col.v" ....
 Analyzing source file "verilog/ofifo.v" ....
 Elaborating Top Verilog Design Unit 'fullchip_tb' .....
 done
Checking Rule ElabSummary (Rule 66 of total 280) .... done (Time = 0.00s, Memory = 0.0K)
Checking Rule ReportCheckDataSummary (Rule 67 of total 280) .... done (Time = 0.00s, Memory = 0.0K)
 Reading waiver file "./spyglass-1/lint/lint_rtl/spyglass_spysch/constraint/spg_autogenerated_waivers.sgdc" ...
 Generating SGDC file "./spyglass-1/lint/lint_rtl/spyglass_spysch/constraint/pragma2Constraint.sgdc" from pragmas in HDL source files ....
 Generating WAIVER file "./spyglass-1/lint/lint_rtl/spyglass_spysch/waiver/pragma2Waiver.swl" from pragmas in HDL source files ....
Checking Rule DetectTopDesignUnits (Rule 68 of total 280)
 Detected 1 top level design units:
     fullchip_tb
 .... done (Time = 0.00s, Memory = 0.0K)
Performing semantic checks on SGDC contents
Checking Rule SGDC_testmode03 (Rule 69 of total 280) .... done (Time = 0.00s, Memory = 0.0K)
Checking Rule ReportObsoletePragmas (Rule 70 of total 280) .... done (Time = 0.00s, Memory = 0.0K)
Checking Rule checkSGDC_01 (Rule 71 of total 280) .... done (Time = 0.00s, Memory = 0.0K)
Checking Rule checkSGDC_03 (Rule 72 of total 280) .... done (Time = 0.00s, Memory = 24.0K)
Checking Rule checkSGDC_08 (Rule 73 of total 280) .... done (Time = 0.00s, Memory = 0.0K)
Checking Rule GenerateConfMap (Rule 74 of total 280) .... done (Time = 0.00s, Memory = 0.0K)
Checking Rule SGDC_memorywritepin04 (Rule 75 of total 280) .... done (Time = 0.00s, Memory = 0.0K)
Checking Rule SGDC_reset02 (Rule 76 of total 280) .... done (Time = 0.00s, Memory = 0.0K)
Checking Rule SGDC_reset03 (Rule 77 of total 280) .... done (Time = 0.00s, Memory = 8.0K)
Checking Rule SGDC_libgroup03 (Rule 78 of total 280) .... done (Time = 0.00s, Memory = 0.0K)
Checking Rule SGDC_ungroup02 (Rule 79 of total 280) .... done (Time = 0.00s, Memory = -32.0K)
Checking Rule HdlLibDuCheck (Rule 80 of total 280) .... done (Time = 0.00s, Memory = -8.0K)
Checking Rule RtlDesignInfo (Rule 81 of total 280) .... done (Time = 0.00s, Memory = 0.0K)
Checking Rule W339a (Rule 82 of total 280) .... done (Time = 0.00s, Memory = -32.0K)
Checking Rule W416 (Rule 83 of total 280) .... done (Time = 0.00s, Memory = 0.0K)
Checking Rule mixedsenselist (Rule 84 of total 280) .... done (Time = 0.00s, Memory = 0.0K)
Checking Rule W110a (Rule 85 of total 280) .... done (Time = 0.00s, Memory = 0.0K)
Checking Rule preReq_ConsCase2 (Rule 86 of total 280) .... done (Time = 0.00s, Memory = 0.0K)
Checking Rule preReq_3.5.6.4 (Rule 87 of total 280) .... done (Time = 0.00s, Memory = 0.0K)
Checking Rule preReq_ConsCase (Rule 88 of total 280) .... done (Time = 0.00s, Memory = 0.0K)
Checking Rule STARC05-AlwaysParamSetup (Rule 89 of total 280) .... done (Time = 0.00s, Memory = 0.0K)
Checking Rule STARC05-ProcessParamSetup (Rule 90 of total 280) .... done (Time = 0.00s, Memory = 0.0K)
Checking Rule preReq_W351 (Rule 91 of total 280) .... done (Time = 0.00s, Memory = 0.0K)
Checking Rule Latch_VePreReqRule (Rule 92 of total 280) .... done (Time = 0.00s, Memory = 0.0K)
Checking Rule preReq_FindStringInComment-ML (Rule 93 of total 280) .... done (Time = 0.00s, Memory = 0.0K)
Checking Rule CheckCelldefine (Rule 94 of total 280) .... done (Time = 0.00s, Memory = 0.0K)
Checking Rule SGDC_waive23 (Rule 95 of total 280) .... done (Time = 0.00s, Memory = 0.0K)
Checking Rule SGDC_waive26 (Rule 96 of total 280) .... done (Time = 0.00s, Memory = -24.0K)
Checking Rule SGDC_waive27 (Rule 97 of total 280) .... done (Time = 0.00s, Memory = 0.0K)
Checking Rule SGDC_waive29 (Rule 98 of total 280) .... done (Time = 0.00s, Memory = 0.0K)
Checking Rule Prereqs_RegOutputs (Rule 99 of total 280) .... done (Time = 0.00s, Memory = 0.0K)
Checking Rule STARC05-2.1.4.5 (Rule 100 of total 280) .... done (Time = 0.00s, Memory = 0.0K)
Checking Rule STARC05-2.3.1.5b (Rule 101 of total 280) .... done (Time = 0.00s, Memory = 0.0K)
Checking Rule STARC05-2.3.3.1 (Rule 102 of total 280) .... done (Time = 0.00s, Memory = 8.0K)
Checking Rule STARC05-2.3.3.1 (Rule 103 of total 280) .... done (Time = 0.00s, Memory = 0.0K)
Checking Rule STARC05-2.11.3.1 (Rule 104 of total 280) .... done (Time = 0.00s, Memory = 0.0K)
Checking Rule Prereqs_sim_race11 (Rule 105 of total 280) .... done (Time = 0.00s, Memory = 0.0K)
Checking Rule W496b (Rule 106 of total 280) .... done (Time = 0.00s, Memory = 0.0K)
Checking Rule W317 (Rule 107 of total 280) .... done (Time = 0.00s, Memory = 0.0K)
Checking Rule W422 (Rule 108 of total 280) .... done (Time = 0.00s, Memory = -8.0K)
Checking Rule W426 (Rule 109 of total 280) .... done (Time = 0.00s, Memory = 0.0K)
Checking Rule W480 (Rule 110 of total 280) .... done (Time = 0.00s, Memory = 0.0K)
Checking Rule W481a (Rule 111 of total 280) .... done (Time = 0.00s, Memory = 0.0K)
Checking Rule W481b (Rule 112 of total 280) .... done (Time = 0.00s, Memory = 0.0K)
Checking Rule W422 (Rule 113 of total 280) .... done (Time = 0.00s, Memory = 0.0K)
Checking Rule W292 (Rule 114 of total 280) .... done (Time = 0.00s, Memory = 0.0K)
Checking Rule W71 (Rule 115 of total 280) .... done (Time = 0.00s, Memory = 0.0K)
Checking Rule W287b (Rule 116 of total 280) .... done (Time = 0.01s, Memory = 32.0K)
Checking Rule W293 (Rule 117 of total 280) .... done (Time = 0.00s, Memory = 0.0K)
Checking Rule W398 (Rule 118 of total 280) .... done (Time = 0.00s, Memory = 0.0K)
Checking Rule W421 (Rule 119 of total 280) .... done (Time = 0.00s, Memory = 0.0K)
Checking Rule W424 (Rule 120 of total 280) .... done (Time = 0.00s, Memory = 0.0K)
Checking Rule W467 (Rule 121 of total 280) .... done (Time = 0.00s, Memory = 0.0K)
Checking Rule Prereqs_RegInputOutputs (Rule 122 of total 280) .... done (Time = 0.00s, Memory = 0.0K)
Checking Rule PragmaComments-ML (Rule 123 of total 280) .... done (Time = 0.00s, Memory = 8.0K)
Checking Rule PragmaComments-ML (Rule 124 of total 280) .... done (Time = 0.00s, Memory = 0.0K)
Checking Rule CheckDelayTimescale-ML (Rule 125 of total 280) .... done (Time = 0.00s, Memory = 0.0K)
Checking Rule Prereqs_CheckTimeUnitandPrecision-ML (Rule 126 of total 280) .... done (Time = 0.00s, Memory = 0.0K)
Checking Rule Prereqs_InclFileSetup-ML (Rule 127 of total 280) .... done (Time = 0.00s, Memory = 0.0K)
Checking ELABDU Rules for designUnit fullchip_tb
    Checking Rule Prereqs_STARC-2.3.6.1 (Rule 128 of total 280) .... done (Time = 0.00s, Memory = 0.0K)
    Checking Rule Prereqs_InferLatch (Rule 129 of total 280) .... done (Time = 0.00s, Memory = 0.0K)
    Checking Rule STARC05-2.1.5.3 (Rule 130 of total 280) .... done (Time = 0.00s, Memory = 0.0K)
    Checking Rule STARC05-2.2.3.3 (Rule 131 of total 280) .... done (Time = 0.00s, Memory = 0.0K)
    Checking Rule STARC05-2.3.1.6 (Rule 132 of total 280) .... done (Time = 0.00s, Memory = 0.0K)
    Checking Rule STARC05-2.10.2.3 (Rule 133 of total 280) .... done (Time = 0.00s, Memory = 32.0K)
    Checking Rule STARC05-2.10.3.2a (Rule 134 of total 280) .... done (Time = 0.00s, Memory = 0.0K)
    Checking Rule STARC05-2.11.3.1 (Rule 135 of total 280) .... done (Time = 0.01s, Memory = 0.0K)
    Checking Rule STARC05-2.1.3.1 (Rule 136 of total 280) .... done (Time = 0.00s, Memory = 0.0K)
    Checking Rule STARC05-2.10.1.4a (Rule 137 of total 280) .... done (Time = 0.00s, Memory = 0.0K)
    Checking Rule STARC05-2.10.1.4b (Rule 138 of total 280) .... done (Time = 0.00s, Memory = 32.0K)
    Checking Rule sim_race02 (Rule 139 of total 280) .... done (Time = 0.00s, Memory = -8.0K)
    Checking Rule W110 (Rule 140 of total 280) .... done (Time = 0.00s, Memory = 256.0K)
    Checking Rule W122 (Rule 141 of total 280) .... done (Time = 0.00s, Memory = 0.0K)
    Checking Rule W496a (Rule 142 of total 280) .... done (Time = 0.00s, Memory = 0.0K)
    Checking Rule W19 (Rule 143 of total 280) .... done (Time = 0.00s, Memory = 0.0K)
    Checking Rule W66 (Rule 144 of total 280) .... done (Time = 0.00s, Memory = 0.0K)
    Checking Rule W116 (Rule 145 of total 280) .... done (Time = 0.00s, Memory = 0.0K)
    Checking Rule W123 (Rule 146 of total 280) .... done (Time = 0.01s, Memory = 16.0K)
    Checking Rule W156 (Rule 147 of total 280) .... done (Time = 0.00s, Memory = 0.0K)
    Checking Rule W215 (Rule 148 of total 280) .... done (Time = 0.00s, Memory = 0.0K)
    Checking Rule W216 (Rule 149 of total 280) .... done (Time = 0.00s, Memory = 0.0K)
    Checking Rule W218 (Rule 150 of total 280) .... done (Time = 0.00s, Memory = 0.0K)
    Checking Rule W224 (Rule 151 of total 280) .... done (Time = 0.00s, Memory = 0.0K)
    Checking Rule W263 (Rule 152 of total 280) .... done (Time = 0.00s, Memory = 0.0K)
    Checking Rule W289 (Rule 153 of total 280) .... done (Time = 0.00s, Memory = 0.0K)
    Checking Rule W337 (Rule 154 of total 280) .... done (Time = 0.00s, Memory = 0.0K)
    Checking Rule W352 (Rule 155 of total 280) .... done (Time = 0.00s, Memory = 0.0K)
    Checking Rule W362 (Rule 156 of total 280) .... done (Time = 0.00s, Memory = 24.0K)
    Checking Rule W415a (Rule 157 of total 280) .... done (Time = 0.00s, Memory = 8.0K)
    Checking Rule W486 (Rule 158 of total 280) .... done (Time = 0.00s, Memory = 8.0K)
    Checking Rule W499 (Rule 159 of total 280) .... done (Time = 0.00s, Memory = 0.0K)
    Checking Rule W502 (Rule 160 of total 280) .... done (Time = 0.00s, Memory = 0.0K)
    Checking Rule W116 (Rule 161 of total 280) .... done (Time = 0.00s, Memory = 0.0K)
    Checking Rule W122 (Rule 162 of total 280) .... done (Time = 0.00s, Memory = 0.0K)
    Checking Rule W123 (Rule 163 of total 280) .... done (Time = 0.00s, Memory = 0.0K)
    Checking Rule W156 (Rule 164 of total 280) .... done (Time = 0.00s, Memory = 0.0K)
    Checking Rule W71 (Rule 165 of total 280) .... done (Time = 0.00s, Memory = 0.0K)
    Checking Rule W240 (Rule 166 of total 280) .... done (Time = 0.00s, Memory = 0.0K)
    Checking Rule W240 (Rule 167 of total 280) .... done (Time = 0.00s, Memory = 0.0K)
    Checking Rule W287a (Rule 168 of total 280) .... done (Time = 0.00s, Memory = 0.0K)
    Checking Rule W293 (Rule 169 of total 280) .... done (Time = 0.00s, Memory = 0.0K)
    Checking Rule W398 (Rule 170 of total 280) .... done (Time = 0.00s, Memory = 0.0K)
    Checking Rule W424 (Rule 171 of total 280) .... done (Time = 0.00s, Memory = 0.0K)
    Checking Rule W467 (Rule 172 of total 280) .... done (Time = 0.00s, Memory = 0.0K)
    Checking Rule W505 (Rule 173 of total 280) .... done (Time = 0.00s, Memory = 0.0K)
    Checking Rule W505 (Rule 174 of total 280) .... done (Time = 0.00s, Memory = 0.0K)
    Checking Rule W528 (Rule 175 of total 280) .... done (Time = 0.00s, Memory = 0.0K)
    Checking Rule W528 (Rule 176 of total 280) .... done (Time = 0.00s, Memory = 568.0K)
    Checking Rule Prereqs_Usage (Rule 177 of total 280) .... done (Time = 0.00s, Memory = -16.0K)
    Checking Rule Postreqs_CheckFuncTask (Rule 178 of total 280) .... done (Time = 0.00s, Memory = 0.0K)
    Checking Rule Prereqs_ConstantInput-ML (Rule 179 of total 280) .... done (Time = 0.00s, Memory = 0.0K)
    Checking Rule Prereqs_ConstantInput-ML (Rule 180 of total 280) .... done (Time = 0.00s, Memory = 0.0K)
    Checking Rule Prereqs_RptNegEdgeFF-ML (Rule 181 of total 280) .... done (Time = 0.00s, Memory = 0.0K)
    Checking Rule ReportPortInfo-ML (Rule 182 of total 280) .... done (Time = 0.00s, Memory = 0.0K)
    Checking Rule Prereqs_ReportPortInfo-ML (Rule 183 of total 280) .... done (Time = 0.00s, Memory = 0.0K)
    Checking Rule Prereqs_ReportPortInfo-ML (Rule 184 of total 280) .... done (Time = 0.00s, Memory = 0.0K)
    Checking Rule NoAssignX-ML (Rule 185 of total 280) .... done (Time = 0.00s, Memory = 16.0K)
    Checking Rule ParamWidthMismatch-ML (Rule 186 of total 280) .... done (Time = 0.00s, Memory = 0.0K)
    Checking Rule Postreqs_Usage_ML (Rule 187 of total 280) .... done (Time = 0.00s, Memory = 0.0K)
    Checking Rule NoXInCase-ML (Rule 188 of total 280) .... done (Time = 0.00s, Memory = 0.0K)
Checking ELABDU Rules for designUnit fullchip
    Checking Rule Prereqs_STARC-2.3.6.1 (Rule 128 of total 280) .... done (Time = 0.00s, Memory = 0.0K)
    Checking Rule Prereqs_InferLatch (Rule 129 of total 280) .... done (Time = 0.00s, Memory = 0.0K)
    Checking Rule STARC05-2.1.5.3 (Rule 130 of total 280) .... done (Time = 0.00s, Memory = 0.0K)
    Checking Rule STARC05-2.2.3.3 (Rule 131 of total 280) .... done (Time = 0.00s, Memory = 0.0K)
    Checking Rule STARC05-2.3.1.6 (Rule 132 of total 280) .... done (Time = 0.00s, Memory = 0.0K)
    Checking Rule STARC05-2.10.2.3 (Rule 133 of total 280) .... done (Time = 0.00s, Memory = 0.0K)
    Checking Rule STARC05-2.10.3.2a (Rule 134 of total 280) .... done (Time = 0.00s, Memory = 0.0K)
    Checking Rule STARC05-2.11.3.1 (Rule 135 of total 280) .... done (Time = 0.00s, Memory = 0.0K)
    Checking Rule STARC05-2.1.3.1 (Rule 136 of total 280) .... done (Time = 0.00s, Memory = -8.0K)
    Checking Rule STARC05-2.10.1.4a (Rule 137 of total 280) .... done (Time = 0.00s, Memory = 0.0K)
    Checking Rule STARC05-2.10.1.4b (Rule 138 of total 280) .... done (Time = 0.00s, Memory = 0.0K)
    Checking Rule sim_race02 (Rule 139 of total 280) .... done (Time = 0.00s, Memory = 0.0K)
    Checking Rule W110 (Rule 140 of total 280) .... done (Time = 0.00s, Memory = 0.0K)
    Checking Rule W122 (Rule 141 of total 280) .... done (Time = 0.00s, Memory = 0.0K)
    Checking Rule W496a (Rule 142 of total 280) .... done (Time = 0.00s, Memory = 0.0K)
    Checking Rule W19 (Rule 143 of total 280) .... done (Time = 0.00s, Memory = 0.0K)
    Checking Rule W66 (Rule 144 of total 280) .... done (Time = 0.00s, Memory = 0.0K)
    Checking Rule W116 (Rule 145 of total 280) .... done (Time = 0.00s, Memory = 0.0K)
    Checking Rule W123 (Rule 146 of total 280) .... done (Time = 0.00s, Memory = 16.0K)
    Checking Rule W156 (Rule 147 of total 280) .... done (Time = 0.00s, Memory = 0.0K)
    Checking Rule W215 (Rule 148 of total 280) .... done (Time = 0.00s, Memory = -8.0K)
    Checking Rule W216 (Rule 149 of total 280) .... done (Time = 0.00s, Memory = 0.0K)
    Checking Rule W218 (Rule 150 of total 280) .... done (Time = 0.00s, Memory = 0.0K)
    Checking Rule W224 (Rule 151 of total 280) .... done (Time = 0.00s, Memory = 0.0K)
    Checking Rule W263 (Rule 152 of total 280) .... done (Time = 0.00s, Memory = 0.0K)
    Checking Rule W289 (Rule 153 of total 280) .... done (Time = 0.00s, Memory = 0.0K)
    Checking Rule W337 (Rule 154 of total 280) .... done (Time = 0.00s, Memory = 8.0K)
    Checking Rule W352 (Rule 155 of total 280) .... done (Time = 0.00s, Memory = 0.0K)
    Checking Rule W362 (Rule 156 of total 280) .... done (Time = 0.00s, Memory = 0.0K)
    Checking Rule W415a (Rule 157 of total 280) .... done (Time = 0.00s, Memory = 0.0K)
    Checking Rule W486 (Rule 158 of total 280) .... done (Time = 0.00s, Memory = 0.0K)
    Checking Rule W499 (Rule 159 of total 280) .... done (Time = 0.00s, Memory = 0.0K)
    Checking Rule W502 (Rule 160 of total 280) .... done (Time = 0.00s, Memory = 0.0K)
    Checking Rule W116 (Rule 161 of total 280) .... done (Time = 0.00s, Memory = 0.0K)
    Checking Rule W122 (Rule 162 of total 280) .... done (Time = 0.00s, Memory = 0.0K)
    Checking Rule W123 (Rule 163 of total 280) .... done (Time = 0.00s, Memory = 0.0K)
    Checking Rule W156 (Rule 164 of total 280) .... done (Time = 0.00s, Memory = 0.0K)
    Checking Rule W71 (Rule 165 of total 280) .... done (Time = 0.00s, Memory = 0.0K)
    Checking Rule W240 (Rule 166 of total 280) .... done (Time = 0.00s, Memory = 0.0K)
    Checking Rule W240 (Rule 167 of total 280) .... done (Time = 0.00s, Memory = 0.0K)
    Checking Rule W287a (Rule 168 of total 280) .... done (Time = 0.00s, Memory = 0.0K)
    Checking Rule W293 (Rule 169 of total 280) .... done (Time = 0.00s, Memory = 0.0K)
    Checking Rule W398 (Rule 170 of total 280) .... done (Time = 0.00s, Memory = 0.0K)
    Checking Rule W424 (Rule 171 of total 280) .... done (Time = 0.00s, Memory = 0.0K)
    Checking Rule W467 (Rule 172 of total 280) .... done (Time = 0.00s, Memory = 0.0K)
    Checking Rule W505 (Rule 173 of total 280) .... done (Time = 0.00s, Memory = 0.0K)
    Checking Rule W505 (Rule 174 of total 280) .... done (Time = 0.00s, Memory = 0.0K)
    Checking Rule W528 (Rule 175 of total 280) .... done (Time = 0.00s, Memory = 0.0K)
    Checking Rule W528 (Rule 176 of total 280) .... done (Time = 0.00s, Memory = 568.0K)
    Checking Rule Prereqs_Usage (Rule 177 of total 280) .... done (Time = 0.00s, Memory = -16.0K)
    Checking Rule Postreqs_CheckFuncTask (Rule 178 of total 280) .... done (Time = 0.00s, Memory = 0.0K)
    Checking Rule Prereqs_ConstantInput-ML (Rule 179 of total 280) .... done (Time = 0.00s, Memory = 8.0K)
    Checking Rule Prereqs_ConstantInput-ML (Rule 180 of total 280) .... done (Time = 0.00s, Memory = 0.0K)
    Checking Rule Prereqs_RptNegEdgeFF-ML (Rule 181 of total 280) .... done (Time = 0.00s, Memory = 0.0K)
    Checking Rule ReportPortInfo-ML (Rule 182 of total 280) .... done (Time = 0.00s, Memory = 0.0K)
    Checking Rule Prereqs_ReportPortInfo-ML (Rule 183 of total 280) .... done (Time = 0.00s, Memory = 0.0K)
    Checking Rule Prereqs_ReportPortInfo-ML (Rule 184 of total 280) .... done (Time = 0.00s, Memory = 0.0K)
    Checking Rule NoAssignX-ML (Rule 185 of total 280) .... done (Time = 0.00s, Memory = 0.0K)
    Checking Rule ParamWidthMismatch-ML (Rule 186 of total 280) .... done (Time = 0.00s, Memory = 0.0K)
    Checking Rule Postreqs_Usage_ML (Rule 187 of total 280) .... done (Time = 0.00s, Memory = 0.0K)
    Checking Rule NoXInCase-ML (Rule 188 of total 280) .... done (Time = 0.00s, Memory = 0.0K)
Checking ELABDU Rules for designUnit core
    Checking Rule Prereqs_STARC-2.3.6.1 (Rule 128 of total 280) .... done (Time = 0.00s, Memory = 0.0K)
    Checking Rule Prereqs_InferLatch (Rule 129 of total 280) .... done (Time = 0.00s, Memory = 0.0K)
    Checking Rule STARC05-2.1.5.3 (Rule 130 of total 280) .... done (Time = 0.00s, Memory = 0.0K)
    Checking Rule STARC05-2.2.3.3 (Rule 131 of total 280) .... done (Time = 0.00s, Memory = 0.0K)
    Checking Rule STARC05-2.3.1.6 (Rule 132 of total 280) .... done (Time = 0.00s, Memory = 0.0K)
    Checking Rule STARC05-2.10.2.3 (Rule 133 of total 280) .... done (Time = 0.00s, Memory = 0.0K)
    Checking Rule STARC05-2.10.3.2a (Rule 134 of total 280) .... done (Time = 0.00s, Memory = 0.0K)
    Checking Rule STARC05-2.11.3.1 (Rule 135 of total 280) .... done (Time = 0.00s, Memory = 0.0K)
    Checking Rule STARC05-2.1.3.1 (Rule 136 of total 280) .... done (Time = 0.00s, Memory = 32.0K)
    Checking Rule STARC05-2.10.1.4a (Rule 137 of total 280) .... done (Time = 0.00s, Memory = -8.0K)
    Checking Rule STARC05-2.10.1.4b (Rule 138 of total 280) .... done (Time = 0.00s, Memory = 8.0K)
    Checking Rule sim_race02 (Rule 139 of total 280) .... done (Time = 0.00s, Memory = 0.0K)
    Checking Rule W110 (Rule 140 of total 280) .... done (Time = 0.00s, Memory = 0.0K)
    Checking Rule W122 (Rule 141 of total 280) .... done (Time = 0.00s, Memory = 0.0K)
    Checking Rule W496a (Rule 142 of total 280) .... done (Time = 0.00s, Memory = 0.0K)
    Checking Rule W19 (Rule 143 of total 280) .... done (Time = 0.00s, Memory = 0.0K)
    Checking Rule W66 (Rule 144 of total 280) .... done (Time = 0.00s, Memory = 0.0K)
    Checking Rule W116 (Rule 145 of total 280) .... done (Time = 0.00s, Memory = 0.0K)
    Checking Rule W123 (Rule 146 of total 280) .... done (Time = 0.00s, Memory = 16.0K)
    Checking Rule W156 (Rule 147 of total 280) .... done (Time = 0.00s, Memory = -8.0K)
    Checking Rule W215 (Rule 148 of total 280) .... done (Time = 0.00s, Memory = 0.0K)
    Checking Rule W216 (Rule 149 of total 280) .... done (Time = 0.00s, Memory = 0.0K)
    Checking Rule W218 (Rule 150 of total 280) .... done (Time = 0.00s, Memory = 0.0K)
    Checking Rule W224 (Rule 151 of total 280) .... done (Time = 0.00s, Memory = 0.0K)
    Checking Rule W263 (Rule 152 of total 280) .... done (Time = 0.00s, Memory = 0.0K)
    Checking Rule W289 (Rule 153 of total 280) .... done (Time = 0.00s, Memory = 0.0K)
    Checking Rule W337 (Rule 154 of total 280) .... done (Time = 0.00s, Memory = 0.0K)
    Checking Rule W352 (Rule 155 of total 280) .... done (Time = 0.00s, Memory = 0.0K)
    Checking Rule W362 (Rule 156 of total 280) .... done (Time = 0.00s, Memory = 0.0K)
    Checking Rule W415a (Rule 157 of total 280) .... done (Time = 0.00s, Memory = 0.0K)
    Checking Rule W486 (Rule 158 of total 280) .... done (Time = 0.00s, Memory = 0.0K)
    Checking Rule W499 (Rule 159 of total 280) .... done (Time = 0.00s, Memory = 0.0K)
    Checking Rule W502 (Rule 160 of total 280) .... done (Time = 0.00s, Memory = 0.0K)
    Checking Rule W116 (Rule 161 of total 280) .... done (Time = 0.00s, Memory = 0.0K)
    Checking Rule W122 (Rule 162 of total 280) .... done (Time = 0.00s, Memory = 0.0K)
    Checking Rule W123 (Rule 163 of total 280) .... done (Time = 0.00s, Memory = 0.0K)
    Checking Rule W156 (Rule 164 of total 280) .... done (Time = 0.00s, Memory = 0.0K)
    Checking Rule W71 (Rule 165 of total 280) .... done (Time = 0.00s, Memory = 0.0K)
    Checking Rule W240 (Rule 166 of total 280) .... done (Time = 0.00s, Memory = -24.0K)
    Checking Rule W240 (Rule 167 of total 280) .... done (Time = 0.00s, Memory = 0.0K)
    Checking Rule W287a (Rule 168 of total 280) .... done (Time = 0.00s, Memory = 0.0K)
    Checking Rule W293 (Rule 169 of total 280) .... done (Time = 0.01s, Memory = 0.0K)
    Checking Rule W398 (Rule 170 of total 280) .... done (Time = 0.00s, Memory = 0.0K)
    Checking Rule W424 (Rule 171 of total 280) .... done (Time = 0.00s, Memory = 0.0K)
    Checking Rule W467 (Rule 172 of total 280) .... done (Time = 0.00s, Memory = 0.0K)
    Checking Rule W505 (Rule 173 of total 280) .... done (Time = 0.00s, Memory = 0.0K)
    Checking Rule W505 (Rule 174 of total 280) .... done (Time = 0.00s, Memory = 0.0K)
    Checking Rule W528 (Rule 175 of total 280) .... done (Time = 0.00s, Memory = 0.0K)
    Checking Rule W528 (Rule 176 of total 280) .... done (Time = 0.00s, Memory = 568.0K)
    Checking Rule Prereqs_Usage (Rule 177 of total 280) .... done (Time = 0.00s, Memory = 48.0K)
    Checking Rule Postreqs_CheckFuncTask (Rule 178 of total 280) .... done (Time = 0.00s, Memory = 8.0K)
    Checking Rule Prereqs_ConstantInput-ML (Rule 179 of total 280) .... done (Time = 0.00s, Memory = 0.0K)
    Checking Rule Prereqs_ConstantInput-ML (Rule 180 of total 280) .... done (Time = 0.00s, Memory = 0.0K)
    Checking Rule Prereqs_RptNegEdgeFF-ML (Rule 181 of total 280) .... done (Time = 0.00s, Memory = 0.0K)
    Checking Rule ReportPortInfo-ML (Rule 182 of total 280) .... done (Time = 0.00s, Memory = 0.0K)
    Checking Rule Prereqs_ReportPortInfo-ML (Rule 183 of total 280) .... done (Time = 0.00s, Memory = 0.0K)
    Checking Rule Prereqs_ReportPortInfo-ML (Rule 184 of total 280) .... done (Time = 0.00s, Memory = 0.0K)
    Checking Rule NoAssignX-ML (Rule 185 of total 280) .... done (Time = 0.00s, Memory = 8.0K)
    Checking Rule ParamWidthMismatch-ML (Rule 186 of total 280) .... done (Time = 0.00s, Memory = 0.0K)
    Checking Rule Postreqs_Usage_ML (Rule 187 of total 280) .... done (Time = 0.00s, Memory = 0.0K)
    Checking Rule NoXInCase-ML (Rule 188 of total 280) .... done (Time = 0.00s, Memory = 0.0K)
Checking ELABDU Rules for designUnit mac_array
    Checking Rule Prereqs_STARC-2.3.6.1 (Rule 128 of total 280) .... done (Time = 0.00s, Memory = 0.0K)
    Checking Rule Prereqs_InferLatch (Rule 129 of total 280) .... done (Time = 0.00s, Memory = 0.0K)
    Checking Rule STARC05-2.1.5.3 (Rule 130 of total 280) .... done (Time = 0.00s, Memory = 0.0K)
    Checking Rule STARC05-2.2.3.3 (Rule 131 of total 280) .... done (Time = 0.00s, Memory = 0.0K)
    Checking Rule STARC05-2.3.1.6 (Rule 132 of total 280) .... done (Time = 0.00s, Memory = 0.0K)
    Checking Rule STARC05-2.10.2.3 (Rule 133 of total 280) .... done (Time = 0.00s, Memory = 0.0K)
    Checking Rule STARC05-2.10.3.2a (Rule 134 of total 280) .... done (Time = 0.00s, Memory = 0.0K)
    Checking Rule STARC05-2.11.3.1 (Rule 135 of total 280) .... done (Time = 0.00s, Memory = 24.0K)
    Checking Rule STARC05-2.1.3.1 (Rule 136 of total 280) .... done (Time = 0.00s, Memory = 0.0K)
    Checking Rule STARC05-2.10.1.4a (Rule 137 of total 280) .... done (Time = 0.00s, Memory = 32.0K)
    Checking Rule STARC05-2.10.1.4b (Rule 138 of total 280) .... done (Time = 0.00s, Memory = 0.0K)
    Checking Rule sim_race02 (Rule 139 of total 280) .... done (Time = 0.00s, Memory = 0.0K)
    Checking Rule W110 (Rule 140 of total 280) .... done (Time = 0.00s, Memory = 0.0K)
    Checking Rule W122 (Rule 141 of total 280) .... done (Time = 0.00s, Memory = 0.0K)
    Checking Rule W496a (Rule 142 of total 280) .... done (Time = 0.00s, Memory = 0.0K)
    Checking Rule W19 (Rule 143 of total 280) .... done (Time = 0.00s, Memory = 0.0K)
    Checking Rule W66 (Rule 144 of total 280) .... done (Time = 0.00s, Memory = 0.0K)
    Checking Rule W116 (Rule 145 of total 280) .... done (Time = 0.00s, Memory = 0.0K)
    Checking Rule W123 (Rule 146 of total 280) .... done (Time = 0.00s, Memory = 16.0K)
    Checking Rule W156 (Rule 147 of total 280) .... done (Time = 0.00s, Memory = 0.0K)
    Checking Rule W215 (Rule 148 of total 280) .... done (Time = 0.00s, Memory = 0.0K)
    Checking Rule W216 (Rule 149 of total 280) .... done (Time = 0.00s, Memory = 16.0K)
    Checking Rule W218 (Rule 150 of total 280) .... done (Time = 0.00s, Memory = 0.0K)
    Checking Rule W224 (Rule 151 of total 280) .... done (Time = 0.00s, Memory = -24.0K)
    Checking Rule W263 (Rule 152 of total 280) .... done (Time = 0.00s, Memory = 0.0K)
    Checking Rule W289 (Rule 153 of total 280) .... done (Time = 0.00s, Memory = 0.0K)
    Checking Rule W337 (Rule 154 of total 280) .... done (Time = 0.00s, Memory = 0.0K)
    Checking Rule W352 (Rule 155 of total 280) .... done (Time = 0.00s, Memory = 0.0K)
    Checking Rule W362 (Rule 156 of total 280) .... done (Time = 0.00s, Memory = 8.0K)
    Checking Rule W415a (Rule 157 of total 280) .... done (Time = 0.00s, Memory = 0.0K)
    Checking Rule W486 (Rule 158 of total 280) .... done (Time = 0.00s, Memory = 0.0K)
    Checking Rule W499 (Rule 159 of total 280) .... done (Time = 0.00s, Memory = 8.0K)
    Checking Rule W502 (Rule 160 of total 280) .... done (Time = 0.01s, Memory = 0.0K)
    Checking Rule W116 (Rule 161 of total 280) .... done (Time = 0.00s, Memory = 0.0K)
    Checking Rule W122 (Rule 162 of total 280) .... done (Time = 0.00s, Memory = 0.0K)
    Checking Rule W123 (Rule 163 of total 280) .... done (Time = 0.00s, Memory = 0.0K)
    Checking Rule W156 (Rule 164 of total 280) .... done (Time = 0.00s, Memory = 0.0K)
    Checking Rule W71 (Rule 165 of total 280) .... done (Time = 0.00s, Memory = 0.0K)
    Checking Rule W240 (Rule 166 of total 280) .... done (Time = 0.00s, Memory = 0.0K)
    Checking Rule W240 (Rule 167 of total 280) .... done (Time = 0.00s, Memory = 0.0K)
    Checking Rule W287a (Rule 168 of total 280) .... done (Time = 0.00s, Memory = 24.0K)
    Checking Rule W293 (Rule 169 of total 280) .... done (Time = 0.00s, Memory = 0.0K)
    Checking Rule W398 (Rule 170 of total 280) .... done (Time = 0.00s, Memory = 0.0K)
    Checking Rule W424 (Rule 171 of total 280) .... done (Time = 0.00s, Memory = 8.0K)
    Checking Rule W467 (Rule 172 of total 280) .... done (Time = 0.00s, Memory = 0.0K)
    Checking Rule W505 (Rule 173 of total 280) .... done (Time = 0.00s, Memory = -32.0K)
    Checking Rule W505 (Rule 174 of total 280) .... done (Time = 0.00s, Memory = 0.0K)
    Checking Rule W528 (Rule 175 of total 280) .... done (Time = 0.00s, Memory = 0.0K)
    Checking Rule W528 (Rule 176 of total 280) .... done (Time = 0.00s, Memory = 568.0K)
    Checking Rule Prereqs_Usage (Rule 177 of total 280) .... done (Time = 0.00s, Memory = -16.0K)
    Checking Rule Postreqs_CheckFuncTask (Rule 178 of total 280) .... done (Time = 0.00s, Memory = 0.0K)
    Checking Rule Prereqs_ConstantInput-ML (Rule 179 of total 280) .... done (Time = 0.00s, Memory = 0.0K)
    Checking Rule Prereqs_ConstantInput-ML (Rule 180 of total 280) .... done (Time = 0.00s, Memory = 0.0K)
    Checking Rule Prereqs_RptNegEdgeFF-ML (Rule 181 of total 280) .... done (Time = 0.00s, Memory = 0.0K)
    Checking Rule ReportPortInfo-ML (Rule 182 of total 280) .... done (Time = 0.00s, Memory = 0.0K)
    Checking Rule Prereqs_ReportPortInfo-ML (Rule 183 of total 280) .... done (Time = 0.00s, Memory = 0.0K)
    Checking Rule Prereqs_ReportPortInfo-ML (Rule 184 of total 280) .... done (Time = 0.00s, Memory = 0.0K)
    Checking Rule NoAssignX-ML (Rule 185 of total 280) .... done (Time = 0.00s, Memory = 0.0K)
    Checking Rule ParamWidthMismatch-ML (Rule 186 of total 280) .... done (Time = 0.00s, Memory = 0.0K)
    Checking Rule Postreqs_Usage_ML (Rule 187 of total 280) .... done (Time = 0.00s, Memory = 0.0K)
    Checking Rule NoXInCase-ML (Rule 188 of total 280) .... done (Time = 0.00s, Memory = 0.0K)
Checking ELABDU Rules for designUnit WORK_mac_col_8_20_8_1
    Checking Rule Prereqs_STARC-2.3.6.1 (Rule 128 of total 280) .... done (Time = 0.00s, Memory = 0.0K)
    Checking Rule Prereqs_InferLatch (Rule 129 of total 280) .... done (Time = 0.00s, Memory = 24.0K)
    Checking Rule STARC05-2.1.5.3 (Rule 130 of total 280) .... done (Time = 0.00s, Memory = 0.0K)
    Checking Rule STARC05-2.2.3.3 (Rule 131 of total 280) .... done (Time = 0.00s, Memory = -24.0K)
    Checking Rule STARC05-2.3.1.6 (Rule 132 of total 280) .... done (Time = 0.00s, Memory = 0.0K)
    Checking Rule STARC05-2.10.2.3 (Rule 133 of total 280) .... done (Time = 0.00s, Memory = 0.0K)
    Checking Rule STARC05-2.10.3.2a (Rule 134 of total 280) .... done (Time = 0.00s, Memory = 0.0K)
    Checking Rule STARC05-2.11.3.1 (Rule 135 of total 280) .... done (Time = 0.00s, Memory = 0.0K)
    Checking Rule STARC05-2.1.3.1 (Rule 136 of total 280) .... done (Time = 0.00s, Memory = 0.0K)
    Checking Rule STARC05-2.10.1.4a (Rule 137 of total 280) .... done (Time = 0.00s, Memory = 0.0K)
    Checking Rule STARC05-2.10.1.4b (Rule 138 of total 280) .... done (Time = 0.00s, Memory = 0.0K)
    Checking Rule sim_race02 (Rule 139 of total 280) .... done (Time = 0.00s, Memory = 0.0K)
    Checking Rule W110 (Rule 140 of total 280) .... done (Time = 0.00s, Memory = 0.0K)
    Checking Rule W122 (Rule 141 of total 280) .... done (Time = 0.00s, Memory = 0.0K)
    Checking Rule W496a (Rule 142 of total 280) .... done (Time = 0.00s, Memory = 0.0K)
    Checking Rule W19 (Rule 143 of total 280) .... done (Time = 0.00s, Memory = 16.0K)
    Checking Rule W66 (Rule 144 of total 280) .... done (Time = 0.00s, Memory = 0.0K)
    Checking Rule W116 (Rule 145 of total 280) .... done (Time = 0.00s, Memory = -32.0K)
    Checking Rule W123 (Rule 146 of total 280) .... done (Time = 0.01s, Memory = 24.0K)
    Checking Rule W156 (Rule 147 of total 280) .... done (Time = 0.00s, Memory = 0.0K)
    Checking Rule W215 (Rule 148 of total 280) .... done (Time = 0.00s, Memory = 0.0K)
    Checking Rule W216 (Rule 149 of total 280) .... done (Time = 0.00s, Memory = 0.0K)
    Checking Rule W218 (Rule 150 of total 280) .... done (Time = 0.00s, Memory = 0.0K)
    Checking Rule W224 (Rule 151 of total 280) .... done (Time = 0.00s, Memory = 0.0K)
    Checking Rule W263 (Rule 152 of total 280) .... done (Time = 0.00s, Memory = 0.0K)
    Checking Rule W289 (Rule 153 of total 280) .... done (Time = 0.00s, Memory = 0.0K)
    Checking Rule W337 (Rule 154 of total 280) .... done (Time = 0.00s, Memory = 0.0K)
    Checking Rule W352 (Rule 155 of total 280) .... done (Time = 0.00s, Memory = 0.0K)
    Checking Rule W362 (Rule 156 of total 280) .... done (Time = 0.00s, Memory = 0.0K)
    Checking Rule W415a (Rule 157 of total 280) .... done (Time = 0.00s, Memory = 56.0K)
    Checking Rule W486 (Rule 158 of total 280) .... done (Time = 0.00s, Memory = 0.0K)
    Checking Rule W499 (Rule 159 of total 280) .... done (Time = 0.00s, Memory = 0.0K)
    Checking Rule W502 (Rule 160 of total 280) .... done (Time = 0.00s, Memory = 0.0K)
    Checking Rule W116 (Rule 161 of total 280) .... done (Time = 0.00s, Memory = 0.0K)
    Checking Rule W122 (Rule 162 of total 280) .... done (Time = 0.00s, Memory = 0.0K)
    Checking Rule W123 (Rule 163 of total 280) .... done (Time = 0.00s, Memory = 0.0K)
    Checking Rule W156 (Rule 164 of total 280) .... done (Time = 0.00s, Memory = 0.0K)
    Checking Rule W71 (Rule 165 of total 280) .... done (Time = 0.00s, Memory = 0.0K)
    Checking Rule W240 (Rule 166 of total 280) .... done (Time = 0.00s, Memory = 0.0K)
    Checking Rule W240 (Rule 167 of total 280) .... done (Time = 0.00s, Memory = 0.0K)
    Checking Rule W287a (Rule 168 of total 280) .... done (Time = 0.00s, Memory = 0.0K)
    Checking Rule W293 (Rule 169 of total 280) .... done (Time = 0.00s, Memory = 0.0K)
    Checking Rule W398 (Rule 170 of total 280) .... done (Time = 0.00s, Memory = 0.0K)
    Checking Rule W424 (Rule 171 of total 280) .... done (Time = 0.00s, Memory = 0.0K)
    Checking Rule W467 (Rule 172 of total 280) .... done (Time = 0.00s, Memory = 0.0K)
    Checking Rule W505 (Rule 173 of total 280) .... done (Time = 0.00s, Memory = 0.0K)
    Checking Rule W505 (Rule 174 of total 280) .... done (Time = 0.00s, Memory = 0.0K)
    Checking Rule W528 (Rule 175 of total 280) .... done (Time = 0.00s, Memory = 0.0K)
    Checking Rule W528 (Rule 176 of total 280) .... done (Time = 0.00s, Memory = 568.0K)
    Checking Rule Prereqs_Usage (Rule 177 of total 280) .... done (Time = 0.00s, Memory = -16.0K)
    Checking Rule Postreqs_CheckFuncTask (Rule 178 of total 280) .... done (Time = 0.00s, Memory = 0.0K)
    Checking Rule Prereqs_ConstantInput-ML (Rule 179 of total 280) .... done (Time = 0.00s, Memory = 0.0K)
    Checking Rule Prereqs_ConstantInput-ML (Rule 180 of total 280) .... done (Time = 0.00s, Memory = 0.0K)
    Checking Rule Prereqs_RptNegEdgeFF-ML (Rule 181 of total 280) .... done (Time = 0.00s, Memory = -32.0K)
    Checking Rule ReportPortInfo-ML (Rule 182 of total 280) .... done (Time = 0.00s, Memory = 8.0K)
    Checking Rule Prereqs_ReportPortInfo-ML (Rule 183 of total 280) .... done (Time = 0.00s, Memory = 0.0K)
    Checking Rule Prereqs_ReportPortInfo-ML (Rule 184 of total 280) .... done (Time = 0.00s, Memory = 0.0K)
    Checking Rule NoAssignX-ML (Rule 185 of total 280) .... done (Time = 0.00s, Memory = 0.0K)
    Checking Rule ParamWidthMismatch-ML (Rule 186 of total 280) .... done (Time = 0.00s, Memory = 0.0K)
    Checking Rule Postreqs_Usage_ML (Rule 187 of total 280) .... done (Time = 0.00s, Memory = -8.0K)
    Checking Rule NoXInCase-ML (Rule 188 of total 280) .... done (Time = 0.00s, Memory = 0.0K)
Checking ELABDU Rules for designUnit mac_8in
    Checking Rule Prereqs_STARC-2.3.6.1 (Rule 128 of total 280) .... done (Time = 0.00s, Memory = 0.0K)
    Checking Rule Prereqs_InferLatch (Rule 129 of total 280) .... done (Time = 0.00s, Memory = 0.0K)
    Checking Rule STARC05-2.1.5.3 (Rule 130 of total 280) .... done (Time = 0.00s, Memory = 0.0K)
    Checking Rule STARC05-2.2.3.3 (Rule 131 of total 280) .... done (Time = 0.00s, Memory = 0.0K)
    Checking Rule STARC05-2.3.1.6 (Rule 132 of total 280) .... done (Time = 0.00s, Memory = 0.0K)
    Checking Rule STARC05-2.10.2.3 (Rule 133 of total 280) .... done (Time = 0.00s, Memory = 0.0K)
    Checking Rule STARC05-2.10.3.2a (Rule 134 of total 280) .... done (Time = 0.00s, Memory = 0.0K)
    Checking Rule STARC05-2.11.3.1 (Rule 135 of total 280) .... done (Time = 0.00s, Memory = 0.0K)
    Checking Rule STARC05-2.1.3.1 (Rule 136 of total 280) .... done (Time = 0.00s, Memory = -32.0K)
    Checking Rule STARC05-2.10.1.4a (Rule 137 of total 280) .... done (Time = 0.00s, Memory = -32.0K)
    Checking Rule STARC05-2.10.1.4b (Rule 138 of total 280) .... done (Time = 0.00s, Memory = 8.0K)
    Checking Rule sim_race02 (Rule 139 of total 280) .... done (Time = 0.00s, Memory = 0.0K)
    Checking Rule W110 (Rule 140 of total 280) .... done (Time = 0.00s, Memory = 0.0K)
    Checking Rule W122 (Rule 141 of total 280) .... done (Time = 0.00s, Memory = 0.0K)
    Checking Rule W496a (Rule 142 of total 280) .... done (Time = 0.00s, Memory = 0.0K)
    Checking Rule W19 (Rule 143 of total 280) .... done (Time = 0.00s, Memory = 0.0K)
    Checking Rule W66 (Rule 144 of total 280) .... done (Time = 0.00s, Memory = 0.0K)
    Checking Rule W116 (Rule 145 of total 280) .... done (Time = 0.00s, Memory = 0.0K)
    Checking Rule W123 (Rule 146 of total 280) .... done (Time = 0.00s, Memory = 48.0K)
    Checking Rule W156 (Rule 147 of total 280) .... done (Time = 0.00s, Memory = -24.0K)
    Checking Rule W215 (Rule 148 of total 280) .... done (Time = 0.00s, Memory = 0.0K)
    Checking Rule W216 (Rule 149 of total 280) .... done (Time = 0.00s, Memory = 0.0K)
    Checking Rule W218 (Rule 150 of total 280) .... done (Time = 0.00s, Memory = 0.0K)
    Checking Rule W224 (Rule 151 of total 280) .... done (Time = 0.00s, Memory = 0.0K)
    Checking Rule W263 (Rule 152 of total 280) .... done (Time = 0.00s, Memory = 0.0K)
    Checking Rule W289 (Rule 153 of total 280) .... done (Time = 0.00s, Memory = 0.0K)
    Checking Rule W337 (Rule 154 of total 280) .... done (Time = 0.00s, Memory = 0.0K)
    Checking Rule W352 (Rule 155 of total 280) .... done (Time = 0.00s, Memory = 0.0K)
    Checking Rule W362 (Rule 156 of total 280) .... done (Time = 0.00s, Memory = 0.0K)
    Checking Rule W415a (Rule 157 of total 280) .... done (Time = 0.00s, Memory = 0.0K)
    Checking Rule W486 (Rule 158 of total 280) .... done (Time = 0.00s, Memory = 0.0K)
    Checking Rule W499 (Rule 159 of total 280) .... done (Time = 0.00s, Memory = 0.0K)
    Checking Rule W502 (Rule 160 of total 280) .... done (Time = 0.00s, Memory = 0.0K)
    Checking Rule W116 (Rule 161 of total 280) .... done (Time = 0.00s, Memory = 0.0K)
    Checking Rule W122 (Rule 162 of total 280) .... done (Time = 0.00s, Memory = 0.0K)
    Checking Rule W123 (Rule 163 of total 280) .... done (Time = 0.00s, Memory = 0.0K)
    Checking Rule W156 (Rule 164 of total 280) .... done (Time = 0.00s, Memory = 0.0K)
    Checking Rule W71 (Rule 165 of total 280) .... done (Time = 0.00s, Memory = 0.0K)
    Checking Rule W240 (Rule 166 of total 280) .... done (Time = 0.00s, Memory = 0.0K)
    Checking Rule W240 (Rule 167 of total 280) .... done (Time = 0.00s, Memory = 0.0K)
    Checking Rule W287a (Rule 168 of total 280) .... done (Time = 0.00s, Memory = 0.0K)
    Checking Rule W293 (Rule 169 of total 280) .... done (Time = 0.00s, Memory = 0.0K)
    Checking Rule W398 (Rule 170 of total 280) .... done (Time = 0.00s, Memory = 0.0K)
    Checking Rule W424 (Rule 171 of total 280) .... done (Time = 0.00s, Memory = 0.0K)
    Checking Rule W467 (Rule 172 of total 280) .... done (Time = 0.00s, Memory = 0.0K)
    Checking Rule W505 (Rule 173 of total 280) .... done (Time = 0.00s, Memory = 24.0K)
    Checking Rule W505 (Rule 174 of total 280) .... done (Time = 0.00s, Memory = 0.0K)
    Checking Rule W528 (Rule 175 of total 280) .... done (Time = 0.00s, Memory = 0.0K)
    Checking Rule W528 (Rule 176 of total 280) .... done (Time = 0.00s, Memory = 568.0K)
    Checking Rule Prereqs_Usage (Rule 177 of total 280) .... done (Time = 0.00s, Memory = -40.0K)
    Checking Rule Postreqs_CheckFuncTask (Rule 178 of total 280) .... done (Time = 0.00s, Memory = 32.0K)
    Checking Rule Prereqs_ConstantInput-ML (Rule 179 of total 280) .... done (Time = 0.00s, Memory = 0.0K)
    Checking Rule Prereqs_ConstantInput-ML (Rule 180 of total 280) .... done (Time = 0.00s, Memory = 0.0K)
    Checking Rule Prereqs_RptNegEdgeFF-ML (Rule 181 of total 280) .... done (Time = 0.00s, Memory = 0.0K)
    Checking Rule ReportPortInfo-ML (Rule 182 of total 280) .... done (Time = 0.00s, Memory = 0.0K)
    Checking Rule Prereqs_ReportPortInfo-ML (Rule 183 of total 280) .... done (Time = 0.00s, Memory = 0.0K)
    Checking Rule Prereqs_ReportPortInfo-ML (Rule 184 of total 280) .... done (Time = 0.00s, Memory = 0.0K)
    Checking Rule NoAssignX-ML (Rule 185 of total 280) .... done (Time = 0.00s, Memory = 0.0K)
    Checking Rule ParamWidthMismatch-ML (Rule 186 of total 280) .... done (Time = 0.00s, Memory = 0.0K)
    Checking Rule Postreqs_Usage_ML (Rule 187 of total 280) .... done (Time = 0.00s, Memory = 0.0K)
    Checking Rule NoXInCase-ML (Rule 188 of total 280) .... done (Time = 0.00s, Memory = 0.0K)
Checking ELABDU Rules for designUnit WORK_mac_col_8_20_8_2
    Checking Rule Prereqs_STARC-2.3.6.1 (Rule 128 of total 280) .... done (Time = 0.00s, Memory = 24.0K)
    Checking Rule Prereqs_InferLatch (Rule 129 of total 280) .... done (Time = 0.00s, Memory = -8.0K)
    Checking Rule STARC05-2.1.5.3 (Rule 130 of total 280) .... done (Time = 0.00s, Memory = 8.0K)
    Checking Rule STARC05-2.2.3.3 (Rule 131 of total 280) .... done (Time = 0.00s, Memory = 0.0K)
    Checking Rule STARC05-2.3.1.6 (Rule 132 of total 280) .... done (Time = 0.00s, Memory = 0.0K)
    Checking Rule STARC05-2.10.2.3 (Rule 133 of total 280) .... done (Time = 0.00s, Memory = 0.0K)
    Checking Rule STARC05-2.10.3.2a (Rule 134 of total 280) .... done (Time = 0.00s, Memory = 0.0K)
    Checking Rule STARC05-2.11.3.1 (Rule 135 of total 280) .... done (Time = 0.00s, Memory = 0.0K)
    Checking Rule STARC05-2.1.3.1 (Rule 136 of total 280) .... done (Time = 0.00s, Memory = 0.0K)
    Checking Rule STARC05-2.10.1.4a (Rule 137 of total 280) .... done (Time = 0.00s, Memory = 0.0K)
    Checking Rule STARC05-2.10.1.4b (Rule 138 of total 280) .... done (Time = 0.00s, Memory = 0.0K)
    Checking Rule sim_race02 (Rule 139 of total 280) .... done (Time = 0.01s, Memory = 32.0K)
    Checking Rule W110 (Rule 140 of total 280) .... done (Time = 0.00s, Memory = 0.0K)
    Checking Rule W122 (Rule 141 of total 280) .... done (Time = 0.00s, Memory = -32.0K)
    Checking Rule W496a (Rule 142 of total 280) .... done (Time = 0.00s, Memory = 0.0K)
    Checking Rule W19 (Rule 143 of total 280) .... done (Time = 0.00s, Memory = 0.0K)
    Checking Rule W66 (Rule 144 of total 280) .... done (Time = 0.00s, Memory = 0.0K)
    Checking Rule W116 (Rule 145 of total 280) .... done (Time = 0.00s, Memory = 0.0K)
    Checking Rule W123 (Rule 146 of total 280) .... done (Time = 0.00s, Memory = 16.0K)
    Checking Rule W156 (Rule 147 of total 280) .... done (Time = 0.00s, Memory = 0.0K)
    Checking Rule W215 (Rule 148 of total 280) .... done (Time = 0.00s, Memory = 0.0K)
    Checking Rule W216 (Rule 149 of total 280) .... done (Time = 0.00s, Memory = 0.0K)
    Checking Rule W218 (Rule 150 of total 280) .... done (Time = 0.00s, Memory = 0.0K)
    Checking Rule W224 (Rule 151 of total 280) .... done (Time = 0.00s, Memory = 0.0K)
    Checking Rule W263 (Rule 152 of total 280) .... done (Time = 0.00s, Memory = 0.0K)
    Checking Rule W289 (Rule 153 of total 280) .... done (Time = 0.00s, Memory = 0.0K)
    Checking Rule W337 (Rule 154 of total 280) .... done (Time = 0.00s, Memory = 0.0K)
    Checking Rule W352 (Rule 155 of total 280) .... done (Time = 0.00s, Memory = 0.0K)
    Checking Rule W362 (Rule 156 of total 280) .... done (Time = 0.00s, Memory = -24.0K)
    Checking Rule W415a (Rule 157 of total 280) .... done (Time = 0.00s, Memory = 0.0K)
    Checking Rule W486 (Rule 158 of total 280) .... done (Time = 0.00s, Memory = 0.0K)
    Checking Rule W499 (Rule 159 of total 280) .... done (Time = 0.00s, Memory = 0.0K)
    Checking Rule W502 (Rule 160 of total 280) .... done (Time = 0.00s, Memory = 0.0K)
    Checking Rule W116 (Rule 161 of total 280) .... done (Time = 0.00s, Memory = 0.0K)
    Checking Rule W122 (Rule 162 of total 280) .... done (Time = 0.00s, Memory = 0.0K)
    Checking Rule W123 (Rule 163 of total 280) .... done (Time = 0.00s, Memory = 0.0K)
    Checking Rule W156 (Rule 164 of total 280) .... done (Time = 0.00s, Memory = 0.0K)
    Checking Rule W71 (Rule 165 of total 280) .... done (Time = 0.00s, Memory = 0.0K)
    Checking Rule W240 (Rule 166 of total 280) .... done (Time = 0.00s, Memory = 0.0K)
    Checking Rule W240 (Rule 167 of total 280) .... done (Time = 0.00s, Memory = 0.0K)
    Checking Rule W287a (Rule 168 of total 280) .... done (Time = 0.00s, Memory = 24.0K)
    Checking Rule W293 (Rule 169 of total 280) .... done (Time = 0.00s, Memory = 0.0K)
    Checking Rule W398 (Rule 170 of total 280) .... done (Time = 0.00s, Memory = 8.0K)
    Checking Rule W424 (Rule 171 of total 280) .... done (Time = 0.00s, Memory = 0.0K)
    Checking Rule W467 (Rule 172 of total 280) .... done (Time = 0.00s, Memory = 0.0K)
    Checking Rule W505 (Rule 173 of total 280) .... done (Time = 0.00s, Memory = 0.0K)
    Checking Rule W505 (Rule 174 of total 280) .... done (Time = 0.00s, Memory = 0.0K)
    Checking Rule W528 (Rule 175 of total 280) .... done (Time = 0.00s, Memory = 0.0K)
    Checking Rule W528 (Rule 176 of total 280) .... done (Time = 0.00s, Memory = 568.0K)
    Checking Rule Prereqs_Usage (Rule 177 of total 280) .... done (Time = 0.00s, Memory = -16.0K)
    Checking Rule Postreqs_CheckFuncTask (Rule 178 of total 280) .... done (Time = 0.00s, Memory = 0.0K)
    Checking Rule Prereqs_ConstantInput-ML (Rule 179 of total 280) .... done (Time = 0.00s, Memory = 8.0K)
    Checking Rule Prereqs_ConstantInput-ML (Rule 180 of total 280) .... done (Time = 0.00s, Memory = 0.0K)
    Checking Rule Prereqs_RptNegEdgeFF-ML (Rule 181 of total 280) .... done (Time = 0.00s, Memory = 0.0K)
    Checking Rule ReportPortInfo-ML (Rule 182 of total 280) .... done (Time = 0.00s, Memory = 0.0K)
    Checking Rule Prereqs_ReportPortInfo-ML (Rule 183 of total 280) .... done (Time = 0.00s, Memory = 0.0K)
    Checking Rule Prereqs_ReportPortInfo-ML (Rule 184 of total 280) .... done (Time = 0.00s, Memory = 0.0K)
    Checking Rule NoAssignX-ML (Rule 185 of total 280) .... done (Time = 0.00s, Memory = 0.0K)
    Checking Rule ParamWidthMismatch-ML (Rule 186 of total 280) .... done (Time = 0.00s, Memory = 0.0K)
    Checking Rule Postreqs_Usage_ML (Rule 187 of total 280) .... done (Time = 0.00s, Memory = 0.0K)
    Checking Rule NoXInCase-ML (Rule 188 of total 280) .... done (Time = 0.00s, Memory = 0.0K)
Checking ELABDU Rules for designUnit WORK_mac_col_8_20_8_3
    Checking Rule Prereqs_STARC-2.3.6.1 (Rule 128 of total 280) .... done (Time = 0.00s, Memory = -8.0K)
    Checking Rule Prereqs_InferLatch (Rule 129 of total 280) .... done (Time = 0.00s, Memory = 0.0K)
    Checking Rule STARC05-2.1.5.3 (Rule 130 of total 280) .... done (Time = 0.00s, Memory = 0.0K)
    Checking Rule STARC05-2.2.3.3 (Rule 131 of total 280) .... done (Time = 0.00s, Memory = 0.0K)
    Checking Rule STARC05-2.3.1.6 (Rule 132 of total 280) .... done (Time = 0.00s, Memory = 0.0K)
    Checking Rule STARC05-2.10.2.3 (Rule 133 of total 280) .... done (Time = 0.00s, Memory = 0.0K)
    Checking Rule STARC05-2.10.3.2a (Rule 134 of total 280) .... done (Time = 0.00s, Memory = 0.0K)
    Checking Rule STARC05-2.11.3.1 (Rule 135 of total 280) .... done (Time = 0.00s, Memory = 0.0K)
    Checking Rule STARC05-2.1.3.1 (Rule 136 of total 280) .... done (Time = 0.00s, Memory = 0.0K)
    Checking Rule STARC05-2.10.1.4a (Rule 137 of total 280) .... done (Time = 0.00s, Memory = 0.0K)
    Checking Rule STARC05-2.10.1.4b (Rule 138 of total 280) .... done (Time = 0.00s, Memory = 0.0K)
    Checking Rule sim_race02 (Rule 139 of total 280) .... done (Time = 0.00s, Memory = 0.0K)
    Checking Rule W110 (Rule 140 of total 280) .... done (Time = 0.00s, Memory = 0.0K)
    Checking Rule W122 (Rule 141 of total 280) .... done (Time = 0.00s, Memory = 0.0K)
    Checking Rule W496a (Rule 142 of total 280) .... done (Time = 0.00s, Memory = 32.0K)
    Checking Rule W19 (Rule 143 of total 280) .... done (Time = 0.00s, Memory = -8.0K)
    Checking Rule W66 (Rule 144 of total 280) .... done (Time = 0.00s, Memory = 0.0K)
    Checking Rule W116 (Rule 145 of total 280) .... done (Time = 0.00s, Memory = 0.0K)
    Checking Rule W123 (Rule 146 of total 280) .... done (Time = 0.00s, Memory = 16.0K)
    Checking Rule W156 (Rule 147 of total 280) .... done (Time = 0.00s, Memory = 0.0K)
    Checking Rule W215 (Rule 148 of total 280) .... done (Time = 0.01s, Memory = 0.0K)
    Checking Rule W216 (Rule 149 of total 280) .... done (Time = 0.00s, Memory = 0.0K)
    Checking Rule W218 (Rule 150 of total 280) .... done (Time = 0.00s, Memory = 8.0K)
    Checking Rule W224 (Rule 151 of total 280) .... done (Time = 0.00s, Memory = 0.0K)
    Checking Rule W263 (Rule 152 of total 280) .... done (Time = 0.00s, Memory = 0.0K)
    Checking Rule W289 (Rule 153 of total 280) .... done (Time = 0.00s, Memory = 0.0K)
    Checking Rule W337 (Rule 154 of total 280) .... done (Time = 0.00s, Memory = 0.0K)
    Checking Rule W352 (Rule 155 of total 280) .... done (Time = 0.00s, Memory = 0.0K)
    Checking Rule W362 (Rule 156 of total 280) .... done (Time = 0.00s, Memory = 0.0K)
    Checking Rule W415a (Rule 157 of total 280) .... done (Time = 0.00s, Memory = 0.0K)
    Checking Rule W486 (Rule 158 of total 280) .... done (Time = 0.00s, Memory = 0.0K)
    Checking Rule W499 (Rule 159 of total 280) .... done (Time = 0.00s, Memory = 0.0K)
    Checking Rule W502 (Rule 160 of total 280) .... done (Time = 0.00s, Memory = 0.0K)
    Checking Rule W116 (Rule 161 of total 280) .... done (Time = 0.00s, Memory = 0.0K)
    Checking Rule W122 (Rule 162 of total 280) .... done (Time = 0.00s, Memory = 0.0K)
    Checking Rule W123 (Rule 163 of total 280) .... done (Time = 0.00s, Memory = 0.0K)
    Checking Rule W156 (Rule 164 of total 280) .... done (Time = 0.00s, Memory = 0.0K)
    Checking Rule W71 (Rule 165 of total 280) .... done (Time = 0.00s, Memory = 0.0K)
    Checking Rule W240 (Rule 166 of total 280) .... done (Time = 0.00s, Memory = 0.0K)
    Checking Rule W240 (Rule 167 of total 280) .... done (Time = 0.00s, Memory = 0.0K)
    Checking Rule W287a (Rule 168 of total 280) .... done (Time = 0.00s, Memory = 0.0K)
    Checking Rule W293 (Rule 169 of total 280) .... done (Time = 0.00s, Memory = 0.0K)
    Checking Rule W398 (Rule 170 of total 280) .... done (Time = 0.00s, Memory = 0.0K)
    Checking Rule W424 (Rule 171 of total 280) .... done (Time = 0.00s, Memory = 0.0K)
    Checking Rule W467 (Rule 172 of total 280) .... done (Time = 0.00s, Memory = -24.0K)
    Checking Rule W505 (Rule 173 of total 280) .... done (Time = 0.00s, Memory = 0.0K)
    Checking Rule W505 (Rule 174 of total 280) .... done (Time = 0.00s, Memory = 0.0K)
    Checking Rule W528 (Rule 175 of total 280) .... done (Time = 0.00s, Memory = 0.0K)
    Checking Rule W528 (Rule 176 of total 280) .... done (Time = 0.00s, Memory = 568.0K)
    Checking Rule Prereqs_Usage (Rule 177 of total 280) .... done (Time = 0.00s, Memory = -16.0K)
    Checking Rule Postreqs_CheckFuncTask (Rule 178 of total 280) .... done (Time = 0.00s, Memory = -32.0K)
    Checking Rule Prereqs_ConstantInput-ML (Rule 179 of total 280) .... done (Time = 0.00s, Memory = 0.0K)
    Checking Rule Prereqs_ConstantInput-ML (Rule 180 of total 280) .... done (Time = 0.00s, Memory = 0.0K)
    Checking Rule Prereqs_RptNegEdgeFF-ML (Rule 181 of total 280) .... done (Time = 0.00s, Memory = 0.0K)
    Checking Rule ReportPortInfo-ML (Rule 182 of total 280) .... done (Time = 0.00s, Memory = 8.0K)
    Checking Rule Prereqs_ReportPortInfo-ML (Rule 183 of total 280) .... done (Time = 0.00s, Memory = 0.0K)
    Checking Rule Prereqs_ReportPortInfo-ML (Rule 184 of total 280) .... done (Time = 0.00s, Memory = 0.0K)
    Checking Rule NoAssignX-ML (Rule 185 of total 280) .... done (Time = 0.00s, Memory = 0.0K)
    Checking Rule ParamWidthMismatch-ML (Rule 186 of total 280) .... done (Time = 0.00s, Memory = 0.0K)
    Checking Rule Postreqs_Usage_ML (Rule 187 of total 280) .... done (Time = 0.00s, Memory = 0.0K)
    Checking Rule NoXInCase-ML (Rule 188 of total 280) .... done (Time = 0.00s, Memory = 0.0K)
Checking ELABDU Rules for designUnit WORK_mac_col_8_20_8_4
    Checking Rule Prereqs_STARC-2.3.6.1 (Rule 128 of total 280) .... done (Time = 0.00s, Memory = 0.0K)
    Checking Rule Prereqs_InferLatch (Rule 129 of total 280) .... done (Time = 0.00s, Memory = 0.0K)
    Checking Rule STARC05-2.1.5.3 (Rule 130 of total 280) .... done (Time = 0.00s, Memory = 0.0K)
    Checking Rule STARC05-2.2.3.3 (Rule 131 of total 280) .... done (Time = 0.00s, Memory = 0.0K)
    Checking Rule STARC05-2.3.1.6 (Rule 132 of total 280) .... done (Time = 0.00s, Memory = 0.0K)
    Checking Rule STARC05-2.10.2.3 (Rule 133 of total 280) .... done (Time = 0.00s, Memory = 24.0K)
    Checking Rule STARC05-2.10.3.2a (Rule 134 of total 280) .... done (Time = 0.00s, Memory = 0.0K)
    Checking Rule STARC05-2.11.3.1 (Rule 135 of total 280) .... done (Time = 0.00s, Memory = 0.0K)
    Checking Rule STARC05-2.1.3.1 (Rule 136 of total 280) .... done (Time = 0.00s, Memory = 0.0K)
    Checking Rule STARC05-2.10.1.4a (Rule 137 of total 280) .... done (Time = 0.00s, Memory = 0.0K)
    Checking Rule STARC05-2.10.1.4b (Rule 138 of total 280) .... done (Time = 0.00s, Memory = 0.0K)
    Checking Rule sim_race02 (Rule 139 of total 280) .... done (Time = 0.00s, Memory = 0.0K)
    Checking Rule W110 (Rule 140 of total 280) .... done (Time = 0.00s, Memory = 0.0K)
    Checking Rule W122 (Rule 141 of total 280) .... done (Time = 0.00s, Memory = 0.0K)
    Checking Rule W496a (Rule 142 of total 280) .... done (Time = 0.00s, Memory = 0.0K)
    Checking Rule W19 (Rule 143 of total 280) .... done (Time = 0.00s, Memory = 0.0K)
    Checking Rule W66 (Rule 144 of total 280) .... done (Time = 0.00s, Memory = 0.0K)
    Checking Rule W116 (Rule 145 of total 280) .... done (Time = 0.00s, Memory = 0.0K)
    Checking Rule W123 (Rule 146 of total 280) .... done (Time = 0.01s, Memory = 24.0K)
    Checking Rule W156 (Rule 147 of total 280) .... done (Time = 0.00s, Memory = 0.0K)
    Checking Rule W215 (Rule 148 of total 280) .... done (Time = 0.00s, Memory = 0.0K)
    Checking Rule W216 (Rule 149 of total 280) .... done (Time = 0.00s, Memory = 0.0K)
    Checking Rule W218 (Rule 150 of total 280) .... done (Time = 0.00s, Memory = 0.0K)
    Checking Rule W224 (Rule 151 of total 280) .... done (Time = 0.00s, Memory = 0.0K)
    Checking Rule W263 (Rule 152 of total 280) .... done (Time = 0.00s, Memory = 0.0K)
    Checking Rule W289 (Rule 153 of total 280) .... done (Time = 0.00s, Memory = 0.0K)
    Checking Rule W337 (Rule 154 of total 280) .... done (Time = 0.00s, Memory = 0.0K)
    Checking Rule W352 (Rule 155 of total 280) .... done (Time = 0.00s, Memory = -128.0K)
    Checking Rule W362 (Rule 156 of total 280) .... done (Time = 0.00s, Memory = 0.0K)
    Checking Rule W415a (Rule 157 of total 280) .... done (Time = 0.00s, Memory = 0.0K)
    Checking Rule W486 (Rule 158 of total 280) .... done (Time = 0.00s, Memory = 0.0K)
    Checking Rule W499 (Rule 159 of total 280) .... done (Time = 0.00s, Memory = 0.0K)
    Checking Rule W502 (Rule 160 of total 280) .... done (Time = 0.00s, Memory = 0.0K)
    Checking Rule W116 (Rule 161 of total 280) .... done (Time = 0.00s, Memory = 0.0K)
    Checking Rule W122 (Rule 162 of total 280) .... done (Time = 0.00s, Memory = 0.0K)
    Checking Rule W123 (Rule 163 of total 280) .... done (Time = 0.00s, Memory = 0.0K)
    Checking Rule W156 (Rule 164 of total 280) .... done (Time = 0.00s, Memory = 0.0K)
    Checking Rule W71 (Rule 165 of total 280) .... done (Time = 0.00s, Memory = 0.0K)
    Checking Rule W240 (Rule 166 of total 280) .... done (Time = 0.00s, Memory = 0.0K)
    Checking Rule W240 (Rule 167 of total 280) .... done (Time = 0.00s, Memory = 0.0K)
    Checking Rule W287a (Rule 168 of total 280) .... done (Time = 0.00s, Memory = 0.0K)
    Checking Rule W293 (Rule 169 of total 280) .... done (Time = 0.00s, Memory = 0.0K)
    Checking Rule W398 (Rule 170 of total 280) .... done (Time = 0.00s, Memory = 24.0K)
    Checking Rule W424 (Rule 171 of total 280) .... done (Time = 0.00s, Memory = 0.0K)
    Checking Rule W467 (Rule 172 of total 280) .... done (Time = 0.00s, Memory = 0.0K)
    Checking Rule W505 (Rule 173 of total 280) .... done (Time = 0.00s, Memory = 0.0K)
    Checking Rule W505 (Rule 174 of total 280) .... done (Time = 0.00s, Memory = 0.0K)
    Checking Rule W528 (Rule 175 of total 280) .... done (Time = 0.00s, Memory = 0.0K)
    Checking Rule W528 (Rule 176 of total 280) .... done (Time = 0.00s, Memory = 568.0K)
    Checking Rule Prereqs_Usage (Rule 177 of total 280) .... done (Time = 0.00s, Memory = -16.0K)
    Checking Rule Postreqs_CheckFuncTask (Rule 178 of total 280) .... done (Time = 0.00s, Memory = 0.0K)
    Checking Rule Prereqs_ConstantInput-ML (Rule 179 of total 280) .... done (Time = 0.00s, Memory = 0.0K)
    Checking Rule Prereqs_ConstantInput-ML (Rule 180 of total 280) .... done (Time = 0.00s, Memory = 0.0K)
    Checking Rule Prereqs_RptNegEdgeFF-ML (Rule 181 of total 280) .... done (Time = 0.00s, Memory = 0.0K)
    Checking Rule ReportPortInfo-ML (Rule 182 of total 280) .... done (Time = 0.00s, Memory = -8.0K)
    Checking Rule Prereqs_ReportPortInfo-ML (Rule 183 of total 280) .... done (Time = 0.00s, Memory = 0.0K)
    Checking Rule Prereqs_ReportPortInfo-ML (Rule 184 of total 280) .... done (Time = 0.00s, Memory = 0.0K)
    Checking Rule NoAssignX-ML (Rule 185 of total 280) .... done (Time = 0.00s, Memory = 0.0K)
    Checking Rule ParamWidthMismatch-ML (Rule 186 of total 280) .... done (Time = 0.00s, Memory = 0.0K)
    Checking Rule Postreqs_Usage_ML (Rule 187 of total 280) .... done (Time = 0.00s, Memory = 0.0K)
    Checking Rule NoXInCase-ML (Rule 188 of total 280) .... done (Time = 0.00s, Memory = 0.0K)
Checking ELABDU Rules for designUnit WORK_mac_col_8_20_8_5
    Checking Rule Prereqs_STARC-2.3.6.1 (Rule 128 of total 280) .... done (Time = 0.00s, Memory = 0.0K)
    Checking Rule Prereqs_InferLatch (Rule 129 of total 280) .... done (Time = 0.00s, Memory = 0.0K)
    Checking Rule STARC05-2.1.5.3 (Rule 130 of total 280) .... done (Time = 0.00s, Memory = 0.0K)
    Checking Rule STARC05-2.2.3.3 (Rule 131 of total 280) .... done (Time = 0.00s, Memory = 32.0K)
    Checking Rule STARC05-2.3.1.6 (Rule 132 of total 280) .... done (Time = 0.00s, Memory = -8.0K)
    Checking Rule STARC05-2.10.2.3 (Rule 133 of total 280) .... done (Time = 0.00s, Memory = -24.0K)
    Checking Rule STARC05-2.10.3.2a (Rule 134 of total 280) .... done (Time = 0.00s, Memory = 0.0K)
    Checking Rule STARC05-2.11.3.1 (Rule 135 of total 280) .... done (Time = 0.00s, Memory = 8.0K)
    Checking Rule STARC05-2.1.3.1 (Rule 136 of total 280) .... done (Time = 0.00s, Memory = 0.0K)
    Checking Rule STARC05-2.10.1.4a (Rule 137 of total 280) .... done (Time = 0.00s, Memory = 0.0K)
    Checking Rule STARC05-2.10.1.4b (Rule 138 of total 280) .... done (Time = 0.00s, Memory = 0.0K)
    Checking Rule sim_race02 (Rule 139 of total 280) .... done (Time = 0.00s, Memory = 0.0K)
    Checking Rule W110 (Rule 140 of total 280) .... done (Time = 0.00s, Memory = 0.0K)
    Checking Rule W122 (Rule 141 of total 280) .... done (Time = 0.00s, Memory = 0.0K)
    Checking Rule W496a (Rule 142 of total 280) .... done (Time = 0.00s, Memory = 0.0K)
    Checking Rule W19 (Rule 143 of total 280) .... done (Time = 0.00s, Memory = 0.0K)
    Checking Rule W66 (Rule 144 of total 280) .... done (Time = 0.00s, Memory = 0.0K)
    Checking Rule W116 (Rule 145 of total 280) .... done (Time = 0.00s, Memory = 0.0K)
    Checking Rule W123 (Rule 146 of total 280) .... done (Time = 0.00s, Memory = -8.0K)
    Checking Rule W156 (Rule 147 of total 280) .... done (Time = 0.00s, Memory = 0.0K)
    Checking Rule W215 (Rule 148 of total 280) .... done (Time = 0.00s, Memory = 0.0K)
    Checking Rule W216 (Rule 149 of total 280) .... done (Time = 0.00s, Memory = 0.0K)
    Checking Rule W218 (Rule 150 of total 280) .... done (Time = 0.00s, Memory = 0.0K)
    Checking Rule W224 (Rule 151 of total 280) .... done (Time = 0.00s, Memory = 0.0K)
    Checking Rule W263 (Rule 152 of total 280) .... done (Time = 0.00s, Memory = 32.0K)
    Checking Rule W289 (Rule 153 of total 280) .... done (Time = 0.00s, Memory = 0.0K)
    Checking Rule W337 (Rule 154 of total 280) .... done (Time = 0.00s, Memory = 0.0K)
    Checking Rule W352 (Rule 155 of total 280) .... done (Time = 0.00s, Memory = 0.0K)
    Checking Rule W362 (Rule 156 of total 280) .... done (Time = 0.00s, Memory = 0.0K)
    Checking Rule W415a (Rule 157 of total 280) .... done (Time = 0.00s, Memory = 0.0K)
    Checking Rule W486 (Rule 158 of total 280) .... done (Time = 0.00s, Memory = 0.0K)
    Checking Rule W499 (Rule 159 of total 280) .... done (Time = 0.00s, Memory = 0.0K)
    Checking Rule W502 (Rule 160 of total 280) .... done (Time = 0.00s, Memory = 0.0K)
    Checking Rule W116 (Rule 161 of total 280) .... done (Time = 0.00s, Memory = 0.0K)
    Checking Rule W122 (Rule 162 of total 280) .... done (Time = 0.00s, Memory = 0.0K)
    Checking Rule W123 (Rule 163 of total 280) .... done (Time = 0.00s, Memory = 0.0K)
    Checking Rule W156 (Rule 164 of total 280) .... done (Time = 0.00s, Memory = 0.0K)
    Checking Rule W71 (Rule 165 of total 280) .... done (Time = 0.00s, Memory = 0.0K)
    Checking Rule W240 (Rule 166 of total 280) .... done (Time = 0.00s, Memory = 0.0K)
    Checking Rule W240 (Rule 167 of total 280) .... done (Time = 0.00s, Memory = 0.0K)
    Checking Rule W287a (Rule 168 of total 280) .... done (Time = 0.00s, Memory = 0.0K)
    Checking Rule W293 (Rule 169 of total 280) .... done (Time = 0.00s, Memory = 0.0K)
    Checking Rule W398 (Rule 170 of total 280) .... done (Time = 0.00s, Memory = 0.0K)
    Checking Rule W424 (Rule 171 of total 280) .... done (Time = 0.00s, Memory = 0.0K)
    Checking Rule W467 (Rule 172 of total 280) .... done (Time = 0.00s, Memory = 0.0K)
    Checking Rule W505 (Rule 173 of total 280) .... done (Time = 0.00s, Memory = 16.0K)
    Checking Rule W505 (Rule 174 of total 280) .... done (Time = 0.00s, Memory = 0.0K)
    Checking Rule W528 (Rule 175 of total 280) .... done (Time = 0.00s, Memory = 0.0K)
    Checking Rule W528 (Rule 176 of total 280) .... done (Time = 0.00s, Memory = 568.0K)
    Checking Rule Prereqs_Usage (Rule 177 of total 280) .... done (Time = 0.00s, Memory = -16.0K)
    Checking Rule Postreqs_CheckFuncTask (Rule 178 of total 280) .... done (Time = 0.00s, Memory = 0.0K)
    Checking Rule Prereqs_ConstantInput-ML (Rule 179 of total 280) .... done (Time = 0.00s, Memory = 0.0K)
    Checking Rule Prereqs_ConstantInput-ML (Rule 180 of total 280) .... done (Time = 0.00s, Memory = 0.0K)
    Checking Rule Prereqs_RptNegEdgeFF-ML (Rule 181 of total 280) .... done (Time = 0.00s, Memory = 0.0K)
    Checking Rule ReportPortInfo-ML (Rule 182 of total 280) .... done (Time = 0.00s, Memory = 0.0K)
    Checking Rule Prereqs_ReportPortInfo-ML (Rule 183 of total 280) .... done (Time = 0.00s, Memory = 0.0K)
    Checking Rule Prereqs_ReportPortInfo-ML (Rule 184 of total 280) .... done (Time = 0.00s, Memory = 0.0K)
    Checking Rule NoAssignX-ML (Rule 185 of total 280) .... done (Time = 0.00s, Memory = 0.0K)
    Checking Rule ParamWidthMismatch-ML (Rule 186 of total 280) .... done (Time = 0.00s, Memory = 0.0K)
    Checking Rule Postreqs_Usage_ML (Rule 187 of total 280) .... done (Time = 0.00s, Memory = 0.0K)
    Checking Rule NoXInCase-ML (Rule 188 of total 280) .... done (Time = 0.00s, Memory = 0.0K)
Checking ELABDU Rules for designUnit WORK_mac_col_8_20_8_6
    Checking Rule Prereqs_STARC-2.3.6.1 (Rule 128 of total 280) .... done (Time = 0.00s, Memory = 0.0K)
    Checking Rule Prereqs_InferLatch (Rule 129 of total 280) .... done (Time = 0.00s, Memory = 0.0K)
    Checking Rule STARC05-2.1.5.3 (Rule 130 of total 280) .... done (Time = 0.00s, Memory = 0.0K)
    Checking Rule STARC05-2.2.3.3 (Rule 131 of total 280) .... done (Time = 0.00s, Memory = 0.0K)
    Checking Rule STARC05-2.3.1.6 (Rule 132 of total 280) .... done (Time = 0.00s, Memory = 0.0K)
    Checking Rule STARC05-2.10.2.3 (Rule 133 of total 280) .... done (Time = 0.00s, Memory = 32.0K)
    Checking Rule STARC05-2.10.3.2a (Rule 134 of total 280) .... done (Time = 0.00s, Memory = -8.0K)
    Checking Rule STARC05-2.11.3.1 (Rule 135 of total 280) .... done (Time = 0.00s, Memory = 0.0K)
    Checking Rule STARC05-2.1.3.1 (Rule 136 of total 280) .... done (Time = 0.00s, Memory = 0.0K)
    Checking Rule STARC05-2.10.1.4a (Rule 137 of total 280) .... done (Time = 0.00s, Memory = 0.0K)
    Checking Rule STARC05-2.10.1.4b (Rule 138 of total 280) .... done (Time = 0.00s, Memory = 0.0K)
    Checking Rule sim_race02 (Rule 139 of total 280) .... done (Time = 0.00s, Memory = 0.0K)
    Checking Rule W110 (Rule 140 of total 280) .... done (Time = 0.00s, Memory = 0.0K)
    Checking Rule W122 (Rule 141 of total 280) .... done (Time = 0.00s, Memory = 0.0K)
    Checking Rule W496a (Rule 142 of total 280) .... done (Time = 0.00s, Memory = 0.0K)
    Checking Rule W19 (Rule 143 of total 280) .... done (Time = 0.00s, Memory = 0.0K)
    Checking Rule W66 (Rule 144 of total 280) .... done (Time = 0.00s, Memory = 0.0K)
    Checking Rule W116 (Rule 145 of total 280) .... done (Time = 0.00s, Memory = 0.0K)
    Checking Rule W123 (Rule 146 of total 280) .... done (Time = 0.00s, Memory = 48.0K)
    Checking Rule W156 (Rule 147 of total 280) .... done (Time = 0.00s, Memory = -32.0K)
    Checking Rule W215 (Rule 148 of total 280) .... done (Time = 0.00s, Memory = 0.0K)
    Checking Rule W216 (Rule 149 of total 280) .... done (Time = 0.00s, Memory = 0.0K)
    Checking Rule W218 (Rule 150 of total 280) .... done (Time = 0.00s, Memory = 0.0K)
    Checking Rule W224 (Rule 151 of total 280) .... done (Time = 0.00s, Memory = 0.0K)
    Checking Rule W263 (Rule 152 of total 280) .... done (Time = 0.00s, Memory = 0.0K)
    Checking Rule W289 (Rule 153 of total 280) .... done (Time = 0.00s, Memory = 0.0K)
    Checking Rule W337 (Rule 154 of total 280) .... done (Time = 0.00s, Memory = 0.0K)
    Checking Rule W352 (Rule 155 of total 280) .... done (Time = 0.00s, Memory = 0.0K)
    Checking Rule W362 (Rule 156 of total 280) .... done (Time = 0.00s, Memory = 0.0K)
    Checking Rule W415a (Rule 157 of total 280) .... done (Time = 0.00s, Memory = 0.0K)
    Checking Rule W486 (Rule 158 of total 280) .... done (Time = 0.00s, Memory = 0.0K)
    Checking Rule W499 (Rule 159 of total 280) .... done (Time = 0.00s, Memory = 0.0K)
    Checking Rule W502 (Rule 160 of total 280) .... done (Time = 0.00s, Memory = 0.0K)
    Checking Rule W116 (Rule 161 of total 280) .... done (Time = 0.00s, Memory = 0.0K)
    Checking Rule W122 (Rule 162 of total 280) .... done (Time = 0.00s, Memory = 0.0K)
    Checking Rule W123 (Rule 163 of total 280) .... done (Time = 0.00s, Memory = 0.0K)
    Checking Rule W156 (Rule 164 of total 280) .... done (Time = 0.00s, Memory = 0.0K)
    Checking Rule W71 (Rule 165 of total 280) .... done (Time = 0.00s, Memory = 0.0K)
    Checking Rule W240 (Rule 166 of total 280) .... done (Time = 0.00s, Memory = 0.0K)
    Checking Rule W240 (Rule 167 of total 280) .... done (Time = 0.00s, Memory = 0.0K)
    Checking Rule W287a (Rule 168 of total 280) .... done (Time = 0.00s, Memory = -16.0K)
    Checking Rule W293 (Rule 169 of total 280) .... done (Time = 0.00s, Memory = 0.0K)
    Checking Rule W398 (Rule 170 of total 280) .... done (Time = 0.00s, Memory = 0.0K)
    Checking Rule W424 (Rule 171 of total 280) .... done (Time = 0.00s, Memory = 0.0K)
    Checking Rule W467 (Rule 172 of total 280) .... done (Time = 0.00s, Memory = 0.0K)
    Checking Rule W505 (Rule 173 of total 280) .... done (Time = 0.00s, Memory = 0.0K)
    Checking Rule W505 (Rule 174 of total 280) .... done (Time = 0.00s, Memory = 0.0K)
    Checking Rule W528 (Rule 175 of total 280) .... done (Time = 0.00s, Memory = 0.0K)
    Checking Rule W528 (Rule 176 of total 280) .... done (Time = 0.00s, Memory = 568.0K)
    Checking Rule Prereqs_Usage (Rule 177 of total 280) .... done (Time = 0.00s, Memory = -16.0K)
    Checking Rule Postreqs_CheckFuncTask (Rule 178 of total 280) .... done (Time = 0.00s, Memory = 0.0K)
    Checking Rule Prereqs_ConstantInput-ML (Rule 179 of total 280) .... done (Time = 0.00s, Memory = 0.0K)
    Checking Rule Prereqs_ConstantInput-ML (Rule 180 of total 280) .... done (Time = 0.00s, Memory = 0.0K)
    Checking Rule Prereqs_RptNegEdgeFF-ML (Rule 181 of total 280) .... done (Time = 0.00s, Memory = 0.0K)
    Checking Rule ReportPortInfo-ML (Rule 182 of total 280) .... done (Time = 0.00s, Memory = 0.0K)
    Checking Rule Prereqs_ReportPortInfo-ML (Rule 183 of total 280) .... done (Time = 0.00s, Memory = 0.0K)
    Checking Rule Prereqs_ReportPortInfo-ML (Rule 184 of total 280) .... done (Time = 0.00s, Memory = 0.0K)
    Checking Rule NoAssignX-ML (Rule 185 of total 280) .... done (Time = 0.00s, Memory = 24.0K)
    Checking Rule ParamWidthMismatch-ML (Rule 186 of total 280) .... done (Time = 0.00s, Memory = 0.0K)
    Checking Rule Postreqs_Usage_ML (Rule 187 of total 280) .... done (Time = 0.00s, Memory = 8.0K)
    Checking Rule NoXInCase-ML (Rule 188 of total 280) .... done (Time = 0.00s, Memory = 0.0K)
Checking ELABDU Rules for designUnit WORK_mac_col_8_20_8_7
    Checking Rule Prereqs_STARC-2.3.6.1 (Rule 128 of total 280) .... done (Time = 0.00s, Memory = 0.0K)
    Checking Rule Prereqs_InferLatch (Rule 129 of total 280) .... done (Time = 0.00s, Memory = 0.0K)
    Checking Rule STARC05-2.1.5.3 (Rule 130 of total 280) .... done (Time = 0.00s, Memory = 0.0K)
    Checking Rule STARC05-2.2.3.3 (Rule 131 of total 280) .... done (Time = 0.00s, Memory = 32.0K)
    Checking Rule STARC05-2.3.1.6 (Rule 132 of total 280) .... done (Time = 0.00s, Memory = 0.0K)
    Checking Rule STARC05-2.10.2.3 (Rule 133 of total 280) .... done (Time = 0.00s, Memory = -32.0K)
    Checking Rule STARC05-2.10.3.2a (Rule 134 of total 280) .... done (Time = 0.00s, Memory = 0.0K)
    Checking Rule STARC05-2.11.3.1 (Rule 135 of total 280) .... done (Time = 0.00s, Memory = 0.0K)
    Checking Rule STARC05-2.1.3.1 (Rule 136 of total 280) .... done (Time = 0.00s, Memory = 0.0K)
    Checking Rule STARC05-2.10.1.4a (Rule 137 of total 280) .... done (Time = 0.00s, Memory = 0.0K)
    Checking Rule STARC05-2.10.1.4b (Rule 138 of total 280) .... done (Time = 0.00s, Memory = 0.0K)
    Checking Rule sim_race02 (Rule 139 of total 280) .... done (Time = 0.00s, Memory = 0.0K)
    Checking Rule W110 (Rule 140 of total 280) .... done (Time = 0.00s, Memory = 0.0K)
    Checking Rule W122 (Rule 141 of total 280) .... done (Time = 0.00s, Memory = 0.0K)
    Checking Rule W496a (Rule 142 of total 280) .... done (Time = 0.00s, Memory = 8.0K)
    Checking Rule W19 (Rule 143 of total 280) .... done (Time = 0.00s, Memory = 0.0K)
    Checking Rule W66 (Rule 144 of total 280) .... done (Time = 0.00s, Memory = 0.0K)
    Checking Rule W116 (Rule 145 of total 280) .... done (Time = 0.00s, Memory = 0.0K)
    Checking Rule W123 (Rule 146 of total 280) .... done (Time = 0.00s, Memory = 16.0K)
    Checking Rule W156 (Rule 147 of total 280) .... done (Time = 0.00s, Memory = 0.0K)
    Checking Rule W215 (Rule 148 of total 280) .... done (Time = 0.00s, Memory = 0.0K)
    Checking Rule W216 (Rule 149 of total 280) .... done (Time = 0.00s, Memory = 0.0K)
    Checking Rule W218 (Rule 150 of total 280) .... done (Time = 0.00s, Memory = 0.0K)
    Checking Rule W224 (Rule 151 of total 280) .... done (Time = 0.00s, Memory = 0.0K)
    Checking Rule W263 (Rule 152 of total 280) .... done (Time = 0.00s, Memory = 0.0K)
    Checking Rule W289 (Rule 153 of total 280) .... done (Time = 0.00s, Memory = 0.0K)
    Checking Rule W337 (Rule 154 of total 280) .... done (Time = 0.00s, Memory = 0.0K)
    Checking Rule W352 (Rule 155 of total 280) .... done (Time = 0.00s, Memory = 0.0K)
    Checking Rule W362 (Rule 156 of total 280) .... done (Time = 0.00s, Memory = 0.0K)
    Checking Rule W415a (Rule 157 of total 280) .... done (Time = 0.00s, Memory = 24.0K)
    Checking Rule W486 (Rule 158 of total 280) .... done (Time = 0.00s, Memory = 0.0K)
    Checking Rule W499 (Rule 159 of total 280) .... done (Time = 0.00s, Memory = 0.0K)
    Checking Rule W502 (Rule 160 of total 280) .... done (Time = 0.00s, Memory = -32.0K)
    Checking Rule W116 (Rule 161 of total 280) .... done (Time = 0.00s, Memory = 0.0K)
    Checking Rule W122 (Rule 162 of total 280) .... done (Time = 0.00s, Memory = 0.0K)
    Checking Rule W123 (Rule 163 of total 280) .... done (Time = 0.00s, Memory = 0.0K)
    Checking Rule W156 (Rule 164 of total 280) .... done (Time = 0.00s, Memory = 0.0K)
    Checking Rule W71 (Rule 165 of total 280) .... done (Time = 0.00s, Memory = 0.0K)
    Checking Rule W240 (Rule 166 of total 280) .... done (Time = 0.00s, Memory = 0.0K)
    Checking Rule W240 (Rule 167 of total 280) .... done (Time = 0.00s, Memory = 0.0K)
    Checking Rule W287a (Rule 168 of total 280) .... done (Time = 0.00s, Memory = 0.0K)
    Checking Rule W293 (Rule 169 of total 280) .... done (Time = 0.00s, Memory = 0.0K)
    Checking Rule W398 (Rule 170 of total 280) .... done (Time = 0.00s, Memory = 0.0K)
    Checking Rule W424 (Rule 171 of total 280) .... done (Time = 0.00s, Memory = 0.0K)
    Checking Rule W467 (Rule 172 of total 280) .... done (Time = 0.00s, Memory = 0.0K)
    Checking Rule W505 (Rule 173 of total 280) .... done (Time = 0.00s, Memory = 0.0K)
    Checking Rule W505 (Rule 174 of total 280) .... done (Time = 0.00s, Memory = 0.0K)
    Checking Rule W528 (Rule 175 of total 280) .... done (Time = 0.00s, Memory = 0.0K)
    Checking Rule W528 (Rule 176 of total 280) .... done (Time = 0.00s, Memory = 568.0K)
    Checking Rule Prereqs_Usage (Rule 177 of total 280) .... done (Time = 0.00s, Memory = -16.0K)
    Checking Rule Postreqs_CheckFuncTask (Rule 178 of total 280) .... done (Time = 0.00s, Memory = 0.0K)
    Checking Rule Prereqs_ConstantInput-ML (Rule 179 of total 280) .... done (Time = 0.00s, Memory = 0.0K)
    Checking Rule Prereqs_ConstantInput-ML (Rule 180 of total 280) .... done (Time = 0.00s, Memory = 0.0K)
    Checking Rule Prereqs_RptNegEdgeFF-ML (Rule 181 of total 280) .... done (Time = 0.00s, Memory = -8.0K)
    Checking Rule ReportPortInfo-ML (Rule 182 of total 280) .... done (Time = 0.00s, Memory = 0.0K)
    Checking Rule Prereqs_ReportPortInfo-ML (Rule 183 of total 280) .... done (Time = 0.00s, Memory = 0.0K)
    Checking Rule Prereqs_ReportPortInfo-ML (Rule 184 of total 280) .... done (Time = 0.00s, Memory = 0.0K)
    Checking Rule NoAssignX-ML (Rule 185 of total 280) .... done (Time = 0.00s, Memory = 0.0K)
    Checking Rule ParamWidthMismatch-ML (Rule 186 of total 280) .... done (Time = 0.00s, Memory = 0.0K)
    Checking Rule Postreqs_Usage_ML (Rule 187 of total 280) .... done (Time = 0.00s, Memory = 0.0K)
    Checking Rule NoXInCase-ML (Rule 188 of total 280) .... done (Time = 0.00s, Memory = 0.0K)
Checking ELABDU Rules for designUnit WORK_mac_col_8_20_8_8
    Checking Rule Prereqs_STARC-2.3.6.1 (Rule 128 of total 280) .... done (Time = 0.00s, Memory = 0.0K)
    Checking Rule Prereqs_InferLatch (Rule 129 of total 280) .... done (Time = 0.00s, Memory = 0.0K)
    Checking Rule STARC05-2.1.5.3 (Rule 130 of total 280) .... done (Time = 0.00s, Memory = 8.0K)
    Checking Rule STARC05-2.2.3.3 (Rule 131 of total 280) .... done (Time = 0.00s, Memory = -32.0K)
    Checking Rule STARC05-2.3.1.6 (Rule 132 of total 280) .... done (Time = 0.00s, Memory = 8.0K)
    Checking Rule STARC05-2.10.2.3 (Rule 133 of total 280) .... done (Time = 0.00s, Memory = -8.0K)
    Checking Rule STARC05-2.10.3.2a (Rule 134 of total 280) .... done (Time = 0.00s, Memory = -8.0K)
    Checking Rule STARC05-2.11.3.1 (Rule 135 of total 280) .... done (Time = 0.00s, Memory = 0.0K)
    Checking Rule STARC05-2.1.3.1 (Rule 136 of total 280) .... done (Time = 0.00s, Memory = 0.0K)
    Checking Rule STARC05-2.10.1.4a (Rule 137 of total 280) .... done (Time = 0.00s, Memory = 0.0K)
    Checking Rule STARC05-2.10.1.4b (Rule 138 of total 280) .... done (Time = 0.00s, Memory = 0.0K)
    Checking Rule sim_race02 (Rule 139 of total 280) .... done (Time = 0.00s, Memory = 0.0K)
    Checking Rule W110 (Rule 140 of total 280) .... done (Time = 0.00s, Memory = 0.0K)
    Checking Rule W122 (Rule 141 of total 280) .... done (Time = 0.00s, Memory = 0.0K)
    Checking Rule W496a (Rule 142 of total 280) .... done (Time = 0.00s, Memory = 0.0K)
    Checking Rule W19 (Rule 143 of total 280) .... done (Time = 0.00s, Memory = 0.0K)
    Checking Rule W66 (Rule 144 of total 280) .... done (Time = 0.00s, Memory = 0.0K)
    Checking Rule W116 (Rule 145 of total 280) .... done (Time = 0.00s, Memory = 0.0K)
    Checking Rule W123 (Rule 146 of total 280) .... done (Time = 0.00s, Memory = 16.0K)
    Checking Rule W156 (Rule 147 of total 280) .... done (Time = 0.00s, Memory = 0.0K)
    Checking Rule W215 (Rule 148 of total 280) .... done (Time = 0.00s, Memory = 8.0K)
    Checking Rule W216 (Rule 149 of total 280) .... done (Time = 0.00s, Memory = 0.0K)
    Checking Rule W218 (Rule 150 of total 280) .... done (Time = 0.00s, Memory = 0.0K)
    Checking Rule W224 (Rule 151 of total 280) .... done (Time = 0.00s, Memory = 0.0K)
    Checking Rule W263 (Rule 152 of total 280) .... done (Time = 0.00s, Memory = 8.0K)
    Checking Rule W289 (Rule 153 of total 280) .... done (Time = 0.00s, Memory = 0.0K)
    Checking Rule W337 (Rule 154 of total 280) .... done (Time = 0.00s, Memory = 0.0K)
    Checking Rule W352 (Rule 155 of total 280) .... done (Time = 0.00s, Memory = 0.0K)
    Checking Rule W362 (Rule 156 of total 280) .... done (Time = 0.00s, Memory = 0.0K)
    Checking Rule W415a (Rule 157 of total 280) .... done (Time = 0.00s, Memory = 0.0K)
    Checking Rule W486 (Rule 158 of total 280) .... done (Time = 0.00s, Memory = 0.0K)
    Checking Rule W499 (Rule 159 of total 280) .... done (Time = 0.00s, Memory = 0.0K)
    Checking Rule W502 (Rule 160 of total 280) .... done (Time = 0.00s, Memory = 0.0K)
    Checking Rule W116 (Rule 161 of total 280) .... done (Time = 0.00s, Memory = 0.0K)
    Checking Rule W122 (Rule 162 of total 280) .... done (Time = 0.00s, Memory = 0.0K)
    Checking Rule W123 (Rule 163 of total 280) .... done (Time = 0.00s, Memory = 0.0K)
    Checking Rule W156 (Rule 164 of total 280) .... done (Time = 0.00s, Memory = 0.0K)
    Checking Rule W71 (Rule 165 of total 280) .... done (Time = 0.00s, Memory = 0.0K)
    Checking Rule W240 (Rule 166 of total 280) .... done (Time = 0.00s, Memory = 0.0K)
    Checking Rule W240 (Rule 167 of total 280) .... done (Time = 0.00s, Memory = 0.0K)
    Checking Rule W287a (Rule 168 of total 280) .... done (Time = 0.00s, Memory = 0.0K)
    Checking Rule W293 (Rule 169 of total 280) .... done (Time = 0.00s, Memory = 0.0K)
    Checking Rule W398 (Rule 170 of total 280) .... done (Time = 0.00s, Memory = 0.0K)
    Checking Rule W424 (Rule 171 of total 280) .... done (Time = 0.00s, Memory = 24.0K)
    Checking Rule W467 (Rule 172 of total 280) .... done (Time = 0.00s, Memory = 0.0K)
    Checking Rule W505 (Rule 173 of total 280) .... done (Time = 0.00s, Memory = -24.0K)
    Checking Rule W505 (Rule 174 of total 280) .... done (Time = 0.00s, Memory = 0.0K)
    Checking Rule W528 (Rule 175 of total 280) .... done (Time = 0.00s, Memory = 0.0K)
    Checking Rule W528 (Rule 176 of total 280) .... done (Time = 0.00s, Memory = 568.0K)
    Checking Rule Prereqs_Usage (Rule 177 of total 280) .... done (Time = 0.00s, Memory = -16.0K)
    Checking Rule Postreqs_CheckFuncTask (Rule 178 of total 280) .... done (Time = 0.00s, Memory = 0.0K)
    Checking Rule Prereqs_ConstantInput-ML (Rule 179 of total 280) .... done (Time = 0.00s, Memory = 16.0K)
    Checking Rule Prereqs_ConstantInput-ML (Rule 180 of total 280) .... done (Time = 0.00s, Memory = 0.0K)
    Checking Rule Prereqs_RptNegEdgeFF-ML (Rule 181 of total 280) .... done (Time = 0.00s, Memory = 0.0K)
    Checking Rule ReportPortInfo-ML (Rule 182 of total 280) .... done (Time = 0.00s, Memory = 0.0K)
    Checking Rule Prereqs_ReportPortInfo-ML (Rule 183 of total 280) .... done (Time = 0.00s, Memory = 0.0K)
    Checking Rule Prereqs_ReportPortInfo-ML (Rule 184 of total 280) .... done (Time = 0.00s, Memory = 0.0K)
    Checking Rule NoAssignX-ML (Rule 185 of total 280) .... done (Time = 0.00s, Memory = 0.0K)
    Checking Rule ParamWidthMismatch-ML (Rule 186 of total 280) .... done (Time = 0.00s, Memory = 0.0K)
    Checking Rule Postreqs_Usage_ML (Rule 187 of total 280) .... done (Time = 0.00s, Memory = 0.0K)
    Checking Rule NoXInCase-ML (Rule 188 of total 280) .... done (Time = 0.00s, Memory = 0.0K)
Checking ELABDU Rules for designUnit ofifo
    Checking Rule Prereqs_STARC-2.3.6.1 (Rule 128 of total 280) .... done (Time = 0.00s, Memory = 0.0K)
    Checking Rule Prereqs_InferLatch (Rule 129 of total 280) .... done (Time = 0.00s, Memory = 0.0K)
    Checking Rule STARC05-2.1.5.3 (Rule 130 of total 280) .... done (Time = 0.00s, Memory = 0.0K)
    Checking Rule STARC05-2.2.3.3 (Rule 131 of total 280) .... done (Time = 0.00s, Memory = 0.0K)
    Checking Rule STARC05-2.3.1.6 (Rule 132 of total 280) .... done (Time = 0.00s, Memory = 0.0K)
    Checking Rule STARC05-2.10.2.3 (Rule 133 of total 280) .... done (Time = 0.00s, Memory = 0.0K)
    Checking Rule STARC05-2.10.3.2a (Rule 134 of total 280) .... done (Time = 0.00s, Memory = 0.0K)
    Checking Rule STARC05-2.11.3.1 (Rule 135 of total 280) .... done (Time = 0.00s, Memory = 0.0K)
    Checking Rule STARC05-2.1.3.1 (Rule 136 of total 280) .... done (Time = 0.00s, Memory = -8.0K)
    Checking Rule STARC05-2.10.1.4a (Rule 137 of total 280) .... done (Time = 0.00s, Memory = 0.0K)
    Checking Rule STARC05-2.10.1.4b (Rule 138 of total 280) .... done (Time = 0.00s, Memory = 0.0K)
    Checking Rule sim_race02 (Rule 139 of total 280) .... done (Time = 0.00s, Memory = -8.0K)
    Checking Rule W110 (Rule 140 of total 280) .... done (Time = 0.00s, Memory = 0.0K)
    Checking Rule W122 (Rule 141 of total 280) .... done (Time = 0.00s, Memory = 0.0K)
    Checking Rule W496a (Rule 142 of total 280) .... done (Time = 0.00s, Memory = 0.0K)
    Checking Rule W19 (Rule 143 of total 280) .... done (Time = 0.00s, Memory = 0.0K)
    Checking Rule W66 (Rule 144 of total 280) .... done (Time = 0.00s, Memory = 0.0K)
    Checking Rule W116 (Rule 145 of total 280) .... done (Time = 0.00s, Memory = 0.0K)
    Checking Rule W123 (Rule 146 of total 280) .... done (Time = 0.00s, Memory = 16.0K)
    Checking Rule W156 (Rule 147 of total 280) .... done (Time = 0.00s, Memory = 24.0K)
    Checking Rule W215 (Rule 148 of total 280) .... done (Time = 0.00s, Memory = 0.0K)
    Checking Rule W216 (Rule 149 of total 280) .... done (Time = 0.00s, Memory = 0.0K)
    Checking Rule W218 (Rule 150 of total 280) .... done (Time = 0.00s, Memory = 0.0K)
    Checking Rule W224 (Rule 151 of total 280) .... done (Time = 0.00s, Memory = 0.0K)
    Checking Rule W263 (Rule 152 of total 280) .... done (Time = 0.00s, Memory = 0.0K)
    Checking Rule W289 (Rule 153 of total 280) .... done (Time = 0.00s, Memory = 0.0K)
    Checking Rule W337 (Rule 154 of total 280) .... done (Time = 0.00s, Memory = 0.0K)
    Checking Rule W352 (Rule 155 of total 280) .... done (Time = 0.00s, Memory = 0.0K)
    Checking Rule W362 (Rule 156 of total 280) .... done (Time = 0.00s, Memory = 0.0K)
    Checking Rule W415a (Rule 157 of total 280) .... done (Time = 0.00s, Memory = 0.0K)
    Checking Rule W486 (Rule 158 of total 280) .... done (Time = 0.00s, Memory = 0.0K)
    Checking Rule W499 (Rule 159 of total 280) .... done (Time = 0.00s, Memory = 0.0K)
    Checking Rule W502 (Rule 160 of total 280) .... done (Time = 0.00s, Memory = 0.0K)
    Checking Rule W116 (Rule 161 of total 280) .... done (Time = 0.00s, Memory = 0.0K)
    Checking Rule W122 (Rule 162 of total 280) .... done (Time = 0.00s, Memory = 0.0K)
    Checking Rule W123 (Rule 163 of total 280) .... done (Time = 0.00s, Memory = 0.0K)
    Checking Rule W156 (Rule 164 of total 280) .... done (Time = 0.00s, Memory = 0.0K)
    Checking Rule W71 (Rule 165 of total 280) .... done (Time = 0.00s, Memory = 0.0K)
    Checking Rule W240 (Rule 166 of total 280) .... done (Time = 0.00s, Memory = 0.0K)
    Checking Rule W240 (Rule 167 of total 280) .... done (Time = 0.00s, Memory = 0.0K)
    Checking Rule W287a (Rule 168 of total 280) .... done (Time = 0.00s, Memory = 0.0K)
    Checking Rule W293 (Rule 169 of total 280) .... done (Time = 0.00s, Memory = 0.0K)
    Checking Rule W398 (Rule 170 of total 280) .... done (Time = 0.00s, Memory = 0.0K)
    Checking Rule W424 (Rule 171 of total 280) .... done (Time = 0.00s, Memory = 0.0K)
    Checking Rule W467 (Rule 172 of total 280) .... done (Time = 0.00s, Memory = 0.0K)
    Checking Rule W505 (Rule 173 of total 280) .... done (Time = 0.00s, Memory = 0.0K)
    Checking Rule W505 (Rule 174 of total 280) .... done (Time = 0.00s, Memory = 0.0K)
    Checking Rule W528 (Rule 175 of total 280) .... done (Time = 0.00s, Memory = -24.0K)
    Checking Rule W528 (Rule 176 of total 280) .... done (Time = 0.00s, Memory = 568.0K)
    Checking Rule Prereqs_Usage (Rule 177 of total 280) .... done (Time = 0.00s, Memory = -16.0K)
    Checking Rule Postreqs_CheckFuncTask (Rule 178 of total 280) .... done (Time = 0.00s, Memory = 0.0K)
    Checking Rule Prereqs_ConstantInput-ML (Rule 179 of total 280) .... done (Time = 0.00s, Memory = 0.0K)
    Checking Rule Prereqs_ConstantInput-ML (Rule 180 of total 280) .... done (Time = 0.00s, Memory = 0.0K)
    Checking Rule Prereqs_RptNegEdgeFF-ML (Rule 181 of total 280) .... done (Time = 0.00s, Memory = 0.0K)
    Checking Rule ReportPortInfo-ML (Rule 182 of total 280) .... done (Time = 0.00s, Memory = -32.0K)
    Checking Rule Prereqs_ReportPortInfo-ML (Rule 183 of total 280) .... done (Time = 0.00s, Memory = 0.0K)
    Checking Rule Prereqs_ReportPortInfo-ML (Rule 184 of total 280) .... done (Time = 0.00s, Memory = -8.0K)
    Checking Rule NoAssignX-ML (Rule 185 of total 280) .... done (Time = 0.00s, Memory = 0.0K)
    Checking Rule ParamWidthMismatch-ML (Rule 186 of total 280) .... done (Time = 0.00s, Memory = 8.0K)
    Checking Rule Postreqs_Usage_ML (Rule 187 of total 280) .... done (Time = 0.00s, Memory = 0.0K)
    Checking Rule NoXInCase-ML (Rule 188 of total 280) .... done (Time = 0.00s, Memory = 0.0K)
Checking ELABDU Rules for designUnit fifo_depth16
    Checking Rule Prereqs_STARC-2.3.6.1 (Rule 128 of total 280) .... done (Time = 0.00s, Memory = 0.0K)
    Checking Rule Prereqs_InferLatch (Rule 129 of total 280) .... done (Time = 0.00s, Memory = 0.0K)
    Checking Rule STARC05-2.1.5.3 (Rule 130 of total 280) .... done (Time = 0.00s, Memory = 0.0K)
    Checking Rule STARC05-2.2.3.3 (Rule 131 of total 280) .... done (Time = 0.00s, Memory = 0.0K)
    Checking Rule STARC05-2.3.1.6 (Rule 132 of total 280) .... done (Time = 0.00s, Memory = 0.0K)
    Checking Rule STARC05-2.10.2.3 (Rule 133 of total 280) .... done (Time = 0.00s, Memory = 0.0K)
    Checking Rule STARC05-2.10.3.2a (Rule 134 of total 280) .... done (Time = 0.00s, Memory = -24.0K)
    Checking Rule STARC05-2.11.3.1 (Rule 135 of total 280) .... done (Time = 0.00s, Memory = 0.0K)
    Checking Rule STARC05-2.1.3.1 (Rule 136 of total 280) .... done (Time = 0.00s, Memory = 0.0K)
    Checking Rule STARC05-2.10.1.4a (Rule 137 of total 280) .... done (Time = 0.00s, Memory = 0.0K)
    Checking Rule STARC05-2.10.1.4b (Rule 138 of total 280) .... done (Time = 0.00s, Memory = 0.0K)
    Checking Rule sim_race02 (Rule 139 of total 280) .... done (Time = 0.00s, Memory = 0.0K)
    Checking Rule W110 (Rule 140 of total 280) .... done (Time = 0.00s, Memory = 0.0K)
    Checking Rule W122 (Rule 141 of total 280) .... done (Time = 0.00s, Memory = 0.0K)
    Checking Rule W496a (Rule 142 of total 280) .... done (Time = 0.00s, Memory = 0.0K)
    Checking Rule W19 (Rule 143 of total 280) .... done (Time = 0.00s, Memory = 0.0K)
    Checking Rule W66 (Rule 144 of total 280) .... done (Time = 0.00s, Memory = 24.0K)
    Checking Rule W116 (Rule 145 of total 280) .... done (Time = 0.00s, Memory = 0.0K)
    Checking Rule W123 (Rule 146 of total 280) .... done (Time = 0.00s, Memory = -8.0K)
    Checking Rule W156 (Rule 147 of total 280) .... done (Time = 0.00s, Memory = 0.0K)
    Checking Rule W215 (Rule 148 of total 280) .... done (Time = 0.00s, Memory = 0.0K)
    Checking Rule W216 (Rule 149 of total 280) .... done (Time = 0.00s, Memory = 0.0K)
    Checking Rule W218 (Rule 150 of total 280) .... done (Time = 0.00s, Memory = 0.0K)
    Checking Rule W224 (Rule 151 of total 280) .... done (Time = 0.00s, Memory = 0.0K)
    Checking Rule W263 (Rule 152 of total 280) .... done (Time = 0.00s, Memory = 0.0K)
    Checking Rule W289 (Rule 153 of total 280) .... done (Time = 0.00s, Memory = 0.0K)
    Checking Rule W337 (Rule 154 of total 280) .... done (Time = 0.00s, Memory = 0.0K)
    Checking Rule W352 (Rule 155 of total 280) .... done (Time = 0.00s, Memory = 0.0K)
    Checking Rule W362 (Rule 156 of total 280) .... done (Time = 0.00s, Memory = 0.0K)
    Checking Rule W415a (Rule 157 of total 280) .... done (Time = 0.00s, Memory = 0.0K)
    Checking Rule W486 (Rule 158 of total 280) .... done (Time = 0.00s, Memory = -8.0K)
    Checking Rule W499 (Rule 159 of total 280) .... done (Time = 0.00s, Memory = 0.0K)
    Checking Rule W502 (Rule 160 of total 280) .... done (Time = 0.00s, Memory = 0.0K)
    Checking Rule W116 (Rule 161 of total 280) .... done (Time = 0.00s, Memory = 0.0K)
    Checking Rule W122 (Rule 162 of total 280) .... done (Time = 0.00s, Memory = 0.0K)
    Checking Rule W123 (Rule 163 of total 280) .... done (Time = 0.00s, Memory = 0.0K)
    Checking Rule W156 (Rule 164 of total 280) .... done (Time = 0.00s, Memory = 0.0K)
    Checking Rule W71 (Rule 165 of total 280) .... done (Time = 0.00s, Memory = 0.0K)
    Checking Rule W240 (Rule 166 of total 280) .... done (Time = 0.00s, Memory = 0.0K)
    Checking Rule W240 (Rule 167 of total 280) .... done (Time = 0.00s, Memory = 0.0K)
    Checking Rule W287a (Rule 168 of total 280) .... done (Time = 0.00s, Memory = 0.0K)
    Checking Rule W293 (Rule 169 of total 280) .... done (Time = 0.00s, Memory = 0.0K)
    Checking Rule W398 (Rule 170 of total 280) .... done (Time = 0.00s, Memory = 0.0K)
    Checking Rule W424 (Rule 171 of total 280) .... done (Time = 0.00s, Memory = 0.0K)
    Checking Rule W467 (Rule 172 of total 280) .... done (Time = 0.00s, Memory = -24.0K)
    Checking Rule W505 (Rule 173 of total 280) .... done (Time = 0.00s, Memory = 0.0K)
    Checking Rule W505 (Rule 174 of total 280) .... done (Time = 0.00s, Memory = 0.0K)
    Checking Rule W528 (Rule 175 of total 280) .... done (Time = 0.00s, Memory = 0.0K)
    Checking Rule W528 (Rule 176 of total 280) .... done (Time = 0.00s, Memory = 568.0K)
    Checking Rule Prereqs_Usage (Rule 177 of total 280) .... done (Time = 0.00s, Memory = -16.0K)
    Checking Rule Postreqs_CheckFuncTask (Rule 178 of total 280) .... done (Time = 0.00s, Memory = 0.0K)
    Checking Rule Prereqs_ConstantInput-ML (Rule 179 of total 280) .... done (Time = 0.00s, Memory = 32.0K)
    Checking Rule Prereqs_ConstantInput-ML (Rule 180 of total 280) .... done (Time = 0.00s, Memory = 0.0K)
    Checking Rule Prereqs_RptNegEdgeFF-ML (Rule 181 of total 280) .... done (Time = 0.00s, Memory = 0.0K)
    Checking Rule ReportPortInfo-ML (Rule 182 of total 280) .... done (Time = 0.00s, Memory = 0.0K)
    Checking Rule Prereqs_ReportPortInfo-ML (Rule 183 of total 280) .... done (Time = 0.00s, Memory = 0.0K)
    Checking Rule Prereqs_ReportPortInfo-ML (Rule 184 of total 280) .... done (Time = 0.00s, Memory = 0.0K)
    Checking Rule NoAssignX-ML (Rule 185 of total 280) .... done (Time = 0.00s, Memory = 0.0K)
    Checking Rule ParamWidthMismatch-ML (Rule 186 of total 280) .... done (Time = 0.00s, Memory = 0.0K)
    Checking Rule Postreqs_Usage_ML (Rule 187 of total 280) .... done (Time = 0.00s, Memory = 0.0K)
    Checking Rule NoXInCase-ML (Rule 188 of total 280) .... done (Time = 0.00s, Memory = 0.0K)
Checking ELABDU Rules for designUnit fifo_mux_16_1
    Checking Rule Prereqs_STARC-2.3.6.1 (Rule 128 of total 280) .... done (Time = 0.00s, Memory = 0.0K)
    Checking Rule Prereqs_InferLatch (Rule 129 of total 280) .... done (Time = 0.00s, Memory = -8.0K)
    Checking Rule STARC05-2.1.5.3 (Rule 130 of total 280) .... done (Time = 0.00s, Memory = 0.0K)
    Checking Rule STARC05-2.2.3.3 (Rule 131 of total 280) .... done (Time = 0.00s, Memory = 0.0K)
    Checking Rule STARC05-2.3.1.6 (Rule 132 of total 280) .... done (Time = 0.00s, Memory = 0.0K)
    Checking Rule STARC05-2.10.2.3 (Rule 133 of total 280) .... done (Time = 0.00s, Memory = 8.0K)
    Checking Rule STARC05-2.10.3.2a (Rule 134 of total 280) .... done (Time = 0.00s, Memory = 0.0K)
    Checking Rule STARC05-2.11.3.1 (Rule 135 of total 280) .... done (Time = 0.00s, Memory = -8.0K)
    Checking Rule STARC05-2.1.3.1 (Rule 136 of total 280) .... done (Time = 0.00s, Memory = 0.0K)
    Checking Rule STARC05-2.10.1.4a (Rule 137 of total 280) .... done (Time = 0.00s, Memory = 0.0K)
    Checking Rule STARC05-2.10.1.4b (Rule 138 of total 280) .... done (Time = 0.00s, Memory = 0.0K)
    Checking Rule sim_race02 (Rule 139 of total 280) .... done (Time = 0.00s, Memory = -8.0K)
    Checking Rule W110 (Rule 140 of total 280) .... done (Time = 0.00s, Memory = 0.0K)
    Checking Rule W122 (Rule 141 of total 280) .... done (Time = 0.00s, Memory = 0.0K)
    Checking Rule W496a (Rule 142 of total 280) .... done (Time = 0.00s, Memory = 0.0K)
    Checking Rule W19 (Rule 143 of total 280) .... done (Time = 0.00s, Memory = 0.0K)
    Checking Rule W66 (Rule 144 of total 280) .... done (Time = 0.00s, Memory = 0.0K)
    Checking Rule W116 (Rule 145 of total 280) .... done (Time = 0.00s, Memory = 0.0K)
    Checking Rule W123 (Rule 146 of total 280) .... done (Time = 0.00s, Memory = 16.0K)
    Checking Rule W156 (Rule 147 of total 280) .... done (Time = 0.00s, Memory = 0.0K)
    Checking Rule W215 (Rule 148 of total 280) .... done (Time = 0.00s, Memory = 0.0K)
    Checking Rule W216 (Rule 149 of total 280) .... done (Time = 0.00s, Memory = -8.0K)
    Checking Rule W218 (Rule 150 of total 280) .... done (Time = 0.00s, Memory = -24.0K)
    Checking Rule W224 (Rule 151 of total 280) .... done (Time = 0.00s, Memory = 0.0K)
    Checking Rule W263 (Rule 152 of total 280) .... done (Time = 0.01s, Memory = 0.0K)
    Checking Rule W289 (Rule 153 of total 280) .... done (Time = 0.00s, Memory = 0.0K)
    Checking Rule W337 (Rule 154 of total 280) .... done (Time = 0.00s, Memory = 0.0K)
    Checking Rule W352 (Rule 155 of total 280) .... done (Time = 0.00s, Memory = 0.0K)
    Checking Rule W362 (Rule 156 of total 280) .... done (Time = 0.00s, Memory = 0.0K)
    Checking Rule W415a (Rule 157 of total 280) .... done (Time = 0.00s, Memory = 0.0K)
    Checking Rule W486 (Rule 158 of total 280) .... done (Time = 0.00s, Memory = 0.0K)
    Checking Rule W499 (Rule 159 of total 280) .... done (Time = 0.00s, Memory = 0.0K)
    Checking Rule W502 (Rule 160 of total 280) .... done (Time = 0.00s, Memory = 0.0K)
    Checking Rule W116 (Rule 161 of total 280) .... done (Time = 0.00s, Memory = 0.0K)
    Checking Rule W122 (Rule 162 of total 280) .... done (Time = 0.00s, Memory = 0.0K)
    Checking Rule W123 (Rule 163 of total 280) .... done (Time = 0.00s, Memory = 0.0K)
    Checking Rule W156 (Rule 164 of total 280) .... done (Time = 0.00s, Memory = 0.0K)
    Checking Rule W71 (Rule 165 of total 280) .... done (Time = 0.00s, Memory = 0.0K)
    Checking Rule W240 (Rule 166 of total 280) .... done (Time = 0.00s, Memory = 0.0K)
    Checking Rule W240 (Rule 167 of total 280) .... done (Time = 0.00s, Memory = 0.0K)
    Checking Rule W287a (Rule 168 of total 280) .... done (Time = 0.00s, Memory = 24.0K)
    Checking Rule W293 (Rule 169 of total 280) .... done (Time = 0.00s, Memory = 0.0K)
    Checking Rule W398 (Rule 170 of total 280) .... done (Time = 0.00s, Memory = 0.0K)
    Checking Rule W424 (Rule 171 of total 280) .... done (Time = 0.00s, Memory = 0.0K)
    Checking Rule W467 (Rule 172 of total 280) .... done (Time = 0.00s, Memory = 0.0K)
    Checking Rule W505 (Rule 173 of total 280) .... done (Time = 0.00s, Memory = 0.0K)
    Checking Rule W505 (Rule 174 of total 280) .... done (Time = 0.00s, Memory = 0.0K)
    Checking Rule W528 (Rule 175 of total 280) .... done (Time = 0.00s, Memory = 0.0K)
    Checking Rule W528 (Rule 176 of total 280) .... done (Time = 0.00s, Memory = 568.0K)
    Checking Rule Prereqs_Usage (Rule 177 of total 280) .... done (Time = 0.00s, Memory = -16.0K)
    Checking Rule Postreqs_CheckFuncTask (Rule 178 of total 280) .... done (Time = 0.00s, Memory = 0.0K)
    Checking Rule Prereqs_ConstantInput-ML (Rule 179 of total 280) .... done (Time = 0.00s, Memory = -32.0K)
    Checking Rule Prereqs_ConstantInput-ML (Rule 180 of total 280) .... done (Time = 0.00s, Memory = 0.0K)
    Checking Rule Prereqs_RptNegEdgeFF-ML (Rule 181 of total 280) .... done (Time = 0.00s, Memory = 0.0K)
    Checking Rule ReportPortInfo-ML (Rule 182 of total 280) .... done (Time = 0.00s, Memory = 0.0K)
    Checking Rule Prereqs_ReportPortInfo-ML (Rule 183 of total 280) .... done (Time = 0.00s, Memory = 0.0K)
    Checking Rule Prereqs_ReportPortInfo-ML (Rule 184 of total 280) .... done (Time = 0.00s, Memory = 0.0K)
    Checking Rule NoAssignX-ML (Rule 185 of total 280) .... done (Time = 0.00s, Memory = 0.0K)
    Checking Rule ParamWidthMismatch-ML (Rule 186 of total 280) .... done (Time = 0.00s, Memory = 8.0K)
    Checking Rule Postreqs_Usage_ML (Rule 187 of total 280) .... done (Time = 0.00s, Memory = 0.0K)
    Checking Rule NoXInCase-ML (Rule 188 of total 280) .... done (Time = 0.00s, Memory = 0.0K)
Checking ELABDU Rules for designUnit fifo_mux_8_1
    Checking Rule Prereqs_STARC-2.3.6.1 (Rule 128 of total 280) .... done (Time = 0.00s, Memory = 0.0K)
    Checking Rule Prereqs_InferLatch (Rule 129 of total 280) .... done (Time = 0.00s, Memory = 0.0K)
    Checking Rule STARC05-2.1.5.3 (Rule 130 of total 280) .... done (Time = 0.00s, Memory = 0.0K)
    Checking Rule STARC05-2.2.3.3 (Rule 131 of total 280) .... done (Time = 0.00s, Memory = 0.0K)
    Checking Rule STARC05-2.3.1.6 (Rule 132 of total 280) .... done (Time = 0.00s, Memory = 24.0K)
    Checking Rule STARC05-2.10.2.3 (Rule 133 of total 280) .... done (Time = 0.00s, Memory = 0.0K)
    Checking Rule STARC05-2.10.3.2a (Rule 134 of total 280) .... done (Time = 0.00s, Memory = -32.0K)
    Checking Rule STARC05-2.11.3.1 (Rule 135 of total 280) .... done (Time = 0.00s, Memory = 0.0K)
    Checking Rule STARC05-2.1.3.1 (Rule 136 of total 280) .... done (Time = 0.00s, Memory = 0.0K)
    Checking Rule STARC05-2.10.1.4a (Rule 137 of total 280) .... done (Time = 0.00s, Memory = 0.0K)
    Checking Rule STARC05-2.10.1.4b (Rule 138 of total 280) .... done (Time = 0.00s, Memory = 0.0K)
    Checking Rule sim_race02 (Rule 139 of total 280) .... done (Time = 0.00s, Memory = 0.0K)
    Checking Rule W110 (Rule 140 of total 280) .... done (Time = 0.00s, Memory = 0.0K)
    Checking Rule W122 (Rule 141 of total 280) .... done (Time = 0.00s, Memory = 0.0K)
    Checking Rule W496a (Rule 142 of total 280) .... done (Time = 0.00s, Memory = 0.0K)
    Checking Rule W19 (Rule 143 of total 280) .... done (Time = 0.00s, Memory = 0.0K)
    Checking Rule W66 (Rule 144 of total 280) .... done (Time = 0.00s, Memory = 0.0K)
    Checking Rule W116 (Rule 145 of total 280) .... done (Time = 0.00s, Memory = 8.0K)
    Checking Rule W123 (Rule 146 of total 280) .... done (Time = 0.00s, Memory = -16.0K)
    Checking Rule W156 (Rule 147 of total 280) .... done (Time = 0.01s, Memory = 0.0K)
    Checking Rule W215 (Rule 148 of total 280) .... done (Time = 0.00s, Memory = 0.0K)
    Checking Rule W216 (Rule 149 of total 280) .... done (Time = 0.00s, Memory = 0.0K)
    Checking Rule W218 (Rule 150 of total 280) .... done (Time = 0.00s, Memory = 0.0K)
    Checking Rule W224 (Rule 151 of total 280) .... done (Time = 0.00s, Memory = 0.0K)
    Checking Rule W263 (Rule 152 of total 280) .... done (Time = 0.00s, Memory = 0.0K)
    Checking Rule W289 (Rule 153 of total 280) .... done (Time = 0.00s, Memory = 0.0K)
    Checking Rule W337 (Rule 154 of total 280) .... done (Time = 0.00s, Memory = 0.0K)
    Checking Rule W352 (Rule 155 of total 280) .... done (Time = 0.00s, Memory = 0.0K)
    Checking Rule W362 (Rule 156 of total 280) .... done (Time = 0.00s, Memory = 0.0K)
    Checking Rule W415a (Rule 157 of total 280) .... done (Time = 0.00s, Memory = 0.0K)
    Checking Rule W486 (Rule 158 of total 280) .... done (Time = 0.00s, Memory = 0.0K)
    Checking Rule W499 (Rule 159 of total 280) .... done (Time = 0.00s, Memory = 0.0K)
    Checking Rule W502 (Rule 160 of total 280) .... done (Time = 0.00s, Memory = 0.0K)
    Checking Rule W116 (Rule 161 of total 280) .... done (Time = 0.00s, Memory = 0.0K)
    Checking Rule W122 (Rule 162 of total 280) .... done (Time = 0.00s, Memory = 0.0K)
    Checking Rule W123 (Rule 163 of total 280) .... done (Time = 0.00s, Memory = 0.0K)
    Checking Rule W156 (Rule 164 of total 280) .... done (Time = 0.00s, Memory = 0.0K)
    Checking Rule W71 (Rule 165 of total 280) .... done (Time = 0.00s, Memory = -24.0K)
    Checking Rule W240 (Rule 166 of total 280) .... done (Time = 0.00s, Memory = 0.0K)
    Checking Rule W240 (Rule 167 of total 280) .... done (Time = 0.00s, Memory = 0.0K)
    Checking Rule W287a (Rule 168 of total 280) .... done (Time = 0.00s, Memory = 8.0K)
    Checking Rule W293 (Rule 169 of total 280) .... done (Time = 0.00s, Memory = 0.0K)
    Checking Rule W398 (Rule 170 of total 280) .... done (Time = 0.00s, Memory = 0.0K)
    Checking Rule W424 (Rule 171 of total 280) .... done (Time = 0.00s, Memory = 0.0K)
    Checking Rule W467 (Rule 172 of total 280) .... done (Time = 0.00s, Memory = 0.0K)
    Checking Rule W505 (Rule 173 of total 280) .... done (Time = 0.00s, Memory = 0.0K)
    Checking Rule W505 (Rule 174 of total 280) .... done (Time = 0.00s, Memory = 0.0K)
    Checking Rule W528 (Rule 175 of total 280) .... done (Time = 0.00s, Memory = 0.0K)
    Checking Rule W528 (Rule 176 of total 280) .... done (Time = 0.00s, Memory = 568.0K)
    Checking Rule Prereqs_Usage (Rule 177 of total 280) .... done (Time = 0.00s, Memory = -16.0K)
    Checking Rule Postreqs_CheckFuncTask (Rule 178 of total 280) .... done (Time = 0.00s, Memory = 0.0K)
    Checking Rule Prereqs_ConstantInput-ML (Rule 179 of total 280) .... done (Time = 0.00s, Memory = 0.0K)
    Checking Rule Prereqs_ConstantInput-ML (Rule 180 of total 280) .... done (Time = 0.00s, Memory = 0.0K)
    Checking Rule Prereqs_RptNegEdgeFF-ML (Rule 181 of total 280) .... done (Time = 0.00s, Memory = 0.0K)
    Checking Rule ReportPortInfo-ML (Rule 182 of total 280) .... done (Time = 0.00s, Memory = 0.0K)
    Checking Rule Prereqs_ReportPortInfo-ML (Rule 183 of total 280) .... done (Time = 0.00s, Memory = 0.0K)
    Checking Rule Prereqs_ReportPortInfo-ML (Rule 184 of total 280) .... done (Time = 0.00s, Memory = 0.0K)
    Checking Rule NoAssignX-ML (Rule 185 of total 280) .... done (Time = 0.00s, Memory = -24.0K)
    Checking Rule ParamWidthMismatch-ML (Rule 186 of total 280) .... done (Time = 0.00s, Memory = 0.0K)
    Checking Rule Postreqs_Usage_ML (Rule 187 of total 280) .... done (Time = 0.00s, Memory = 0.0K)
    Checking Rule NoXInCase-ML (Rule 188 of total 280) .... done (Time = 0.00s, Memory = 0.0K)
Checking ELABDU Rules for designUnit fifo_mux_2_1
    Checking Rule Prereqs_STARC-2.3.6.1 (Rule 128 of total 280) .... done (Time = 0.00s, Memory = 0.0K)
    Checking Rule Prereqs_InferLatch (Rule 129 of total 280) .... done (Time = 0.00s, Memory = 0.0K)
    Checking Rule STARC05-2.1.5.3 (Rule 130 of total 280) .... done (Time = 0.00s, Memory = 0.0K)
    Checking Rule STARC05-2.2.3.3 (Rule 131 of total 280) .... done (Time = 0.00s, Memory = 0.0K)
    Checking Rule STARC05-2.3.1.6 (Rule 132 of total 280) .... done (Time = 0.00s, Memory = 0.0K)
    Checking Rule STARC05-2.10.2.3 (Rule 133 of total 280) .... done (Time = 0.00s, Memory = 0.0K)
    Checking Rule STARC05-2.10.3.2a (Rule 134 of total 280) .... done (Time = 0.00s, Memory = 0.0K)
    Checking Rule STARC05-2.11.3.1 (Rule 135 of total 280) .... done (Time = 0.00s, Memory = 0.0K)
    Checking Rule STARC05-2.1.3.1 (Rule 136 of total 280) .... done (Time = 0.00s, Memory = 0.0K)
    Checking Rule STARC05-2.10.1.4a (Rule 137 of total 280) .... done (Time = 0.00s, Memory = 0.0K)
    Checking Rule STARC05-2.10.1.4b (Rule 138 of total 280) .... done (Time = 0.00s, Memory = 0.0K)
    Checking Rule sim_race02 (Rule 139 of total 280) .... done (Time = 0.00s, Memory = 0.0K)
    Checking Rule W110 (Rule 140 of total 280) .... done (Time = 0.00s, Memory = 0.0K)
    Checking Rule W122 (Rule 141 of total 280) .... done (Time = 0.00s, Memory = 0.0K)
    Checking Rule W496a (Rule 142 of total 280) .... done (Time = 0.00s, Memory = -8.0K)
    Checking Rule W19 (Rule 143 of total 280) .... done (Time = 0.00s, Memory = 0.0K)
    Checking Rule W66 (Rule 144 of total 280) .... done (Time = 0.00s, Memory = 0.0K)
    Checking Rule W116 (Rule 145 of total 280) .... done (Time = 0.00s, Memory = 0.0K)
    Checking Rule W123 (Rule 146 of total 280) .... done (Time = 0.00s, Memory = 16.0K)
    Checking Rule W156 (Rule 147 of total 280) .... done (Time = 0.00s, Memory = 0.0K)
    Checking Rule W215 (Rule 148 of total 280) .... done (Time = 0.00s, Memory = 32.0K)
    Checking Rule W216 (Rule 149 of total 280) .... done (Time = 0.00s, Memory = 0.0K)
    Checking Rule W218 (Rule 150 of total 280) .... done (Time = 0.00s, Memory = 0.0K)
    Checking Rule W224 (Rule 151 of total 280) .... done (Time = 0.00s, Memory = 0.0K)
    Checking Rule W263 (Rule 152 of total 280) .... done (Time = 0.00s, Memory = 0.0K)
    Checking Rule W289 (Rule 153 of total 280) .... done (Time = 0.00s, Memory = 0.0K)
    Checking Rule W337 (Rule 154 of total 280) .... done (Time = 0.00s, Memory = 0.0K)
    Checking Rule W352 (Rule 155 of total 280) .... done (Time = 0.00s, Memory = 0.0K)
    Checking Rule W362 (Rule 156 of total 280) .... done (Time = 0.00s, Memory = 0.0K)
    Checking Rule W415a (Rule 157 of total 280) .... done (Time = 0.00s, Memory = 0.0K)
    Checking Rule W486 (Rule 158 of total 280) .... done (Time = 0.00s, Memory = -8.0K)
    Checking Rule W499 (Rule 159 of total 280) .... done (Time = 0.00s, Memory = -24.0K)
    Checking Rule W502 (Rule 160 of total 280) .... done (Time = 0.00s, Memory = 8.0K)
    Checking Rule W116 (Rule 161 of total 280) .... done (Time = 0.00s, Memory = 0.0K)
    Checking Rule W122 (Rule 162 of total 280) .... done (Time = 0.00s, Memory = 0.0K)
    Checking Rule W123 (Rule 163 of total 280) .... done (Time = 0.00s, Memory = 0.0K)
    Checking Rule W156 (Rule 164 of total 280) .... done (Time = 0.00s, Memory = 0.0K)
    Checking Rule W71 (Rule 165 of total 280) .... done (Time = 0.00s, Memory = 0.0K)
    Checking Rule W240 (Rule 166 of total 280) .... done (Time = 0.00s, Memory = 0.0K)
    Checking Rule W240 (Rule 167 of total 280) .... done (Time = 0.00s, Memory = 0.0K)
    Checking Rule W287a (Rule 168 of total 280) .... done (Time = 0.00s, Memory = 0.0K)
    Checking Rule W293 (Rule 169 of total 280) .... done (Time = 0.00s, Memory = 0.0K)
    Checking Rule W398 (Rule 170 of total 280) .... done (Time = 0.00s, Memory = 0.0K)
    Checking Rule W424 (Rule 171 of total 280) .... done (Time = 0.00s, Memory = 0.0K)
    Checking Rule W467 (Rule 172 of total 280) .... done (Time = 0.00s, Memory = 0.0K)
    Checking Rule W505 (Rule 173 of total 280) .... done (Time = 0.00s, Memory = 0.0K)
    Checking Rule W505 (Rule 174 of total 280) .... done (Time = 0.00s, Memory = 0.0K)
    Checking Rule W528 (Rule 175 of total 280) .... done (Time = 0.00s, Memory = 0.0K)
    Checking Rule W528 (Rule 176 of total 280) .... done (Time = 0.00s, Memory = 568.0K)
    Checking Rule Prereqs_Usage (Rule 177 of total 280) .... done (Time = 0.00s, Memory = -16.0K)
    Checking Rule Postreqs_CheckFuncTask (Rule 178 of total 280) .... done (Time = 0.00s, Memory = 0.0K)
    Checking Rule Prereqs_ConstantInput-ML (Rule 179 of total 280) .... done (Time = 0.00s, Memory = 0.0K)
    Checking Rule Prereqs_ConstantInput-ML (Rule 180 of total 280) .... done (Time = 0.00s, Memory = 0.0K)
    Checking Rule Prereqs_RptNegEdgeFF-ML (Rule 181 of total 280) .... done (Time = 0.00s, Memory = 0.0K)
    Checking Rule ReportPortInfo-ML (Rule 182 of total 280) .... done (Time = 0.00s, Memory = 0.0K)
    Checking Rule Prereqs_ReportPortInfo-ML (Rule 183 of total 280) .... done (Time = 0.00s, Memory = 0.0K)
    Checking Rule Prereqs_ReportPortInfo-ML (Rule 184 of total 280) .... done (Time = 0.00s, Memory = 0.0K)
    Checking Rule NoAssignX-ML (Rule 185 of total 280) .... done (Time = 0.00s, Memory = 8.0K)
    Checking Rule ParamWidthMismatch-ML (Rule 186 of total 280) .... done (Time = 0.00s, Memory = 0.0K)
    Checking Rule Postreqs_Usage_ML (Rule 187 of total 280) .... done (Time = 0.00s, Memory = 0.0K)
    Checking Rule NoXInCase-ML (Rule 188 of total 280) .... done (Time = 0.00s, Memory = 0.0K)
Checking ELABDU Rules for designUnit WORK_sram_w16_64
    Checking Rule Prereqs_STARC-2.3.6.1 (Rule 128 of total 280) .... done (Time = 0.00s, Memory = 0.0K)
    Checking Rule Prereqs_InferLatch (Rule 129 of total 280) .... done (Time = 0.00s, Memory = 0.0K)
    Checking Rule STARC05-2.1.5.3 (Rule 130 of total 280) .... done (Time = 0.00s, Memory = 0.0K)
    Checking Rule STARC05-2.2.3.3 (Rule 131 of total 280) .... done (Time = 0.01s, Memory = 32.0K)
    Checking Rule STARC05-2.3.1.6 (Rule 132 of total 280) .... done (Time = 0.00s, Memory = 32.0K)
    Checking Rule STARC05-2.10.2.3 (Rule 133 of total 280) .... done (Time = 0.00s, Memory = 0.0K)
    Checking Rule STARC05-2.10.3.2a (Rule 134 of total 280) .... done (Time = 0.00s, Memory = 0.0K)
    Checking Rule STARC05-2.11.3.1 (Rule 135 of total 280) .... done (Time = 0.00s, Memory = 0.0K)
    Checking Rule STARC05-2.1.3.1 (Rule 136 of total 280) .... done (Time = 0.00s, Memory = 0.0K)
    Checking Rule STARC05-2.10.1.4a (Rule 137 of total 280) .... done (Time = 0.00s, Memory = 0.0K)
    Checking Rule STARC05-2.10.1.4b (Rule 138 of total 280) .... done (Time = 0.00s, Memory = 0.0K)
    Checking Rule sim_race02 (Rule 139 of total 280) .... done (Time = 0.00s, Memory = 0.0K)
    Checking Rule W110 (Rule 140 of total 280) .... done (Time = 0.00s, Memory = 0.0K)
    Checking Rule W122 (Rule 141 of total 280) .... done (Time = 0.00s, Memory = 0.0K)
    Checking Rule W496a (Rule 142 of total 280) .... done (Time = 0.00s, Memory = 24.0K)
    Checking Rule W19 (Rule 143 of total 280) .... done (Time = 0.00s, Memory = 0.0K)
    Checking Rule W66 (Rule 144 of total 280) .... done (Time = 0.00s, Memory = -32.0K)
    Checking Rule W116 (Rule 145 of total 280) .... done (Time = 0.00s, Memory = 8.0K)
    Checking Rule W123 (Rule 146 of total 280) .... done (Time = 0.00s, Memory = 16.0K)
    Checking Rule W156 (Rule 147 of total 280) .... done (Time = 0.00s, Memory = 0.0K)
    Checking Rule W215 (Rule 148 of total 280) .... done (Time = 0.00s, Memory = 0.0K)
    Checking Rule W216 (Rule 149 of total 280) .... done (Time = 0.00s, Memory = 0.0K)
    Checking Rule W218 (Rule 150 of total 280) .... done (Time = 0.00s, Memory = 0.0K)
    Checking Rule W224 (Rule 151 of total 280) .... done (Time = 0.00s, Memory = 0.0K)
    Checking Rule W263 (Rule 152 of total 280) .... done (Time = 0.00s, Memory = -24.0K)
    Checking Rule W289 (Rule 153 of total 280) .... done (Time = 0.00s, Memory = 0.0K)
    Checking Rule W337 (Rule 154 of total 280) .... done (Time = 0.00s, Memory = 0.0K)
    Checking Rule W352 (Rule 155 of total 280) .... done (Time = 0.00s, Memory = 0.0K)
    Checking Rule W362 (Rule 156 of total 280) .... done (Time = 0.00s, Memory = 0.0K)
    Checking Rule W415a (Rule 157 of total 280) .... done (Time = 0.00s, Memory = 0.0K)
    Checking Rule W486 (Rule 158 of total 280) .... done (Time = 0.00s, Memory = 0.0K)
    Checking Rule W499 (Rule 159 of total 280) .... done (Time = 0.00s, Memory = 0.0K)
    Checking Rule W502 (Rule 160 of total 280) .... done (Time = 0.00s, Memory = 0.0K)
    Checking Rule W116 (Rule 161 of total 280) .... done (Time = 0.00s, Memory = 0.0K)
    Checking Rule W122 (Rule 162 of total 280) .... done (Time = 0.00s, Memory = 0.0K)
    Checking Rule W123 (Rule 163 of total 280) .... done (Time = 0.00s, Memory = 0.0K)
    Checking Rule W156 (Rule 164 of total 280) .... done (Time = 0.00s, Memory = 0.0K)
    Checking Rule W71 (Rule 165 of total 280) .... done (Time = 0.00s, Memory = 0.0K)
    Checking Rule W240 (Rule 166 of total 280) .... done (Time = 0.00s, Memory = 24.0K)
    Checking Rule W240 (Rule 167 of total 280) .... done (Time = 0.00s, Memory = 0.0K)
    Checking Rule W287a (Rule 168 of total 280) .... done (Time = 0.00s, Memory = 0.0K)
    Checking Rule W293 (Rule 169 of total 280) .... done (Time = 0.00s, Memory = 0.0K)
    Checking Rule W398 (Rule 170 of total 280) .... done (Time = 0.00s, Memory = 0.0K)
    Checking Rule W424 (Rule 171 of total 280) .... done (Time = 0.00s, Memory = 0.0K)
    Checking Rule W467 (Rule 172 of total 280) .... done (Time = 0.00s, Memory = 0.0K)
    Checking Rule W505 (Rule 173 of total 280) .... done (Time = 0.00s, Memory = 0.0K)
    Checking Rule W505 (Rule 174 of total 280) .... done (Time = 0.00s, Memory = 0.0K)
    Checking Rule W528 (Rule 175 of total 280) .... done (Time = 0.00s, Memory = 0.0K)
    Checking Rule W528 (Rule 176 of total 280) .... done (Time = 0.00s, Memory = 568.0K)
    Checking Rule Prereqs_Usage (Rule 177 of total 280) .... done (Time = 0.00s, Memory = -16.0K)
    Checking Rule Postreqs_CheckFuncTask (Rule 178 of total 280) .... done (Time = 0.00s, Memory = 0.0K)
    Checking Rule Prereqs_ConstantInput-ML (Rule 179 of total 280) .... done (Time = 0.00s, Memory = 0.0K)
    Checking Rule Prereqs_ConstantInput-ML (Rule 180 of total 280) .... done (Time = 0.00s, Memory = 0.0K)
    Checking Rule Prereqs_RptNegEdgeFF-ML (Rule 181 of total 280) .... done (Time = 0.00s, Memory = 0.0K)
    Checking Rule ReportPortInfo-ML (Rule 182 of total 280) .... done (Time = 0.00s, Memory = 0.0K)
    Checking Rule Prereqs_ReportPortInfo-ML (Rule 183 of total 280) .... done (Time = 0.00s, Memory = 0.0K)
    Checking Rule Prereqs_ReportPortInfo-ML (Rule 184 of total 280) .... done (Time = 0.00s, Memory = 0.0K)
    Checking Rule NoAssignX-ML (Rule 185 of total 280) .... done (Time = 0.00s, Memory = 0.0K)
    Checking Rule ParamWidthMismatch-ML (Rule 186 of total 280) .... done (Time = 0.00s, Memory = 0.0K)
    Checking Rule Postreqs_Usage_ML (Rule 187 of total 280) .... done (Time = 0.00s, Memory = 0.0K)
    Checking Rule NoXInCase-ML (Rule 188 of total 280) .... done (Time = 0.00s, Memory = 0.0K)
Checking ELABDU Rules for designUnit WORK_sram_w16_160
    Checking Rule Prereqs_STARC-2.3.6.1 (Rule 128 of total 280) .... done (Time = 0.00s, Memory = 0.0K)
    Checking Rule Prereqs_InferLatch (Rule 129 of total 280) .... done (Time = 0.00s, Memory = 0.0K)
    Checking Rule STARC05-2.1.5.3 (Rule 130 of total 280) .... done (Time = 0.00s, Memory = 0.0K)
    Checking Rule STARC05-2.2.3.3 (Rule 131 of total 280) .... done (Time = 0.00s, Memory = -16.0K)
    Checking Rule STARC05-2.3.1.6 (Rule 132 of total 280) .... done (Time = 0.00s, Memory = 0.0K)
    Checking Rule STARC05-2.10.2.3 (Rule 133 of total 280) .... done (Time = 0.00s, Memory = 0.0K)
    Checking Rule STARC05-2.10.3.2a (Rule 134 of total 280) .... done (Time = 0.00s, Memory = 0.0K)
    Checking Rule STARC05-2.11.3.1 (Rule 135 of total 280) .... done (Time = 0.00s, Memory = 0.0K)
    Checking Rule STARC05-2.1.3.1 (Rule 136 of total 280) .... done (Time = 0.00s, Memory = 0.0K)
    Checking Rule STARC05-2.10.1.4a (Rule 137 of total 280) .... done (Time = 0.00s, Memory = 0.0K)
    Checking Rule STARC05-2.10.1.4b (Rule 138 of total 280) .... done (Time = 0.00s, Memory = 0.0K)
    Checking Rule sim_race02 (Rule 139 of total 280) .... done (Time = 0.00s, Memory = 0.0K)
    Checking Rule W110 (Rule 140 of total 280) .... done (Time = 0.00s, Memory = 0.0K)
    Checking Rule W122 (Rule 141 of total 280) .... done (Time = 0.00s, Memory = 0.0K)
    Checking Rule W496a (Rule 142 of total 280) .... done (Time = 0.00s, Memory = 0.0K)
    Checking Rule W19 (Rule 143 of total 280) .... done (Time = 0.00s, Memory = 0.0K)
    Checking Rule W66 (Rule 144 of total 280) .... done (Time = 0.00s, Memory = 0.0K)
    Checking Rule W116 (Rule 145 of total 280) .... done (Time = 0.00s, Memory = 24.0K)
    Checking Rule W123 (Rule 146 of total 280) .... done (Time = 0.00s, Memory = -16.0K)
    Checking Rule W156 (Rule 147 of total 280) .... done (Time = 0.00s, Memory = 0.0K)
    Checking Rule W215 (Rule 148 of total 280) .... done (Time = 0.00s, Memory = 0.0K)
    Checking Rule W216 (Rule 149 of total 280) .... done (Time = 0.00s, Memory = 0.0K)
    Checking Rule W218 (Rule 150 of total 280) .... done (Time = 0.00s, Memory = 0.0K)
    Checking Rule W224 (Rule 151 of total 280) .... done (Time = 0.00s, Memory = 0.0K)
    Checking Rule W263 (Rule 152 of total 280) .... done (Time = 0.00s, Memory = 0.0K)
    Checking Rule W289 (Rule 153 of total 280) .... done (Time = 0.00s, Memory = 0.0K)
    Checking Rule W337 (Rule 154 of total 280) .... done (Time = 0.00s, Memory = 0.0K)
    Checking Rule W352 (Rule 155 of total 280) .... done (Time = 0.00s, Memory = 0.0K)
    Checking Rule W362 (Rule 156 of total 280) .... done (Time = 0.00s, Memory = 0.0K)
    Checking Rule W415a (Rule 157 of total 280) .... done (Time = 0.00s, Memory = 24.0K)
    Checking Rule W486 (Rule 158 of total 280) .... done (Time = 0.00s, Memory = 0.0K)
    Checking Rule W499 (Rule 159 of total 280) .... done (Time = 0.00s, Memory = 0.0K)
    Checking Rule W502 (Rule 160 of total 280) .... done (Time = 0.00s, Memory = 0.0K)
    Checking Rule W116 (Rule 161 of total 280) .... done (Time = 0.00s, Memory = 0.0K)
    Checking Rule W122 (Rule 162 of total 280) .... done (Time = 0.00s, Memory = 0.0K)
    Checking Rule W123 (Rule 163 of total 280) .... done (Time = 0.00s, Memory = 0.0K)
    Checking Rule W156 (Rule 164 of total 280) .... done (Time = 0.00s, Memory = 0.0K)
    Checking Rule W71 (Rule 165 of total 280) .... done (Time = 0.00s, Memory = 0.0K)
    Checking Rule W240 (Rule 166 of total 280) .... done (Time = 0.00s, Memory = 0.0K)
    Checking Rule W240 (Rule 167 of total 280) .... done (Time = 0.00s, Memory = 0.0K)
    Checking Rule W287a (Rule 168 of total 280) .... done (Time = 0.00s, Memory = 0.0K)
    Checking Rule W293 (Rule 169 of total 280) .... done (Time = 0.00s, Memory = 0.0K)
    Checking Rule W398 (Rule 170 of total 280) .... done (Time = 0.00s, Memory = 0.0K)
    Checking Rule W424 (Rule 171 of total 280) .... done (Time = 0.00s, Memory = 0.0K)
    Checking Rule W467 (Rule 172 of total 280) .... done (Time = 0.00s, Memory = 0.0K)
    Checking Rule W505 (Rule 173 of total 280) .... done (Time = 0.00s, Memory = 0.0K)
    Checking Rule W505 (Rule 174 of total 280) .... done (Time = 0.00s, Memory = 0.0K)
    Checking Rule W528 (Rule 175 of total 280) .... done (Time = 0.00s, Memory = 0.0K)
    Checking Rule W528 (Rule 176 of total 280) .... done (Time = 0.00s, Memory = 568.0K)
    Checking Rule Prereqs_Usage (Rule 177 of total 280) .... done (Time = 0.00s, Memory = -16.0K)
    Checking Rule Postreqs_CheckFuncTask (Rule 178 of total 280) .... done (Time = 0.00s, Memory = 0.0K)
    Checking Rule Prereqs_ConstantInput-ML (Rule 179 of total 280) .... done (Time = 0.00s, Memory = 0.0K)
    Checking Rule Prereqs_ConstantInput-ML (Rule 180 of total 280) .... done (Time = 0.00s, Memory = 0.0K)
    Checking Rule Prereqs_RptNegEdgeFF-ML (Rule 181 of total 280) .... done (Time = 0.00s, Memory = 0.0K)
    Checking Rule ReportPortInfo-ML (Rule 182 of total 280) .... done (Time = 0.00s, Memory = 0.0K)
    Checking Rule Prereqs_ReportPortInfo-ML (Rule 183 of total 280) .... done (Time = 0.00s, Memory = 0.0K)
    Checking Rule Prereqs_ReportPortInfo-ML (Rule 184 of total 280) .... done (Time = 0.00s, Memory = 0.0K)
    Checking Rule NoAssignX-ML (Rule 185 of total 280) .... done (Time = 0.00s, Memory = 0.0K)
    Checking Rule ParamWidthMismatch-ML (Rule 186 of total 280) .... done (Time = 0.00s, Memory = 16.0K)
    Checking Rule Postreqs_Usage_ML (Rule 187 of total 280) .... done (Time = 0.00s, Memory = 0.0K)
    Checking Rule NoXInCase-ML (Rule 188 of total 280) .... done (Time = 0.00s, Memory = 0.0K)
Checking ELABDU Rules for designUnit fullchip_tb
    Checking Rule Prereqs_FormalUnique-ML (Rule 189 of total 280) .... done (Time = 0.00s, Memory = 0.0K)
Checking ELABDU Rules for designUnit fullchip
    Checking Rule Prereqs_FormalUnique-ML (Rule 189 of total 280) .... done (Time = 0.00s, Memory = 0.0K)
Checking ELABDU Rules for designUnit core
    Checking Rule Prereqs_FormalUnique-ML (Rule 189 of total 280) .... done (Time = 0.00s, Memory = 0.0K)
Checking ELABDU Rules for designUnit mac_array
    Checking Rule Prereqs_FormalUnique-ML (Rule 189 of total 280) .... done (Time = 0.00s, Memory = 0.0K)
Checking ELABDU Rules for designUnit WORK_mac_col_8_20_8_1
    Checking Rule Prereqs_FormalUnique-ML (Rule 189 of total 280) .... done (Time = 0.00s, Memory = 0.0K)
Checking ELABDU Rules for designUnit mac_8in
    Checking Rule Prereqs_FormalUnique-ML (Rule 189 of total 280) .... done (Time = 0.00s, Memory = 0.0K)
Checking ELABDU Rules for designUnit WORK_mac_col_8_20_8_2
    Checking Rule Prereqs_FormalUnique-ML (Rule 189 of total 280) .... done (Time = 0.00s, Memory = 0.0K)
Checking ELABDU Rules for designUnit WORK_mac_col_8_20_8_3
    Checking Rule Prereqs_FormalUnique-ML (Rule 189 of total 280) .... done (Time = 0.00s, Memory = 0.0K)
Checking ELABDU Rules for designUnit WORK_mac_col_8_20_8_4
    Checking Rule Prereqs_FormalUnique-ML (Rule 189 of total 280) .... done (Time = 0.00s, Memory = 32.0K)
Checking ELABDU Rules for designUnit WORK_mac_col_8_20_8_5
    Checking Rule Prereqs_FormalUnique-ML (Rule 189 of total 280) .... done (Time = 0.00s, Memory = 0.0K)
Checking ELABDU Rules for designUnit WORK_mac_col_8_20_8_6
    Checking Rule Prereqs_FormalUnique-ML (Rule 189 of total 280) .... done (Time = 0.00s, Memory = 0.0K)
Checking ELABDU Rules for designUnit WORK_mac_col_8_20_8_7
    Checking Rule Prereqs_FormalUnique-ML (Rule 189 of total 280) .... done (Time = 0.00s, Memory = -8.0K)
Checking ELABDU Rules for designUnit WORK_mac_col_8_20_8_8
    Checking Rule Prereqs_FormalUnique-ML (Rule 189 of total 280) .... done (Time = 0.00s, Memory = -32.0K)
Checking ELABDU Rules for designUnit ofifo
    Checking Rule Prereqs_FormalUnique-ML (Rule 189 of total 280) .... done (Time = 0.00s, Memory = 0.0K)
Checking ELABDU Rules for designUnit fifo_depth16
    Checking Rule Prereqs_FormalUnique-ML (Rule 189 of total 280) .... done (Time = 0.00s, Memory = 8.0K)
Checking ELABDU Rules for designUnit fifo_mux_16_1
    Checking Rule Prereqs_FormalUnique-ML (Rule 189 of total 280) .... done (Time = 0.00s, Memory = 0.0K)
Checking ELABDU Rules for designUnit fifo_mux_8_1
    Checking Rule Prereqs_FormalUnique-ML (Rule 189 of total 280) .... done (Time = 0.00s, Memory = 0.0K)
Checking ELABDU Rules for designUnit fifo_mux_2_1
    Checking Rule Prereqs_FormalUnique-ML (Rule 189 of total 280) .... done (Time = 0.00s, Memory = 8.0K)
Checking ELABDU Rules for designUnit WORK_sram_w16_64
    Checking Rule Prereqs_FormalUnique-ML (Rule 189 of total 280) .... done (Time = 0.00s, Memory = 0.0K)
Checking ELABDU Rules for designUnit WORK_sram_w16_160
    Checking Rule Prereqs_FormalUnique-ML (Rule 189 of total 280) .... done (Time = 0.00s, Memory = 0.0K)
Checking Rule SGDC_waive24 (Rule 190 of total 280) .... done (Time = 0.00s, Memory = 0.0K)
Checking Rule SGDC_waive25 (Rule 191 of total 280) .... done (Time = 0.00s, Memory = -8.0K)
Checking Rule SGDC_waive31 (Rule 192 of total 280) .... done (Time = 0.00s, Memory = -24.0K)
Checking Rule SGDC_waive35 (Rule 193 of total 280) .... done (Time = 0.00s, Memory = 0.0K)
 Synthesizing module: sram_w16 (elaborated name: WORK_sram_w16_160) ... (Module 1 of total 20)  done 
 Synthesizing module: sram_w16 (elaborated name: WORK_sram_w16_64) ... (Module 2 of total 20)  done 
 Synthesizing module: fifo_mux_2_1 (elaborated name: fifo_mux_2_1) ... (Module 3 of total 20)  done 
 Synthesizing module: fifo_mux_8_1 (elaborated name: fifo_mux_8_1) ... (Module 4 of total 20)  done 
 Synthesizing module: fifo_mux_16_1 (elaborated name: fifo_mux_16_1) ... (Module 5 of total 20)  done 
 Synthesizing module: fifo_depth16 (elaborated name: fifo_depth16) ... (Module 6 of total 20)  done 
 Synthesizing module: ofifo (elaborated name: ofifo) ... (Module 7 of total 20)  done 
 Synthesizing module: mac_8in (elaborated name: mac_8in) ... (Module 8 of total 20)  done 
 Synthesizing module: mac_col (elaborated name: WORK_mac_col_8_20_8_8) ... (Module 9 of total 20)  done 
 Synthesizing module: mac_col (elaborated name: WORK_mac_col_8_20_8_7) ... (Module 10 of total 20)  done 
 Synthesizing module: mac_col (elaborated name: WORK_mac_col_8_20_8_6) ... (Module 11 of total 20)  done 
 Synthesizing module: mac_col (elaborated name: WORK_mac_col_8_20_8_5) ... (Module 12 of total 20)  done 
 Synthesizing module: mac_col (elaborated name: WORK_mac_col_8_20_8_4) ... (Module 13 of total 20)  done 
 Synthesizing module: mac_col (elaborated name: WORK_mac_col_8_20_8_3) ... (Module 14 of total 20)  done 
 Synthesizing module: mac_col (elaborated name: WORK_mac_col_8_20_8_2) ... (Module 15 of total 20)  done 
 Synthesizing module: mac_col (elaborated name: WORK_mac_col_8_20_8_1) ... (Module 16 of total 20)  done 
 Synthesizing module: mac_array (elaborated name: mac_array) ... (Module 17 of total 20)  done 
 Synthesizing module: core (elaborated name: core) ... (Module 18 of total 20)  done 
 Synthesizing module: fullchip (elaborated name: fullchip) ... (Module 19 of total 20)  done 
 Synthesizing module: fullchip_tb (elaborated name: fullchip_tb) ... (Module 20 of total 20)  done 
 Synthesis completed.
Checking Rule InferBlackBox (Rule 194 of total 280) .... done (Time = 0.01s, Memory = 0.0K)
Checking Rule checkCMD_mthresh (Rule 195 of total 280) .... done (Time = 0.00s, Memory = 0.0K)
Checking Rule SGDC_waive37 (Rule 196 of total 280) .... done (Time = 0.00s, Memory = 0.0K)
Checking Rule LogNMuxPrereq for module sram_w16 (Rule 197 of total 280) .... done (Time = 0.00s, Memory = 0.0K)
Checking Rule STARC-1.3.2.2_prereq for module sram_w16 (Rule 198 of total 280) .... done (Time = 0.00s, Memory = 0.0K)
Checking Rule Prereqs_sim_race07 for module sram_w16 (Rule 199 of total 280) .... done (Time = 0.00s, Memory = 0.0K)
Checking Rule W336 for module sram_w16 (Rule 200 of total 280) .... done (Time = 0.00s, Memory = 0.0K)
Checking Rule W414 for module sram_w16 (Rule 201 of total 280) .... done (Time = 0.00s, Memory = 0.0K)
Checking Rule W450L for module sram_w16 (Rule 202 of total 280) .... done (Time = 0.00s, Memory = 0.0K)
Checking Rule HangingNetPreReq-ML for module sram_w16 (Rule 203 of total 280) .... done (Time = 0.00s, Memory = 0.0K)
Checking Rule RegInputOutput-ML for module sram_w16 (Rule 204 of total 280) .... done (Time = 0.00s, Memory = 0.0K)
Checking Rule HVIssue_PreReq for module sram_w16 (Rule 205 of total 280) .... done (Time = 0.00s, Memory = 0.0K)
Checking Rule STARC05-2.5.1.7 for module sram_w16 (Rule 206 of total 280) .... done (Time = 0.00s, Memory = 0.0K)
Checking Rule STARC05-2.5.1.9 for module sram_w16 (Rule 207 of total 280) .... done (Time = 0.00s, Memory = 0.0K)
Checking Rule LogNMuxPrereq for module sram_w16 (Rule 197 of total 280) .... done (Time = 0.00s, Memory = 0.0K)
Checking Rule STARC-1.3.2.2_prereq for module sram_w16 (Rule 198 of total 280) .... done (Time = 0.00s, Memory = 0.0K)
Checking Rule Prereqs_sim_race07 for module sram_w16 (Rule 199 of total 280) .... done (Time = 0.00s, Memory = 0.0K)
Checking Rule W336 for module sram_w16 (Rule 200 of total 280) .... done (Time = 0.00s, Memory = 0.0K)
Checking Rule W414 for module sram_w16 (Rule 201 of total 280) .... done (Time = 0.00s, Memory = 0.0K)
Checking Rule W450L for module sram_w16 (Rule 202 of total 280) .... done (Time = 0.00s, Memory = 0.0K)
Checking Rule HangingNetPreReq-ML for module sram_w16 (Rule 203 of total 280) .... done (Time = 0.00s, Memory = 0.0K)
Checking Rule RegInputOutput-ML for module sram_w16 (Rule 204 of total 280) .... done (Time = 0.00s, Memory = 0.0K)
Checking Rule HVIssue_PreReq for module sram_w16 (Rule 205 of total 280) .... done (Time = 0.00s, Memory = 0.0K)
Checking Rule STARC05-2.5.1.7 for module sram_w16 (Rule 206 of total 280) .... done (Time = 0.00s, Memory = 0.0K)
Checking Rule STARC05-2.5.1.9 for module sram_w16 (Rule 207 of total 280) .... done (Time = 0.00s, Memory = 0.0K)
Checking Rule LogNMuxPrereq for module fifo_mux_2_1 (Rule 197 of total 280) .... done (Time = 0.00s, Memory = 0.0K)
Checking Rule STARC-1.3.2.2_prereq for module fifo_mux_2_1 (Rule 198 of total 280) .... done (Time = 0.00s, Memory = 0.0K)
Checking Rule Prereqs_sim_race07 for module fifo_mux_2_1 (Rule 199 of total 280) .... done (Time = 0.00s, Memory = 0.0K)
Checking Rule W336 for module fifo_mux_2_1 (Rule 200 of total 280) .... done (Time = 0.00s, Memory = 0.0K)
Checking Rule W414 for module fifo_mux_2_1 (Rule 201 of total 280) .... done (Time = 0.00s, Memory = 0.0K)
Checking Rule W450L for module fifo_mux_2_1 (Rule 202 of total 280) .... done (Time = 0.00s, Memory = 0.0K)
Checking Rule HangingNetPreReq-ML for module fifo_mux_2_1 (Rule 203 of total 280) .... done (Time = 0.00s, Memory = 0.0K)
Checking Rule RegInputOutput-ML for module fifo_mux_2_1 (Rule 204 of total 280) .... done (Time = 0.00s, Memory = 0.0K)
Checking Rule HVIssue_PreReq for module fifo_mux_2_1 (Rule 205 of total 280) .... done (Time = 0.00s, Memory = 0.0K)
Checking Rule STARC05-2.5.1.7 for module fifo_mux_2_1 (Rule 206 of total 280) .... done (Time = 0.00s, Memory = 0.0K)
Checking Rule STARC05-2.5.1.9 for module fifo_mux_2_1 (Rule 207 of total 280) .... done (Time = 0.00s, Memory = 0.0K)
Checking Rule LogNMuxPrereq for module fifo_mux_8_1 (Rule 197 of total 280) .... done (Time = 0.00s, Memory = 0.0K)
Checking Rule STARC-1.3.2.2_prereq for module fifo_mux_8_1 (Rule 198 of total 280) .... done (Time = 0.00s, Memory = 0.0K)
Checking Rule Prereqs_sim_race07 for module fifo_mux_8_1 (Rule 199 of total 280) .... done (Time = 0.00s, Memory = 0.0K)
Checking Rule W336 for module fifo_mux_8_1 (Rule 200 of total 280) .... done (Time = 0.00s, Memory = 0.0K)
Checking Rule W414 for module fifo_mux_8_1 (Rule 201 of total 280) .... done (Time = 0.00s, Memory = 0.0K)
Checking Rule W450L for module fifo_mux_8_1 (Rule 202 of total 280) .... done (Time = 0.00s, Memory = 0.0K)
Checking Rule HangingNetPreReq-ML for module fifo_mux_8_1 (Rule 203 of total 280) .... done (Time = 0.00s, Memory = 0.0K)
Checking Rule RegInputOutput-ML for module fifo_mux_8_1 (Rule 204 of total 280) .... done (Time = 0.00s, Memory = 0.0K)
Checking Rule HVIssue_PreReq for module fifo_mux_8_1 (Rule 205 of total 280) .... done (Time = 0.00s, Memory = 0.0K)
Checking Rule STARC05-2.5.1.7 for module fifo_mux_8_1 (Rule 206 of total 280) .... done (Time = 0.00s, Memory = 0.0K)
Checking Rule STARC05-2.5.1.9 for module fifo_mux_8_1 (Rule 207 of total 280) .... done (Time = 0.00s, Memory = 0.0K)
Checking Rule LogNMuxPrereq for module fifo_mux_16_1 (Rule 197 of total 280) .... done (Time = 0.00s, Memory = 0.0K)
Checking Rule STARC-1.3.2.2_prereq for module fifo_mux_16_1 (Rule 198 of total 280) .... done (Time = 0.00s, Memory = 0.0K)
Checking Rule Prereqs_sim_race07 for module fifo_mux_16_1 (Rule 199 of total 280) .... done (Time = 0.00s, Memory = 0.0K)
Checking Rule W336 for module fifo_mux_16_1 (Rule 200 of total 280) .... done (Time = 0.00s, Memory = 0.0K)
Checking Rule W414 for module fifo_mux_16_1 (Rule 201 of total 280) .... done (Time = 0.00s, Memory = 0.0K)
Checking Rule W450L for module fifo_mux_16_1 (Rule 202 of total 280) .... done (Time = 0.00s, Memory = 0.0K)
Checking Rule HangingNetPreReq-ML for module fifo_mux_16_1 (Rule 203 of total 280) .... done (Time = 0.00s, Memory = 0.0K)
Checking Rule RegInputOutput-ML for module fifo_mux_16_1 (Rule 204 of total 280) .... done (Time = 0.00s, Memory = 0.0K)
Checking Rule HVIssue_PreReq for module fifo_mux_16_1 (Rule 205 of total 280) .... done (Time = 0.00s, Memory = 0.0K)
Checking Rule STARC05-2.5.1.7 for module fifo_mux_16_1 (Rule 206 of total 280) .... done (Time = 0.00s, Memory = 0.0K)
Checking Rule STARC05-2.5.1.9 for module fifo_mux_16_1 (Rule 207 of total 280) .... done (Time = 0.00s, Memory = 0.0K)
Checking Rule LogNMuxPrereq for module fifo_depth16 (Rule 197 of total 280) .... done (Time = 0.00s, Memory = 0.0K)
Checking Rule STARC-1.3.2.2_prereq for module fifo_depth16 (Rule 198 of total 280) .... done (Time = 0.00s, Memory = 0.0K)
Checking Rule Prereqs_sim_race07 for module fifo_depth16 (Rule 199 of total 280) .... done (Time = 0.00s, Memory = 0.0K)
Checking Rule W336 for module fifo_depth16 (Rule 200 of total 280) .... done (Time = 0.00s, Memory = 0.0K)
Checking Rule W414 for module fifo_depth16 (Rule 201 of total 280) .... done (Time = 0.00s, Memory = 0.0K)
Checking Rule W450L for module fifo_depth16 (Rule 202 of total 280) .... done (Time = 0.00s, Memory = 0.0K)
Checking Rule HangingNetPreReq-ML for module fifo_depth16 (Rule 203 of total 280) .... done (Time = 0.00s, Memory = 0.0K)
Checking Rule RegInputOutput-ML for module fifo_depth16 (Rule 204 of total 280) .... done (Time = 0.00s, Memory = 0.0K)
Checking Rule HVIssue_PreReq for module fifo_depth16 (Rule 205 of total 280) .... done (Time = 0.00s, Memory = 0.0K)
Checking Rule STARC05-2.5.1.7 for module fifo_depth16 (Rule 206 of total 280) .... done (Time = 0.00s, Memory = 0.0K)
Checking Rule STARC05-2.5.1.9 for module fifo_depth16 (Rule 207 of total 280) .... done (Time = 0.00s, Memory = 0.0K)
Checking Rule LogNMuxPrereq for module ofifo (Rule 197 of total 280) .... done (Time = 0.00s, Memory = 0.0K)
Checking Rule STARC-1.3.2.2_prereq for module ofifo (Rule 198 of total 280) .... done (Time = 0.00s, Memory = 0.0K)
Checking Rule Prereqs_sim_race07 for module ofifo (Rule 199 of total 280) .... done (Time = 0.00s, Memory = 0.0K)
Checking Rule W336 for module ofifo (Rule 200 of total 280) .... done (Time = 0.00s, Memory = 0.0K)
Checking Rule W414 for module ofifo (Rule 201 of total 280) .... done (Time = 0.00s, Memory = 0.0K)
Checking Rule W450L for module ofifo (Rule 202 of total 280) .... done (Time = 0.00s, Memory = 0.0K)
Checking Rule HangingNetPreReq-ML for module ofifo (Rule 203 of total 280) .... done (Time = 0.00s, Memory = 0.0K)
Checking Rule RegInputOutput-ML for module ofifo (Rule 204 of total 280) .... done (Time = 0.00s, Memory = 0.0K)
Checking Rule HVIssue_PreReq for module ofifo (Rule 205 of total 280) .... done (Time = 0.00s, Memory = 0.0K)
Checking Rule STARC05-2.5.1.7 for module ofifo (Rule 206 of total 280) .... done (Time = 0.00s, Memory = 0.0K)
Checking Rule STARC05-2.5.1.9 for module ofifo (Rule 207 of total 280) .... done (Time = 0.00s, Memory = 0.0K)
Checking Rule LogNMuxPrereq for module mac_8in (Rule 197 of total 280) .... done (Time = 0.00s, Memory = 0.0K)
Checking Rule STARC-1.3.2.2_prereq for module mac_8in (Rule 198 of total 280) .... done (Time = 0.00s, Memory = 0.0K)
Checking Rule Prereqs_sim_race07 for module mac_8in (Rule 199 of total 280) .... done (Time = 0.00s, Memory = 0.0K)
Checking Rule W336 for module mac_8in (Rule 200 of total 280) .... done (Time = 0.00s, Memory = 0.0K)
Checking Rule W414 for module mac_8in (Rule 201 of total 280) .... done (Time = 0.00s, Memory = 0.0K)
Checking Rule W450L for module mac_8in (Rule 202 of total 280) .... done (Time = 0.00s, Memory = 0.0K)
Checking Rule HangingNetPreReq-ML for module mac_8in (Rule 203 of total 280) .... done (Time = 0.00s, Memory = 0.0K)
Checking Rule RegInputOutput-ML for module mac_8in (Rule 204 of total 280) .... done (Time = 0.00s, Memory = 0.0K)
Checking Rule HVIssue_PreReq for module mac_8in (Rule 205 of total 280) .... done (Time = 0.00s, Memory = 0.0K)
Checking Rule STARC05-2.5.1.7 for module mac_8in (Rule 206 of total 280) .... done (Time = 0.00s, Memory = 0.0K)
Checking Rule STARC05-2.5.1.9 for module mac_8in (Rule 207 of total 280) .... done (Time = 0.00s, Memory = 0.0K)
Checking Rule LogNMuxPrereq for module mac_col (Rule 197 of total 280) .... done (Time = 0.00s, Memory = 0.0K)
Checking Rule STARC-1.3.2.2_prereq for module mac_col (Rule 198 of total 280) .... done (Time = 0.00s, Memory = 0.0K)
Checking Rule Prereqs_sim_race07 for module mac_col (Rule 199 of total 280) .... done (Time = 0.00s, Memory = 0.0K)
Checking Rule W336 for module mac_col (Rule 200 of total 280) .... done (Time = 0.00s, Memory = 0.0K)
Checking Rule W414 for module mac_col (Rule 201 of total 280) .... done (Time = 0.00s, Memory = 0.0K)
Checking Rule W450L for module mac_col (Rule 202 of total 280) .... done (Time = 0.00s, Memory = 0.0K)
Checking Rule HangingNetPreReq-ML for module mac_col (Rule 203 of total 280) .... done (Time = 0.00s, Memory = 0.0K)
Checking Rule RegInputOutput-ML for module mac_col (Rule 204 of total 280) .... done (Time = 0.00s, Memory = 0.0K)
Checking Rule HVIssue_PreReq for module mac_col (Rule 205 of total 280) .... done (Time = 0.00s, Memory = 0.0K)
Checking Rule STARC05-2.5.1.7 for module mac_col (Rule 206 of total 280) .... done (Time = 0.00s, Memory = 0.0K)
Checking Rule STARC05-2.5.1.9 for module mac_col (Rule 207 of total 280) .... done (Time = 0.00s, Memory = 0.0K)
Checking Rule LogNMuxPrereq for module mac_col (Rule 197 of total 280) .... done (Time = 0.00s, Memory = 0.0K)
Checking Rule STARC-1.3.2.2_prereq for module mac_col (Rule 198 of total 280) .... done (Time = 0.00s, Memory = 0.0K)
Checking Rule Prereqs_sim_race07 for module mac_col (Rule 199 of total 280) .... done (Time = 0.00s, Memory = 0.0K)
Checking Rule W336 for module mac_col (Rule 200 of total 280) .... done (Time = 0.00s, Memory = 0.0K)
Checking Rule W414 for module mac_col (Rule 201 of total 280) .... done (Time = 0.00s, Memory = 0.0K)
Checking Rule W450L for module mac_col (Rule 202 of total 280) .... done (Time = 0.00s, Memory = 0.0K)
Checking Rule HangingNetPreReq-ML for module mac_col (Rule 203 of total 280) .... done (Time = 0.00s, Memory = 0.0K)
Checking Rule RegInputOutput-ML for module mac_col (Rule 204 of total 280) .... done (Time = 0.00s, Memory = 0.0K)
Checking Rule HVIssue_PreReq for module mac_col (Rule 205 of total 280) .... done (Time = 0.00s, Memory = 0.0K)
Checking Rule STARC05-2.5.1.7 for module mac_col (Rule 206 of total 280) .... done (Time = 0.00s, Memory = 0.0K)
Checking Rule STARC05-2.5.1.9 for module mac_col (Rule 207 of total 280) .... done (Time = 0.00s, Memory = 0.0K)
Checking Rule LogNMuxPrereq for module mac_col (Rule 197 of total 280) .... done (Time = 0.00s, Memory = 0.0K)
Checking Rule STARC-1.3.2.2_prereq for module mac_col (Rule 198 of total 280) .... done (Time = 0.00s, Memory = 0.0K)
Checking Rule Prereqs_sim_race07 for module mac_col (Rule 199 of total 280) .... done (Time = 0.00s, Memory = 0.0K)
Checking Rule W336 for module mac_col (Rule 200 of total 280) .... done (Time = 0.00s, Memory = 0.0K)
Checking Rule W414 for module mac_col (Rule 201 of total 280) .... done (Time = 0.00s, Memory = 0.0K)
Checking Rule W450L for module mac_col (Rule 202 of total 280) .... done (Time = 0.00s, Memory = 0.0K)
Checking Rule HangingNetPreReq-ML for module mac_col (Rule 203 of total 280) .... done (Time = 0.00s, Memory = 0.0K)
Checking Rule RegInputOutput-ML for module mac_col (Rule 204 of total 280) .... done (Time = 0.00s, Memory = 0.0K)
Checking Rule HVIssue_PreReq for module mac_col (Rule 205 of total 280) .... done (Time = 0.00s, Memory = 0.0K)
Checking Rule STARC05-2.5.1.7 for module mac_col (Rule 206 of total 280) .... done (Time = 0.00s, Memory = 0.0K)
Checking Rule STARC05-2.5.1.9 for module mac_col (Rule 207 of total 280) .... done (Time = 0.00s, Memory = 0.0K)
Checking Rule LogNMuxPrereq for module mac_col (Rule 197 of total 280) .... done (Time = 0.00s, Memory = 0.0K)
Checking Rule STARC-1.3.2.2_prereq for module mac_col (Rule 198 of total 280) .... done (Time = 0.00s, Memory = 0.0K)
Checking Rule Prereqs_sim_race07 for module mac_col (Rule 199 of total 280) .... done (Time = 0.00s, Memory = 0.0K)
Checking Rule W336 for module mac_col (Rule 200 of total 280) .... done (Time = 0.00s, Memory = 0.0K)
Checking Rule W414 for module mac_col (Rule 201 of total 280) .... done (Time = 0.00s, Memory = 0.0K)
Checking Rule W450L for module mac_col (Rule 202 of total 280) .... done (Time = 0.00s, Memory = 0.0K)
Checking Rule HangingNetPreReq-ML for module mac_col (Rule 203 of total 280) .... done (Time = 0.00s, Memory = 0.0K)
Checking Rule RegInputOutput-ML for module mac_col (Rule 204 of total 280) .... done (Time = 0.00s, Memory = 0.0K)
Checking Rule HVIssue_PreReq for module mac_col (Rule 205 of total 280) .... done (Time = 0.00s, Memory = 0.0K)
Checking Rule STARC05-2.5.1.7 for module mac_col (Rule 206 of total 280) .... done (Time = 0.00s, Memory = 0.0K)
Checking Rule STARC05-2.5.1.9 for module mac_col (Rule 207 of total 280) .... done (Time = 0.00s, Memory = 0.0K)
Checking Rule LogNMuxPrereq for module mac_col (Rule 197 of total 280) .... done (Time = 0.00s, Memory = 0.0K)
Checking Rule STARC-1.3.2.2_prereq for module mac_col (Rule 198 of total 280) .... done (Time = 0.00s, Memory = 0.0K)
Checking Rule Prereqs_sim_race07 for module mac_col (Rule 199 of total 280) .... done (Time = 0.00s, Memory = 0.0K)
Checking Rule W336 for module mac_col (Rule 200 of total 280) .... done (Time = 0.00s, Memory = 0.0K)
Checking Rule W414 for module mac_col (Rule 201 of total 280) .... done (Time = 0.00s, Memory = 0.0K)
Checking Rule W450L for module mac_col (Rule 202 of total 280) .... done (Time = 0.00s, Memory = 0.0K)
Checking Rule HangingNetPreReq-ML for module mac_col (Rule 203 of total 280) .... done (Time = 0.00s, Memory = 0.0K)
Checking Rule RegInputOutput-ML for module mac_col (Rule 204 of total 280) .... done (Time = 0.00s, Memory = 0.0K)
Checking Rule HVIssue_PreReq for module mac_col (Rule 205 of total 280) .... done (Time = 0.00s, Memory = 0.0K)
Checking Rule STARC05-2.5.1.7 for module mac_col (Rule 206 of total 280) .... done (Time = 0.00s, Memory = 0.0K)
Checking Rule STARC05-2.5.1.9 for module mac_col (Rule 207 of total 280) .... done (Time = 0.00s, Memory = 0.0K)
Checking Rule LogNMuxPrereq for module mac_col (Rule 197 of total 280) .... done (Time = 0.00s, Memory = 0.0K)
Checking Rule STARC-1.3.2.2_prereq for module mac_col (Rule 198 of total 280) .... done (Time = 0.00s, Memory = 0.0K)
Checking Rule Prereqs_sim_race07 for module mac_col (Rule 199 of total 280) .... done (Time = 0.00s, Memory = 0.0K)
Checking Rule W336 for module mac_col (Rule 200 of total 280) .... done (Time = 0.00s, Memory = 0.0K)
Checking Rule W414 for module mac_col (Rule 201 of total 280) .... done (Time = 0.00s, Memory = 0.0K)
Checking Rule W450L for module mac_col (Rule 202 of total 280) .... done (Time = 0.00s, Memory = 0.0K)
Checking Rule HangingNetPreReq-ML for module mac_col (Rule 203 of total 280) .... done (Time = 0.00s, Memory = 0.0K)
Checking Rule RegInputOutput-ML for module mac_col (Rule 204 of total 280) .... done (Time = 0.00s, Memory = 0.0K)
Checking Rule HVIssue_PreReq for module mac_col (Rule 205 of total 280) .... done (Time = 0.00s, Memory = 0.0K)
Checking Rule STARC05-2.5.1.7 for module mac_col (Rule 206 of total 280) .... done (Time = 0.00s, Memory = 0.0K)
Checking Rule STARC05-2.5.1.9 for module mac_col (Rule 207 of total 280) .... done (Time = 0.00s, Memory = 0.0K)
Checking Rule LogNMuxPrereq for module mac_col (Rule 197 of total 280) .... done (Time = 0.00s, Memory = 0.0K)
Checking Rule STARC-1.3.2.2_prereq for module mac_col (Rule 198 of total 280) .... done (Time = 0.00s, Memory = 0.0K)
Checking Rule Prereqs_sim_race07 for module mac_col (Rule 199 of total 280) .... done (Time = 0.00s, Memory = 0.0K)
Checking Rule W336 for module mac_col (Rule 200 of total 280) .... done (Time = 0.00s, Memory = 0.0K)
Checking Rule W414 for module mac_col (Rule 201 of total 280) .... done (Time = 0.00s, Memory = 0.0K)
Checking Rule W450L for module mac_col (Rule 202 of total 280) .... done (Time = 0.00s, Memory = 0.0K)
Checking Rule HangingNetPreReq-ML for module mac_col (Rule 203 of total 280) .... done (Time = 0.00s, Memory = 0.0K)
Checking Rule RegInputOutput-ML for module mac_col (Rule 204 of total 280) .... done (Time = 0.00s, Memory = 0.0K)
Checking Rule HVIssue_PreReq for module mac_col (Rule 205 of total 280) .... done (Time = 0.00s, Memory = 0.0K)
Checking Rule STARC05-2.5.1.7 for module mac_col (Rule 206 of total 280) .... done (Time = 0.00s, Memory = 0.0K)
Checking Rule STARC05-2.5.1.9 for module mac_col (Rule 207 of total 280) .... done (Time = 0.00s, Memory = 0.0K)
Checking Rule LogNMuxPrereq for module mac_col (Rule 197 of total 280) .... done (Time = 0.00s, Memory = 0.0K)
Checking Rule STARC-1.3.2.2_prereq for module mac_col (Rule 198 of total 280) .... done (Time = 0.00s, Memory = 0.0K)
Checking Rule Prereqs_sim_race07 for module mac_col (Rule 199 of total 280) .... done (Time = 0.00s, Memory = 0.0K)
Checking Rule W336 for module mac_col (Rule 200 of total 280) .... done (Time = 0.00s, Memory = 0.0K)
Checking Rule W414 for module mac_col (Rule 201 of total 280) .... done (Time = 0.00s, Memory = 0.0K)
Checking Rule W450L for module mac_col (Rule 202 of total 280) .... done (Time = 0.00s, Memory = 0.0K)
Checking Rule HangingNetPreReq-ML for module mac_col (Rule 203 of total 280) .... done (Time = 0.00s, Memory = 0.0K)
Checking Rule RegInputOutput-ML for module mac_col (Rule 204 of total 280) .... done (Time = 0.00s, Memory = 0.0K)
Checking Rule HVIssue_PreReq for module mac_col (Rule 205 of total 280) .... done (Time = 0.00s, Memory = 0.0K)
Checking Rule STARC05-2.5.1.7 for module mac_col (Rule 206 of total 280) .... done (Time = 0.00s, Memory = 0.0K)
Checking Rule STARC05-2.5.1.9 for module mac_col (Rule 207 of total 280) .... done (Time = 0.00s, Memory = 0.0K)
Checking Rule LogNMuxPrereq for module mac_array (Rule 197 of total 280) .... done (Time = 0.00s, Memory = 0.0K)
Checking Rule STARC-1.3.2.2_prereq for module mac_array (Rule 198 of total 280) .... done (Time = 0.00s, Memory = 0.0K)
Checking Rule Prereqs_sim_race07 for module mac_array (Rule 199 of total 280) .... done (Time = 0.00s, Memory = 0.0K)
Checking Rule W336 for module mac_array (Rule 200 of total 280) .... done (Time = 0.00s, Memory = 0.0K)
Checking Rule W414 for module mac_array (Rule 201 of total 280) .... done (Time = 0.00s, Memory = 0.0K)
Checking Rule W450L for module mac_array (Rule 202 of total 280) .... done (Time = 0.00s, Memory = 0.0K)
Checking Rule HangingNetPreReq-ML for module mac_array (Rule 203 of total 280) .... done (Time = 0.00s, Memory = 0.0K)
Checking Rule RegInputOutput-ML for module mac_array (Rule 204 of total 280) .... done (Time = 0.00s, Memory = 0.0K)
Checking Rule HVIssue_PreReq for module mac_array (Rule 205 of total 280) .... done (Time = 0.00s, Memory = 0.0K)
Checking Rule STARC05-2.5.1.7 for module mac_array (Rule 206 of total 280) .... done (Time = 0.00s, Memory = 0.0K)
Checking Rule STARC05-2.5.1.9 for module mac_array (Rule 207 of total 280) .... done (Time = 0.00s, Memory = 0.0K)
Checking Rule LogNMuxPrereq for module core (Rule 197 of total 280) .... done (Time = 0.00s, Memory = 0.0K)
Checking Rule STARC-1.3.2.2_prereq for module core (Rule 198 of total 280) .... done (Time = 0.00s, Memory = 0.0K)
Checking Rule Prereqs_sim_race07 for module core (Rule 199 of total 280) .... done (Time = 0.00s, Memory = 0.0K)
Checking Rule W336 for module core (Rule 200 of total 280) .... done (Time = 0.00s, Memory = 0.0K)
Checking Rule W414 for module core (Rule 201 of total 280) .... done (Time = 0.00s, Memory = 0.0K)
Checking Rule W450L for module core (Rule 202 of total 280) .... done (Time = 0.00s, Memory = 0.0K)
Checking Rule HangingNetPreReq-ML for module core (Rule 203 of total 280) .... done (Time = 0.00s, Memory = 0.0K)
Checking Rule RegInputOutput-ML for module core (Rule 204 of total 280) .... done (Time = 0.00s, Memory = 0.0K)
Checking Rule HVIssue_PreReq for module core (Rule 205 of total 280) .... done (Time = 0.00s, Memory = 0.0K)
Checking Rule STARC05-2.5.1.7 for module core (Rule 206 of total 280) .... done (Time = 0.00s, Memory = 0.0K)
Checking Rule STARC05-2.5.1.9 for module core (Rule 207 of total 280) .... done (Time = 0.00s, Memory = 0.0K)
Checking Rule LogNMuxPrereq for module fullchip (Rule 197 of total 280) .... done (Time = 0.00s, Memory = 0.0K)
Checking Rule STARC-1.3.2.2_prereq for module fullchip (Rule 198 of total 280) .... done (Time = 0.00s, Memory = 0.0K)
Checking Rule Prereqs_sim_race07 for module fullchip (Rule 199 of total 280) .... done (Time = 0.00s, Memory = 0.0K)
Checking Rule W336 for module fullchip (Rule 200 of total 280) .... done (Time = 0.00s, Memory = 0.0K)
Checking Rule W414 for module fullchip (Rule 201 of total 280) .... done (Time = 0.00s, Memory = 0.0K)
Checking Rule W450L for module fullchip (Rule 202 of total 280) .... done (Time = 0.00s, Memory = 0.0K)
Checking Rule HangingNetPreReq-ML for module fullchip (Rule 203 of total 280) .... done (Time = 0.00s, Memory = 0.0K)
Checking Rule RegInputOutput-ML for module fullchip (Rule 204 of total 280) .... done (Time = 0.00s, Memory = 0.0K)
Checking Rule HVIssue_PreReq for module fullchip (Rule 205 of total 280) .... done (Time = 0.00s, Memory = 0.0K)
Checking Rule STARC05-2.5.1.7 for module fullchip (Rule 206 of total 280) .... done (Time = 0.00s, Memory = 0.0K)
Checking Rule STARC05-2.5.1.9 for module fullchip (Rule 207 of total 280) .... done (Time = 0.00s, Memory = 0.0K)
Checking Rule LogNMuxPrereq for module fullchip_tb (Rule 197 of total 280) .... done (Time = 0.00s, Memory = 0.0K)
Checking Rule STARC-1.3.2.2_prereq for module fullchip_tb (Rule 198 of total 280) .... done (Time = 0.00s, Memory = 0.0K)
Checking Rule Prereqs_sim_race07 for module fullchip_tb (Rule 199 of total 280) .... done (Time = 0.00s, Memory = 0.0K)
Checking Rule W336 for module fullchip_tb (Rule 200 of total 280) .... done (Time = 0.00s, Memory = 0.0K)
Checking Rule W414 for module fullchip_tb (Rule 201 of total 280) .... done (Time = 0.00s, Memory = 0.0K)
Checking Rule W450L for module fullchip_tb (Rule 202 of total 280) .... done (Time = 0.00s, Memory = 0.0K)
Checking Rule HangingNetPreReq-ML for module fullchip_tb (Rule 203 of total 280) .... done (Time = 0.00s, Memory = 0.0K)
Checking Rule RegInputOutput-ML for module fullchip_tb (Rule 204 of total 280) .... done (Time = 0.00s, Memory = 0.0K)
Checking Rule HVIssue_PreReq for module fullchip_tb (Rule 205 of total 280) .... done (Time = 0.00s, Memory = 0.0K)
Checking Rule STARC05-2.5.1.7 for module fullchip_tb (Rule 206 of total 280) .... done (Time = 0.00s, Memory = 0.0K)
Checking Rule STARC05-2.5.1.9 for module fullchip_tb (Rule 207 of total 280) .... done (Time = 0.00s, Memory = 0.0K)
Performing semantic checks on SGDC contents
Checking Rule SGDC_testmode03 (Rule 69 of total 280) .... done (Time = 0.00s, Memory = 0.0K)
Checking Rule _abstractPortSGDC (Rule 208 of total 280) .... done (Time = 0.00s, Memory = 0.0K)
Checking Rule SGDC_abstract_port03 (Rule 209 of total 280) .... done (Time = 0.00s, Memory = 0.0K)
Checking Rule SGDC_abstract_port04 (Rule 210 of total 280) .... done (Time = 0.00s, Memory = 0.0K)
Checking Rule SGDC_abstract_port05 (Rule 211 of total 280) .... done (Time = 0.00s, Memory = 0.0K)
Checking Rule SGDC_abstract_port07 (Rule 212 of total 280) .... done (Time = 0.00s, Memory = 0.0K)
Checking Rule SGDC_abstract_port08 (Rule 213 of total 280) .... done (Time = 0.00s, Memory = 0.0K)
Checking Rule SGDC_abstract_port10 (Rule 214 of total 280) .... done (Time = 0.00s, Memory = 0.0K)
Checking Rule SGDC_abstract_port11 (Rule 215 of total 280) .... done (Time = 0.00s, Memory = 0.0K)
Checking Rule SGDC_abstract_port12 (Rule 216 of total 280) .... done (Time = 0.00s, Memory = 0.0K)
Checking Rule SGDC_abstract_port13 (Rule 217 of total 280) .... done (Time = 0.00s, Memory = 0.0K)
Checking Rule ReportUngroup (Rule 218 of total 280) .... done (Time = 0.00s, Memory = -8.0K)
Checking Rule LINT_portReten (Rule 219 of total 280) .... done (Time = 0.00s, Memory = 0.0K)
Checking Rule SGDC_abstract_port21 (Rule 220 of total 280) .... done (Time = 0.00s, Memory = 0.0K)
Checking Rule InferLatch (Rule 221 of total 280) .... done (Time = 0.00s, Memory = 32.0K)
Checking Rule UndrivenInTerm-ML (Rule 222 of total 280) .... done (Time = 0.07s, Memory = 32.0K)
Checking Rule SGDC_assume_path05 (Rule 223 of total 280) .... done (Time = 0.00s, Memory = 0.0K)
 Flattening fullchip_tb (.lib instances separately flattened) ....
 Flattening completed
Checking Rule SGDC_set_case_analysis_LC (Rule 224 of total 280) .... done (Time = 0.00s, Memory = 0.0K)
Checking Rule BufClock (Rule 225 of total 280) .... done (Time = 0.04s, Memory = 1720.0K)
Checking Rule CombLoop (Rule 226 of total 280) .... done (Time = 0.03s, Memory = 768.0K)
Checking Rule STARC05-2.5.1.2 (Rule 227 of total 280) .... done (Time = 0.00s, Memory = 0.0K)
Checking Rule STARC05-1.3.1.3 (Rule 228 of total 280) .... done (Time = 0.00s, Memory = 0.0K)
Checking Rule STARC05-1.4.3.4 (Rule 229 of total 280) .... done (Time = 0.01s, Memory = 0.0K)
Checking Rule FlopClockConstant (Rule 230 of total 280) .... done (Time = 0.00s, Memory = 0.0K)
Checking Rule FlopSRConst (Rule 231 of total 280) .... done (Time = 0.01s, Memory = 0.0K)
Checking Rule FlopEConst (Rule 232 of total 280) .... done (Time = 0.00s, Memory = 0.0K)
Checking Rule checkPinConnectedToSupply (Rule 233 of total 280) .... done (Time = 0.01s, Memory = 0.0K)
Checking Rule W392 (Rule 234 of total 280) .... done (Time = 0.01s, Memory = 96.0K)
Checking Rule W415 (Rule 235 of total 280) .... done (Time = 0.01s, Memory = 8.0K)
Checking Rule LatchFeedback (Rule 236 of total 280) .... done (Time = 0.03s, Memory = 0.0K)
Checking Rule STARC05-2.4.1.5 (Rule 237 of total 280) .... done (Time = 0.00s, Memory = 0.0K)
Checking Rule STARC05-1.2.1.2 (Rule 238 of total 280) .... done (Time = 0.01s, Memory = 96.0K)
Checking Rule AnalyzeBBox (Rule 239 of total 280) .... done (Time = 0.00s, Memory = 0.0K)
Checking Rule ReportCheckDataSummary (Rule 67 of total 280) .... done (Time = 0.00s, Memory = 0.0K)

Generating data for Console...

SpyGlass Rule Checking Complete.

Generating moresimple report from './spyglass-1/lint/lint_rtl/spyglass.vdb' to './spyglass-1/lint/lint_rtl/spyglass_reports/moresimple.rpt' ....

Generating runsummary report from './spyglass-1/lint/lint_rtl/spyglass.vdb' ....

Generating no_msg_reporting_rules report from './spyglass-1/lint/lint_rtl/spyglass.vdb' to './spyglass-1/lint/lint_rtl/spyglass_reports/no_msg_reporting_rules.rpt' ....

Policy specific data (reports) are present in the directory './spyglass-1/lint/lint_rtl/spyglass_reports'.

SpyGlass critical reports for the current run are present in directory './spyglass-1/consolidated_reports/lint_lint_rtl/'.

---------------------------------------------------------------------------------------------
Results Summary:
---------------------------------------------------------------------------------------------
   Goal Run           :      lint/lint_rtl
   Command-line read  :      0 error,      1 warning,      0 information message 
   Design Read        :      0 error,     50 warnings,     2 information messages
      Found 1 top module:
         fullchip_tb   (file: verilog/fullchip_tb.v)

   Blackbox Resolution:      0 error,      0 warning,      0 information message 
   SGDC Checks        :      0 error,      0 warning,      0 information message 
** Policy lint        :      1 error,     55 warnings,     1 information message 
   Policy morelint    :      4 errors,     0 warning,      0 information message 
   Policy starc2005   :      0 error,      1 warning,      0 information message 
   -------------------------------------------------------------------------------------
   Total              :      5 errors,   107 warnings,     3 information messages

  Total Number of Generated Messages     :       115 (5 errors, 107 warnings, 3 Infos)
  Number of Reported Messages            :       115 (5 errors, 107 warnings, 3 Infos)

  NOTE: It is recommended to first fix/reconcile fatals/errors reported on
        lines starting with ** as subsequent issues might be related to it.
        Please re-run SpyGlass once ** prefixed lines are fatal/error clean.

---------------------------------------------------------------------------------------------


run_goal: info: updating spyglass.log with goal summary
run_goal: info: spyglass.log successfully updated with goal summary
run_goal: warning: save/restore disabled for the currently selected goal, design query data is not saved
0 {Rule-checking completed with errors}current_goal: warning: goal `lint/lint_rtl' is already selected - ignoring this command

INFO:    SpyGlass will run goal(s) 'lint/lint_rtl'.


RULE-CHECKING IN MIXED MODE
Loading spyglass (SpyGlass_vP-2019.06-SP1-01) ... (picked from /opt/synopsys/spyglass/P-2019.06-SP1-1/SPYGLASS_HOME/policies/spyglass)
Loading openmore (SpyGlass_vP-2019.06-SP1-01) ... (picked from /opt/synopsys/spyglass/P-2019.06-SP1-1/SPYGLASS_HOME/policies/openmore)
Loading starc (SpyGlass_vP-2019.06-SP1-01) ... (picked from /opt/synopsys/spyglass/P-2019.06-SP1-1/SPYGLASS_HOME/policies/starc)
Loading starc2005 (SpyGlass_vP-2019.06-SP1-01) ... (picked from /opt/synopsys/spyglass/P-2019.06-SP1-1/SPYGLASS_HOME/policies/starc2005)
Loading erc (SpyGlass_vP-2019.06-SP1-01) ... (picked from /opt/synopsys/spyglass/P-2019.06-SP1-1/SPYGLASS_HOME/policies/erc)
Loading simulation (SpyGlass_vP-2019.06-SP1-01) ... (picked from /opt/synopsys/spyglass/P-2019.06-SP1-1/SPYGLASS_HOME/policies/simulation)
Loading lint (SpyGlass_vP-2019.06-SP1-01) ... (picked from /opt/synopsys/spyglass/P-2019.06-SP1-1/SPYGLASS_HOME/policies/lint)
Loading latch (SpyGlass_vP-2019.06-SP1-01) ... (picked from /opt/synopsys/spyglass/P-2019.06-SP1-1/SPYGLASS_HOME/policies/latch)
Loading morelint (SpyGlass_vP-2019.06-SP1-01) ... (picked from /opt/synopsys/spyglass/P-2019.06-SP1-1/SPYGLASS_HOME/policies/morelint)
Loading timing (SpyGlass_vP-2019.06-SP1-01) ... (picked from /opt/synopsys/spyglass/P-2019.06-SP1-1/SPYGLASS_HOME/policies/timing)
Loading starc2002 (SpyGlass_vP-2019.06-SP1-01) ... (picked from /opt/synopsys/spyglass/P-2019.06-SP1-1/SPYGLASS_HOME/policies/starc2002)

WARNING [237]    Following rules can not run on restored design database. Hence, HDL being re-read:
                 STARC05-2.1.4.5
                 STARC05-2.1.5.3
                 STARC05-2.2.3.3
                 STARC05-2.3.1.5b
                 STARC05-2.3.1.6
                 STARC05-2.3.3.1
                 STARC05-2.10.2.3
                 STARC05-2.10.3.2a
                 STARC05-2.11.3.1
                 STARC05-2.1.3.1
                 STARC05-2.3.1.2c
                 STARC05-2.10.1.4a
                 STARC05-2.10.1.4b
                 STARC05-2.3.4.1v
                 sim_race02
                 Prereqs_sim_race07
                 W339a
                 W442a
                 W442b
                 W442c
                 W442f
                 mixedsenselist
                 badimplicitSM1
                 badimplicitSM2
                 badimplicitSM4
                 bothedges
                 W110
                 W122
                 W496a
                 W496b
                 W19
                 W66
                 W116
                 W123
                 W156
                 W215
                 W216
                 W218
                 W224
                 W263
                 W289
                 W317
                 W337
                 W352
                 W362
                 W415a
                 W422
                 W426
                 W480
                 W481a
                 W481b
                 W486
                 W499
                 W502
                 W336
                 W414
                 BlockHeader
                 W292
                 W416
                 W110a
                 W71
                 W240
                 W287a
                 W287b
                 W293
                 W398
                 W421
                 W424
                 W467
                 W505
                 W528
                 W392
                 W450L
                 RegInputOutput-ML
                 ReportPortInfo-ML
                 PragmaComments-ML
                 HVIssue_PreReq
                 NoAssignX-ML
                 ParamWidthMismatch-ML
                 CheckDelayTimescale-ML
                 NoXInCase-ML
                 STARC05-2.5.1.7
                 STARC05-2.1.6.5
                 STARC05-2.5.1.9

        ********** LICENSE FAILURE NOTIFICATION **********
        Some of the required license features could not be checked out.

        Feature name: "save_restore 2019.06 (or > 2019.06)" [No job handle]
        Feature details: "save_restore" (license token)
                     - Required by SpyGlass
                     - Enables use of previously generated database

        SNPSLMD_LICENSE_FILE = 30000@qingteng
        LM_LICENSE_FILE = /opt/synopsys/license/license.dat

        Please check your license setup, or contact your CAD administrator.
        SpyGlass would disable save_restore feature and continue the normal run.
        ********** END OF LICENSE FAILURE NOTIFICATION **********


INFO [76]    Using './spyglass-1/WORK/64' as the Work Directory for 64bit precompiled dump.
Checking Rule PrecompileLibCheck01 (Rule 1 of total 280) .... done (Time = 0.00s, Memory = 0.0K)
Checking Rule PrecompileLibCheck02 (Rule 2 of total 280) .... done (Time = 0.00s, Memory = 0.0K)
Checking Rule PrecompileLibCheck03 (Rule 3 of total 280) .... done (Time = 0.00s, Memory = 0.0K)
Checking Rule PrecompileLibCheck04 (Rule 4 of total 280) .... done (Time = 0.00s, Memory = 0.0K)
Checking Rule AbstractInterface (Rule 5 of total 280) .... done (Time = 0.00s, Memory = 0.0K)
Checking Rule SGDC_assume_path01 (Rule 6 of total 280) .... done (Time = 0.00s, Memory = 0.0K)
Checking Rule SGDC_sdcschema02 (Rule 7 of total 280) .... done (Time = 0.00s, Memory = 32.0K)
Checking Rule SGDC_clock05 (Rule 8 of total 280) .... done (Time = 0.00s, Memory = 0.0K)
Checking Rule SGDC_clock09 (Rule 9 of total 280) .... done (Time = 0.00s, Memory = 0.0K)
Checking Rule SGDC_force_ta05 (Rule 10 of total 280) .... done (Time = 0.00s, Memory = 0.0K)
Checking Rule SGDC_require_path03 (Rule 11 of total 280) .... done (Time = 0.00s, Memory = 0.0K)
Checking Rule SGDC_require_value03 (Rule 12 of total 280) .... done (Time = 0.00s, Memory = 0.0K)
Checking Rule SGDC_voltagedomain05 (Rule 13 of total 280) .... done (Time = 0.00s, Memory = 8.0K)
Checking Rule SGDC_voltagedomain06 (Rule 14 of total 280) .... done (Time = 0.00s, Memory = 0.0K)
Checking Rule SGDC_voltagedomain07 (Rule 15 of total 280) .... done (Time = 0.00s, Memory = 8.0K)
Checking Rule SGDC_powerdomainoutputs02 (Rule 16 of total 280) .... done (Time = 0.00s, Memory = 16.0K)
Checking Rule SGDC_supply01 (Rule 17 of total 280) .... done (Time = 0.00s, Memory = 0.0K)
Checking Rule SGDC_waive01 (Rule 18 of total 280) .... done (Time = 0.00s, Memory = 0.0K)
Checking Rule SGDC_waive02 (Rule 19 of total 280) .... done (Time = 0.00s, Memory = 0.0K)
Checking Rule SGDC_waive03 (Rule 20 of total 280) .... done (Time = 0.00s, Memory = -8.0K)
Checking Rule SGDC_waive04 (Rule 21 of total 280) .... done (Time = 0.00s, Memory = 0.0K)
Checking Rule SGDC_waive05 (Rule 22 of total 280) .... done (Time = 0.00s, Memory = -8.0K)
Checking Rule SGDC_waive06 (Rule 23 of total 280) .... done (Time = 0.00s, Memory = 0.0K)
Checking Rule SGDC_waive07 (Rule 24 of total 280) .... done (Time = 0.00s, Memory = 8.0K)
Checking Rule SGDC_waive08 (Rule 25 of total 280) .... done (Time = 0.00s, Memory = 0.0K)
Checking Rule SGDC_waive09 (Rule 26 of total 280) .... done (Time = 0.00s, Memory = 0.0K)
Checking Rule SGDC_waive10 (Rule 27 of total 280) .... done (Time = 0.00s, Memory = 0.0K)
Checking Rule SGDC_waive11 (Rule 28 of total 280) .... done (Time = 0.00s, Memory = 0.0K)
Checking Rule SGDC_waive12 (Rule 29 of total 280) .... done (Time = 0.00s, Memory = 0.0K)
Checking Rule SGDC_waive13 (Rule 30 of total 280) .... done (Time = 0.00s, Memory = 0.0K)
Checking Rule SGDC_waive21 (Rule 31 of total 280) .... done (Time = 0.00s, Memory = 0.0K)
Checking Rule SGDC_waive22 (Rule 32 of total 280) .... done (Time = 0.00s, Memory = 0.0K)
Checking Rule SGDC_waive30 (Rule 33 of total 280) .... done (Time = 0.00s, Memory = 0.0K)
Checking Rule SGDC_waive32 (Rule 34 of total 280) .... done (Time = 0.00s, Memory = 0.0K)
Checking Rule SGDC_waive33 (Rule 35 of total 280) .... done (Time = 0.00s, Memory = 0.0K)
Checking Rule SGDC_waive36 (Rule 36 of total 280) .... done (Time = 0.00s, Memory = 0.0K)
Checking Rule SGDC_waive38 (Rule 37 of total 280) .... done (Time = 0.00s, Memory = 0.0K)
Checking Rule SGDC_fifo01 (Rule 38 of total 280) .... done (Time = 0.00s, Memory = 0.0K)
Checking Rule SGDC_libgroup01 (Rule 39 of total 280) .... done (Time = 0.00s, Memory = 0.0K)
Checking Rule SGDC_libgroup02 (Rule 40 of total 280) .... done (Time = 0.00s, Memory = 8.0K)
Checking Rule SGDC_libgroup04 (Rule 41 of total 280) .... done (Time = 0.00s, Memory = 0.0K)
Checking Rule SGDC_power_data01 (Rule 42 of total 280) .... done (Time = 0.00s, Memory = -16.0K)
Checking Rule SGDC_ungroup01 (Rule 43 of total 280) .... done (Time = 0.00s, Memory = -32.0K)
Checking Rule SGDC_abstract_port06 (Rule 44 of total 280) .... done (Time = 0.00s, Memory = 8.0K)
Checking Rule SGDC_abstract_port14 (Rule 45 of total 280) .... done (Time = 0.00s, Memory = 0.0K)
Checking Rule SGDC_abstract_port15 (Rule 46 of total 280) .... done (Time = 0.00s, Memory = 8.0K)
Checking Rule SGDC_abstract_port18 (Rule 47 of total 280) .... done (Time = 0.00s, Memory = 32.0K)
Checking Rule sdc_init_rule (Rule 48 of total 280) .... done (Time = 0.00s, Memory = 0.0K)
Checking Rule CMD_ignorelibs01 (Rule 49 of total 280) .... done (Time = 0.00s, Memory = 0.0K)
Checking Rule ReportRuleNotRun (Rule 50 of total 280) .... done (Time = 0.01s, Memory = 0.0K)
Checking Rule STARC05-2.3.1.2c (Rule 51 of total 280) .... done (Time = 0.00s, Memory = 0.0K)
Checking Rule W442a (Rule 52 of total 280) .... done (Time = 0.00s, Memory = 0.0K)
Checking Rule W442b (Rule 53 of total 280) .... done (Time = 0.00s, Memory = 0.0K)
Checking Rule W442c (Rule 54 of total 280) .... done (Time = 0.00s, Memory = 0.0K)
Checking Rule W442f (Rule 55 of total 280) .... done (Time = 0.00s, Memory = 0.0K)
Checking Rule mixedsenselist (Rule 56 of total 280) .... done (Time = 0.00s, Memory = 0.0K)
Checking Rule badimplicitSM1 (Rule 57 of total 280) .... done (Time = 0.00s, Memory = 0.0K)
Checking Rule badimplicitSM2 (Rule 58 of total 280) .... done (Time = 0.00s, Memory = 0.0K)
Checking Rule badimplicitSM4 (Rule 59 of total 280) .... done (Time = 0.00s, Memory = 0.0K)
Checking Rule bothedges (Rule 60 of total 280) .... done (Time = 0.00s, Memory = 32.0K)
Checking Rule BlockHeader (Rule 61 of total 280) .... done (Time = 0.00s, Memory = 0.0K)
Checking Rule W421 (Rule 62 of total 280) .... done (Time = 0.00s, Memory = 0.0K)
Checking Rule STARC05-2.1.6.5 (Rule 63 of total 280) .... done (Time = 0.00s, Memory = 0.0K)
Checking Rule ReportStopSummary (Rule 64 of total 280) .... done (Time = 0.00s, Memory = 0.0K)
Checking Rule ReportIgnoreSummary (Rule 65 of total 280) .... done (Time = 0.00s, Memory = 0.0K)
 Analyzing source file "verilog/core.v" ....
 Analyzing source file "verilog/fifo_depth16.v" ....
 Analyzing source file "verilog/fifo_mux_2_1.v" ....
 Analyzing source file "verilog/fifo_mux_8_1.v" ....
 Analyzing source file "verilog/fifo_mux_16_1.v" ....
 Analyzing source file "verilog/fullchip.v" ....
 Analyzing source file "verilog/fullchip_tb.v" ....
 Analyzing source file "verilog/mac_8in.v" ....
 Analyzing source file "verilog/sram_w16.v" ....
 Analyzing source file "verilog/mac_array.v" ....
 Analyzing source file "verilog/mac_col.v" ....
 Analyzing source file "verilog/ofifo.v" ....
 Elaborating Top Verilog Design Unit 'fullchip_tb' .....
 done
Checking Rule ElabSummary (Rule 66 of total 280) .... done (Time = 0.00s, Memory = 0.0K)
Checking Rule ReportCheckDataSummary (Rule 67 of total 280) .... done (Time = 0.00s, Memory = 0.0K)
 Reading waiver file "./spyglass-1/lint/lint_rtl/spyglass_spysch/constraint/spg_autogenerated_waivers.sgdc" ...
 Generating SGDC file "./spyglass-1/lint/lint_rtl/spyglass_spysch/constraint/pragma2Constraint.sgdc" from pragmas in HDL source files ....
 Generating WAIVER file "./spyglass-1/lint/lint_rtl/spyglass_spysch/waiver/pragma2Waiver.swl" from pragmas in HDL source files ....
Checking Rule DetectTopDesignUnits (Rule 68 of total 280)
 Detected 1 top level design units:
     fullchip_tb
 .... done (Time = 0.00s, Memory = -8.0K)
Performing semantic checks on SGDC contents
Checking Rule SGDC_testmode03 (Rule 69 of total 280) .... done (Time = 0.00s, Memory = 0.0K)
Checking Rule ReportObsoletePragmas (Rule 70 of total 280) .... done (Time = 0.00s, Memory = 0.0K)
Checking Rule checkSGDC_01 (Rule 71 of total 280) .... done (Time = 0.00s, Memory = 0.0K)
Checking Rule checkSGDC_03 (Rule 72 of total 280) .... done (Time = 0.00s, Memory = 0.0K)
Checking Rule checkSGDC_08 (Rule 73 of total 280) .... done (Time = 0.00s, Memory = 0.0K)
Checking Rule GenerateConfMap (Rule 74 of total 280) .... done (Time = 0.00s, Memory = 0.0K)
Checking Rule SGDC_memorywritepin04 (Rule 75 of total 280) .... done (Time = 0.00s, Memory = 32.0K)
Checking Rule SGDC_reset02 (Rule 76 of total 280) .... done (Time = 0.00s, Memory = 0.0K)
Checking Rule SGDC_reset03 (Rule 77 of total 280) .... done (Time = 0.00s, Memory = 0.0K)
Checking Rule SGDC_libgroup03 (Rule 78 of total 280) .... done (Time = 0.00s, Memory = 0.0K)
Checking Rule SGDC_ungroup02 (Rule 79 of total 280) .... done (Time = 0.00s, Memory = -32.0K)
Checking Rule HdlLibDuCheck (Rule 80 of total 280) .... done (Time = 0.01s, Memory = 0.0K)
Checking Rule RtlDesignInfo (Rule 81 of total 280) .... done (Time = 0.00s, Memory = 0.0K)
Checking Rule W339a (Rule 82 of total 280) .... done (Time = 0.00s, Memory = 8.0K)
Checking Rule W416 (Rule 83 of total 280) .... done (Time = 0.00s, Memory = 0.0K)
Checking Rule mixedsenselist (Rule 84 of total 280) .... done (Time = 0.00s, Memory = 0.0K)
Checking Rule W110a (Rule 85 of total 280) .... done (Time = 0.00s, Memory = 0.0K)
Checking Rule preReq_ConsCase2 (Rule 86 of total 280) .... done (Time = 0.00s, Memory = 0.0K)
Checking Rule preReq_3.5.6.4 (Rule 87 of total 280) .... done (Time = 0.00s, Memory = 0.0K)
Checking Rule preReq_ConsCase (Rule 88 of total 280) .... done (Time = 0.00s, Memory = 0.0K)
Checking Rule STARC05-AlwaysParamSetup (Rule 89 of total 280) .... done (Time = 0.00s, Memory = 0.0K)
Checking Rule STARC05-ProcessParamSetup (Rule 90 of total 280) .... done (Time = 0.00s, Memory = 0.0K)
Checking Rule preReq_W351 (Rule 91 of total 280) .... done (Time = 0.00s, Memory = 0.0K)
Checking Rule Latch_VePreReqRule (Rule 92 of total 280) .... done (Time = 0.00s, Memory = 0.0K)
Checking Rule preReq_FindStringInComment-ML (Rule 93 of total 280) .... done (Time = 0.00s, Memory = 0.0K)
Checking Rule CheckCelldefine (Rule 94 of total 280) .... done (Time = 0.00s, Memory = 0.0K)
Checking Rule SGDC_waive23 (Rule 95 of total 280) .... done (Time = 0.00s, Memory = -24.0K)
Checking Rule SGDC_waive26 (Rule 96 of total 280) .... done (Time = 0.00s, Memory = 0.0K)
Checking Rule SGDC_waive27 (Rule 97 of total 280) .... done (Time = 0.00s, Memory = 0.0K)
Checking Rule SGDC_waive29 (Rule 98 of total 280) .... done (Time = 0.00s, Memory = 0.0K)
Checking Rule Prereqs_RegOutputs (Rule 99 of total 280) .... done (Time = 0.00s, Memory = 0.0K)
Checking Rule STARC05-2.1.4.5 (Rule 100 of total 280) .... done (Time = 0.00s, Memory = 0.0K)
Checking Rule STARC05-2.3.1.5b (Rule 101 of total 280) .... done (Time = 0.00s, Memory = 0.0K)
Checking Rule STARC05-2.3.3.1 (Rule 102 of total 280) .... done (Time = 0.00s, Memory = 0.0K)
Checking Rule STARC05-2.3.3.1 (Rule 103 of total 280) .... done (Time = 0.00s, Memory = 0.0K)
Checking Rule STARC05-2.11.3.1 (Rule 104 of total 280) .... done (Time = 0.00s, Memory = 0.0K)
Checking Rule Prereqs_sim_race11 (Rule 105 of total 280) .... done (Time = 0.00s, Memory = 0.0K)
Checking Rule W496b (Rule 106 of total 280) .... done (Time = 0.00s, Memory = 24.0K)
Checking Rule W317 (Rule 107 of total 280) .... done (Time = 0.00s, Memory = 0.0K)
Checking Rule W422 (Rule 108 of total 280) .... done (Time = 0.00s, Memory = 0.0K)
Checking Rule W426 (Rule 109 of total 280) .... done (Time = 0.00s, Memory = 0.0K)
Checking Rule W480 (Rule 110 of total 280) .... done (Time = 0.00s, Memory = 0.0K)
Checking Rule W481a (Rule 111 of total 280) .... done (Time = 0.00s, Memory = 0.0K)
Checking Rule W481b (Rule 112 of total 280) .... done (Time = 0.00s, Memory = 0.0K)
Checking Rule W422 (Rule 113 of total 280) .... done (Time = 0.00s, Memory = 0.0K)
Checking Rule W292 (Rule 114 of total 280) .... done (Time = 0.00s, Memory = 0.0K)
Checking Rule W71 (Rule 115 of total 280) .... done (Time = 0.00s, Memory = 0.0K)
Checking Rule W287b (Rule 116 of total 280) .... done (Time = 0.00s, Memory = 0.0K)
Checking Rule W293 (Rule 117 of total 280) .... done (Time = 0.00s, Memory = 0.0K)
Checking Rule W398 (Rule 118 of total 280) .... done (Time = 0.00s, Memory = 0.0K)
Checking Rule W421 (Rule 119 of total 280) .... done (Time = 0.00s, Memory = 24.0K)
Checking Rule W424 (Rule 120 of total 280) .... done (Time = 0.00s, Memory = 0.0K)
Checking Rule W467 (Rule 121 of total 280) .... done (Time = 0.00s, Memory = 0.0K)
Checking Rule Prereqs_RegInputOutputs (Rule 122 of total 280) .... done (Time = 0.00s, Memory = 32.0K)
Checking Rule PragmaComments-ML (Rule 123 of total 280) .... done (Time = 0.00s, Memory = 8.0K)
Checking Rule PragmaComments-ML (Rule 124 of total 280) .... done (Time = 0.00s, Memory = 0.0K)
Checking Rule CheckDelayTimescale-ML (Rule 125 of total 280) .... done (Time = 0.00s, Memory = 0.0K)
Checking Rule Prereqs_CheckTimeUnitandPrecision-ML (Rule 126 of total 280) .... done (Time = 0.00s, Memory = 0.0K)
Checking Rule Prereqs_InclFileSetup-ML (Rule 127 of total 280) .... done (Time = 0.00s, Memory = 0.0K)
Checking ELABDU Rules for designUnit fullchip_tb
    Checking Rule Prereqs_STARC-2.3.6.1 (Rule 128 of total 280) .... done (Time = 0.00s, Memory = 0.0K)
    Checking Rule Prereqs_InferLatch (Rule 129 of total 280) .... done (Time = 0.00s, Memory = 0.0K)
    Checking Rule STARC05-2.1.5.3 (Rule 130 of total 280) .... done (Time = 0.00s, Memory = 0.0K)
    Checking Rule STARC05-2.2.3.3 (Rule 131 of total 280) .... done (Time = 0.00s, Memory = 0.0K)
    Checking Rule STARC05-2.3.1.6 (Rule 132 of total 280) .... done (Time = 0.00s, Memory = 0.0K)
    Checking Rule STARC05-2.10.2.3 (Rule 133 of total 280) .... done (Time = 0.00s, Memory = 0.0K)
    Checking Rule STARC05-2.10.3.2a (Rule 134 of total 280) .... done (Time = 0.00s, Memory = 24.0K)
    Checking Rule STARC05-2.11.3.1 (Rule 135 of total 280) .... done (Time = 0.00s, Memory = -32.0K)
    Checking Rule STARC05-2.1.3.1 (Rule 136 of total 280) .... done (Time = 0.00s, Memory = 0.0K)
    Checking Rule STARC05-2.10.1.4a (Rule 137 of total 280) .... done (Time = 0.00s, Memory = 0.0K)
    Checking Rule STARC05-2.10.1.4b (Rule 138 of total 280) .... done (Time = 0.00s, Memory = 0.0K)
    Checking Rule sim_race02 (Rule 139 of total 280) .... done (Time = 0.00s, Memory = 0.0K)
    Checking Rule W110 (Rule 140 of total 280) .... done (Time = 0.00s, Memory = 0.0K)
    Checking Rule W122 (Rule 141 of total 280) .... done (Time = 0.00s, Memory = 0.0K)
    Checking Rule W496a (Rule 142 of total 280) .... done (Time = 0.00s, Memory = 0.0K)
    Checking Rule W19 (Rule 143 of total 280) .... done (Time = 0.00s, Memory = 0.0K)
    Checking Rule W66 (Rule 144 of total 280) .... done (Time = 0.00s, Memory = 0.0K)
    Checking Rule W116 (Rule 145 of total 280) .... done (Time = 0.00s, Memory = 8.0K)
    Checking Rule W123 (Rule 146 of total 280) .... done (Time = 0.00s, Memory = -8.0K)
    Checking Rule W156 (Rule 147 of total 280) .... done (Time = 0.00s, Memory = 0.0K)
    Checking Rule W215 (Rule 148 of total 280) .... done (Time = 0.00s, Memory = 0.0K)
    Checking Rule W216 (Rule 149 of total 280) .... done (Time = 0.00s, Memory = 0.0K)
    Checking Rule W218 (Rule 150 of total 280) .... done (Time = 0.00s, Memory = 0.0K)
    Checking Rule W224 (Rule 151 of total 280) .... done (Time = 0.00s, Memory = 0.0K)
    Checking Rule W263 (Rule 152 of total 280) .... done (Time = 0.00s, Memory = 0.0K)
    Checking Rule W289 (Rule 153 of total 280) .... done (Time = 0.00s, Memory = 0.0K)
    Checking Rule W337 (Rule 154 of total 280) .... done (Time = 0.00s, Memory = 0.0K)
    Checking Rule W352 (Rule 155 of total 280) .... done (Time = 0.00s, Memory = 0.0K)
    Checking Rule W362 (Rule 156 of total 280) .... done (Time = 0.00s, Memory = 24.0K)
    Checking Rule W415a (Rule 157 of total 280) .... done (Time = 0.00s, Memory = -24.0K)
    Checking Rule W486 (Rule 158 of total 280) .... done (Time = 0.00s, Memory = 0.0K)
    Checking Rule W499 (Rule 159 of total 280) .... done (Time = 0.00s, Memory = 0.0K)
    Checking Rule W502 (Rule 160 of total 280) .... done (Time = 0.00s, Memory = 0.0K)
    Checking Rule W116 (Rule 161 of total 280) .... done (Time = 0.00s, Memory = 0.0K)
    Checking Rule W122 (Rule 162 of total 280) .... done (Time = 0.00s, Memory = 0.0K)
    Checking Rule W123 (Rule 163 of total 280) .... done (Time = 0.00s, Memory = 0.0K)
    Checking Rule W156 (Rule 164 of total 280) .... done (Time = 0.00s, Memory = 0.0K)
    Checking Rule W71 (Rule 165 of total 280) .... done (Time = 0.00s, Memory = 0.0K)
    Checking Rule W240 (Rule 166 of total 280) .... done (Time = 0.00s, Memory = 0.0K)
    Checking Rule W240 (Rule 167 of total 280) .... done (Time = 0.00s, Memory = 0.0K)
    Checking Rule W287a (Rule 168 of total 280) .... done (Time = 0.00s, Memory = 24.0K)
    Checking Rule W293 (Rule 169 of total 280) .... done (Time = 0.00s, Memory = 0.0K)
    Checking Rule W398 (Rule 170 of total 280) .... done (Time = 0.00s, Memory = -32.0K)
    Checking Rule W424 (Rule 171 of total 280) .... done (Time = 0.00s, Memory = 0.0K)
    Checking Rule W467 (Rule 172 of total 280) .... done (Time = 0.00s, Memory = 0.0K)
    Checking Rule W505 (Rule 173 of total 280) .... done (Time = 0.00s, Memory = 0.0K)
    Checking Rule W505 (Rule 174 of total 280) .... done (Time = 0.00s, Memory = 0.0K)
    Checking Rule W528 (Rule 175 of total 280) .... done (Time = 0.00s, Memory = 0.0K)
    Checking Rule W528 (Rule 176 of total 280) .... done (Time = 0.00s, Memory = 576.0K)
    Checking Rule Prereqs_Usage (Rule 177 of total 280) .... done (Time = 0.00s, Memory = -16.0K)
    Checking Rule Postreqs_CheckFuncTask (Rule 178 of total 280) .... done (Time = 0.00s, Memory = 0.0K)
    Checking Rule Prereqs_ConstantInput-ML (Rule 179 of total 280) .... done (Time = 0.00s, Memory = 0.0K)
    Checking Rule Prereqs_ConstantInput-ML (Rule 180 of total 280) .... done (Time = 0.00s, Memory = 0.0K)
    Checking Rule Prereqs_RptNegEdgeFF-ML (Rule 181 of total 280) .... done (Time = 0.00s, Memory = 0.0K)
    Checking Rule ReportPortInfo-ML (Rule 182 of total 280) .... done (Time = 0.00s, Memory = 0.0K)
    Checking Rule Prereqs_ReportPortInfo-ML (Rule 183 of total 280) .... done (Time = 0.00s, Memory = 0.0K)
    Checking Rule Prereqs_ReportPortInfo-ML (Rule 184 of total 280) .... done (Time = 0.00s, Memory = 0.0K)
    Checking Rule NoAssignX-ML (Rule 185 of total 280) .... done (Time = 0.00s, Memory = 0.0K)
    Checking Rule ParamWidthMismatch-ML (Rule 186 of total 280) .... done (Time = 0.00s, Memory = 0.0K)
    Checking Rule Postreqs_Usage_ML (Rule 187 of total 280) .... done (Time = 0.00s, Memory = 24.0K)
    Checking Rule NoXInCase-ML (Rule 188 of total 280) .... done (Time = 0.00s, Memory = 0.0K)
Checking ELABDU Rules for designUnit fullchip
    Checking Rule Prereqs_STARC-2.3.6.1 (Rule 128 of total 280) .... done (Time = 0.00s, Memory = 0.0K)
    Checking Rule Prereqs_InferLatch (Rule 129 of total 280) .... done (Time = 0.00s, Memory = 0.0K)
    Checking Rule STARC05-2.1.5.3 (Rule 130 of total 280) .... done (Time = 0.00s, Memory = 0.0K)
    Checking Rule STARC05-2.2.3.3 (Rule 131 of total 280) .... done (Time = 0.00s, Memory = 0.0K)
    Checking Rule STARC05-2.3.1.6 (Rule 132 of total 280) .... done (Time = 0.00s, Memory = 0.0K)
    Checking Rule STARC05-2.10.2.3 (Rule 133 of total 280) .... done (Time = 0.00s, Memory = 0.0K)
    Checking Rule STARC05-2.10.3.2a (Rule 134 of total 280) .... done (Time = 0.00s, Memory = 0.0K)
    Checking Rule STARC05-2.11.3.1 (Rule 135 of total 280) .... done (Time = 0.00s, Memory = 0.0K)
    Checking Rule STARC05-2.1.3.1 (Rule 136 of total 280) .... done (Time = 0.00s, Memory = -8.0K)
    Checking Rule STARC05-2.10.1.4a (Rule 137 of total 280) .... done (Time = 0.00s, Memory = 0.0K)
    Checking Rule STARC05-2.10.1.4b (Rule 138 of total 280) .... done (Time = 0.00s, Memory = 0.0K)
    Checking Rule sim_race02 (Rule 139 of total 280) .... done (Time = 0.00s, Memory = -8.0K)
    Checking Rule W110 (Rule 140 of total 280) .... done (Time = 0.00s, Memory = 0.0K)
    Checking Rule W122 (Rule 141 of total 280) .... done (Time = 0.00s, Memory = 0.0K)
    Checking Rule W496a (Rule 142 of total 280) .... done (Time = 0.00s, Memory = 0.0K)
    Checking Rule W19 (Rule 143 of total 280) .... done (Time = 0.00s, Memory = 0.0K)
    Checking Rule W66 (Rule 144 of total 280) .... done (Time = 0.00s, Memory = 0.0K)
    Checking Rule W116 (Rule 145 of total 280) .... done (Time = 0.00s, Memory = 0.0K)
    Checking Rule W123 (Rule 146 of total 280) .... done (Time = 0.00s, Memory = 16.0K)
    Checking Rule W156 (Rule 147 of total 280) .... done (Time = 0.00s, Memory = 0.0K)
    Checking Rule W215 (Rule 148 of total 280) .... done (Time = 0.00s, Memory = 0.0K)
    Checking Rule W216 (Rule 149 of total 280) .... done (Time = 0.00s, Memory = 0.0K)
    Checking Rule W218 (Rule 150 of total 280) .... done (Time = 0.00s, Memory = 0.0K)
    Checking Rule W224 (Rule 151 of total 280) .... done (Time = 0.00s, Memory = 0.0K)
    Checking Rule W263 (Rule 152 of total 280) .... done (Time = 0.00s, Memory = 0.0K)
    Checking Rule W289 (Rule 153 of total 280) .... done (Time = 0.00s, Memory = 0.0K)
    Checking Rule W337 (Rule 154 of total 280) .... done (Time = 0.00s, Memory = 0.0K)
    Checking Rule W352 (Rule 155 of total 280) .... done (Time = 0.00s, Memory = 0.0K)
    Checking Rule W362 (Rule 156 of total 280) .... done (Time = 0.00s, Memory = 0.0K)
    Checking Rule W415a (Rule 157 of total 280) .... done (Time = 0.00s, Memory = 0.0K)
    Checking Rule W486 (Rule 158 of total 280) .... done (Time = 0.00s, Memory = 0.0K)
    Checking Rule W499 (Rule 159 of total 280) .... done (Time = 0.00s, Memory = 0.0K)
    Checking Rule W502 (Rule 160 of total 280) .... done (Time = 0.00s, Memory = 0.0K)
    Checking Rule W116 (Rule 161 of total 280) .... done (Time = 0.00s, Memory = 0.0K)
    Checking Rule W122 (Rule 162 of total 280) .... done (Time = 0.00s, Memory = 0.0K)
    Checking Rule W123 (Rule 163 of total 280) .... done (Time = 0.00s, Memory = 0.0K)
    Checking Rule W156 (Rule 164 of total 280) .... done (Time = 0.00s, Memory = 0.0K)
    Checking Rule W71 (Rule 165 of total 280) .... done (Time = 0.00s, Memory = 0.0K)
    Checking Rule W240 (Rule 166 of total 280) .... done (Time = 0.00s, Memory = 0.0K)
    Checking Rule W240 (Rule 167 of total 280) .... done (Time = 0.00s, Memory = 0.0K)
    Checking Rule W287a (Rule 168 of total 280) .... done (Time = 0.00s, Memory = 0.0K)
    Checking Rule W293 (Rule 169 of total 280) .... done (Time = 0.00s, Memory = 8.0K)
    Checking Rule W398 (Rule 170 of total 280) .... done (Time = 0.00s, Memory = 0.0K)
    Checking Rule W424 (Rule 171 of total 280) .... done (Time = 0.00s, Memory = -24.0K)
    Checking Rule W467 (Rule 172 of total 280) .... done (Time = 0.00s, Memory = 0.0K)
    Checking Rule W505 (Rule 173 of total 280) .... done (Time = 0.00s, Memory = 8.0K)
    Checking Rule W505 (Rule 174 of total 280) .... done (Time = 0.00s, Memory = 0.0K)
    Checking Rule W528 (Rule 175 of total 280) .... done (Time = 0.00s, Memory = 0.0K)
    Checking Rule W528 (Rule 176 of total 280) .... done (Time = 0.00s, Memory = 576.0K)
    Checking Rule Prereqs_Usage (Rule 177 of total 280) .... done (Time = 0.00s, Memory = -16.0K)
    Checking Rule Postreqs_CheckFuncTask (Rule 178 of total 280) .... done (Time = 0.00s, Memory = 8.0K)
    Checking Rule Prereqs_ConstantInput-ML (Rule 179 of total 280) .... done (Time = 0.00s, Memory = -8.0K)
    Checking Rule Prereqs_ConstantInput-ML (Rule 180 of total 280) .... done (Time = 0.00s, Memory = 0.0K)
    Checking Rule Prereqs_RptNegEdgeFF-ML (Rule 181 of total 280) .... done (Time = 0.00s, Memory = 0.0K)
    Checking Rule ReportPortInfo-ML (Rule 182 of total 280) .... done (Time = 0.00s, Memory = 0.0K)
    Checking Rule Prereqs_ReportPortInfo-ML (Rule 183 of total 280) .... done (Time = 0.00s, Memory = 0.0K)
    Checking Rule Prereqs_ReportPortInfo-ML (Rule 184 of total 280) .... done (Time = 0.00s, Memory = 2048.0K)
    Checking Rule NoAssignX-ML (Rule 185 of total 280) .... done (Time = 0.00s, Memory = 0.0K)
    Checking Rule ParamWidthMismatch-ML (Rule 186 of total 280) .... done (Time = 0.00s, Memory = 0.0K)
    Checking Rule Postreqs_Usage_ML (Rule 187 of total 280) .... done (Time = 0.00s, Memory = 0.0K)
    Checking Rule NoXInCase-ML (Rule 188 of total 280) .... done (Time = 0.00s, Memory = 0.0K)
Checking ELABDU Rules for designUnit core
    Checking Rule Prereqs_STARC-2.3.6.1 (Rule 128 of total 280) .... done (Time = 0.00s, Memory = 0.0K)
    Checking Rule Prereqs_InferLatch (Rule 129 of total 280) .... done (Time = 0.00s, Memory = 0.0K)
    Checking Rule STARC05-2.1.5.3 (Rule 130 of total 280) .... done (Time = 0.00s, Memory = 0.0K)
    Checking Rule STARC05-2.2.3.3 (Rule 131 of total 280) .... done (Time = 0.00s, Memory = 0.0K)
    Checking Rule STARC05-2.3.1.6 (Rule 132 of total 280) .... done (Time = 0.00s, Memory = 0.0K)
    Checking Rule STARC05-2.10.2.3 (Rule 133 of total 280) .... done (Time = 0.00s, Memory = 0.0K)
    Checking Rule STARC05-2.10.3.2a (Rule 134 of total 280) .... done (Time = 0.00s, Memory = 0.0K)
    Checking Rule STARC05-2.11.3.1 (Rule 135 of total 280) .... done (Time = 0.00s, Memory = 0.0K)
    Checking Rule STARC05-2.1.3.1 (Rule 136 of total 280) .... done (Time = 0.00s, Memory = -8.0K)
    Checking Rule STARC05-2.10.1.4a (Rule 137 of total 280) .... done (Time = 0.00s, Memory = -32.0K)
    Checking Rule STARC05-2.10.1.4b (Rule 138 of total 280) .... done (Time = 0.00s, Memory = 0.0K)
    Checking Rule sim_race02 (Rule 139 of total 280) .... done (Time = 0.00s, Memory = -8.0K)
    Checking Rule W110 (Rule 140 of total 280) .... done (Time = 0.00s, Memory = 0.0K)
    Checking Rule W122 (Rule 141 of total 280) .... done (Time = 0.00s, Memory = 0.0K)
    Checking Rule W496a (Rule 142 of total 280) .... done (Time = 0.00s, Memory = 0.0K)
    Checking Rule W19 (Rule 143 of total 280) .... done (Time = 0.00s, Memory = 0.0K)
    Checking Rule W66 (Rule 144 of total 280) .... done (Time = 0.00s, Memory = 0.0K)
    Checking Rule W116 (Rule 145 of total 280) .... done (Time = 0.00s, Memory = 0.0K)
    Checking Rule W123 (Rule 146 of total 280) .... done (Time = 0.00s, Memory = 16.0K)
    Checking Rule W156 (Rule 147 of total 280) .... done (Time = 0.00s, Memory = 0.0K)
    Checking Rule W215 (Rule 148 of total 280) .... done (Time = 0.00s, Memory = 0.0K)
    Checking Rule W216 (Rule 149 of total 280) .... done (Time = 0.00s, Memory = -8.0K)
    Checking Rule W218 (Rule 150 of total 280) .... done (Time = 0.00s, Memory = 0.0K)
    Checking Rule W224 (Rule 151 of total 280) .... done (Time = 0.00s, Memory = 0.0K)
    Checking Rule W263 (Rule 152 of total 280) .... done (Time = 0.00s, Memory = 0.0K)
    Checking Rule W289 (Rule 153 of total 280) .... done (Time = 0.00s, Memory = 0.0K)
    Checking Rule W337 (Rule 154 of total 280) .... done (Time = 0.00s, Memory = 0.0K)
    Checking Rule W352 (Rule 155 of total 280) .... done (Time = 0.00s, Memory = 0.0K)
    Checking Rule W362 (Rule 156 of total 280) .... done (Time = 0.00s, Memory = 0.0K)
    Checking Rule W415a (Rule 157 of total 280) .... done (Time = 0.00s, Memory = 0.0K)
    Checking Rule W486 (Rule 158 of total 280) .... done (Time = 0.00s, Memory = 0.0K)
    Checking Rule W499 (Rule 159 of total 280) .... done (Time = 0.00s, Memory = 0.0K)
    Checking Rule W502 (Rule 160 of total 280) .... done (Time = 0.00s, Memory = 0.0K)
    Checking Rule W116 (Rule 161 of total 280) .... done (Time = 0.00s, Memory = 0.0K)
    Checking Rule W122 (Rule 162 of total 280) .... done (Time = 0.00s, Memory = 0.0K)
    Checking Rule W123 (Rule 163 of total 280) .... done (Time = 0.00s, Memory = 0.0K)
    Checking Rule W156 (Rule 164 of total 280) .... done (Time = 0.00s, Memory = 0.0K)
    Checking Rule W71 (Rule 165 of total 280) .... done (Time = 0.00s, Memory = 0.0K)
    Checking Rule W240 (Rule 166 of total 280) .... done (Time = 0.00s, Memory = 0.0K)
    Checking Rule W240 (Rule 167 of total 280) .... done (Time = 0.00s, Memory = 0.0K)
    Checking Rule W287a (Rule 168 of total 280) .... done (Time = 0.00s, Memory = 8.0K)
    Checking Rule W293 (Rule 169 of total 280) .... done (Time = 0.00s, Memory = 0.0K)
    Checking Rule W398 (Rule 170 of total 280) .... done (Time = 0.00s, Memory = 0.0K)
    Checking Rule W424 (Rule 171 of total 280) .... done (Time = 0.00s, Memory = 0.0K)
    Checking Rule W467 (Rule 172 of total 280) .... done (Time = 0.00s, Memory = 0.0K)
    Checking Rule W505 (Rule 173 of total 280) .... done (Time = 0.00s, Memory = 0.0K)
    Checking Rule W505 (Rule 174 of total 280) .... done (Time = 0.00s, Memory = 0.0K)
    Checking Rule W528 (Rule 175 of total 280) .... done (Time = 0.00s, Memory = 0.0K)
    Checking Rule W528 (Rule 176 of total 280) .... done (Time = 0.00s, Memory = 576.0K)
    Checking Rule Prereqs_Usage (Rule 177 of total 280) .... done (Time = 0.00s, Memory = -16.0K)
    Checking Rule Postreqs_CheckFuncTask (Rule 178 of total 280) .... done (Time = 0.00s, Memory = 0.0K)
    Checking Rule Prereqs_ConstantInput-ML (Rule 179 of total 280) .... done (Time = 0.00s, Memory = 0.0K)
    Checking Rule Prereqs_ConstantInput-ML (Rule 180 of total 280) .... done (Time = 0.00s, Memory = 0.0K)
    Checking Rule Prereqs_RptNegEdgeFF-ML (Rule 181 of total 280) .... done (Time = 0.00s, Memory = 0.0K)
    Checking Rule ReportPortInfo-ML (Rule 182 of total 280) .... done (Time = 0.00s, Memory = 0.0K)
    Checking Rule Prereqs_ReportPortInfo-ML (Rule 183 of total 280) .... done (Time = 0.00s, Memory = 0.0K)
    Checking Rule Prereqs_ReportPortInfo-ML (Rule 184 of total 280) .... done (Time = 0.00s, Memory = 0.0K)
    Checking Rule NoAssignX-ML (Rule 185 of total 280) .... done (Time = 0.00s, Memory = 0.0K)
    Checking Rule ParamWidthMismatch-ML (Rule 186 of total 280) .... done (Time = 0.00s, Memory = 0.0K)
    Checking Rule Postreqs_Usage_ML (Rule 187 of total 280) .... done (Time = 0.00s, Memory = 0.0K)
    Checking Rule NoXInCase-ML (Rule 188 of total 280) .... done (Time = 0.00s, Memory = 0.0K)
Checking ELABDU Rules for designUnit mac_array
    Checking Rule Prereqs_STARC-2.3.6.1 (Rule 128 of total 280) .... done (Time = 0.00s, Memory = 0.0K)
    Checking Rule Prereqs_InferLatch (Rule 129 of total 280) .... done (Time = 0.00s, Memory = 0.0K)
    Checking Rule STARC05-2.1.5.3 (Rule 130 of total 280) .... done (Time = 0.00s, Memory = 0.0K)
    Checking Rule STARC05-2.2.3.3 (Rule 131 of total 280) .... done (Time = 0.00s, Memory = 0.0K)
    Checking Rule STARC05-2.3.1.6 (Rule 132 of total 280) .... done (Time = 0.00s, Memory = 0.0K)
    Checking Rule STARC05-2.10.2.3 (Rule 133 of total 280) .... done (Time = 0.00s, Memory = 0.0K)
    Checking Rule STARC05-2.10.3.2a (Rule 134 of total 280) .... done (Time = 0.00s, Memory = 0.0K)
    Checking Rule STARC05-2.11.3.1 (Rule 135 of total 280) .... done (Time = 0.00s, Memory = 32.0K)
    Checking Rule STARC05-2.1.3.1 (Rule 136 of total 280) .... done (Time = 0.00s, Memory = 0.0K)
    Checking Rule STARC05-2.10.1.4a (Rule 137 of total 280) .... done (Time = 0.00s, Memory = 0.0K)
    Checking Rule STARC05-2.10.1.4b (Rule 138 of total 280) .... done (Time = 0.00s, Memory = 0.0K)
    Checking Rule sim_race02 (Rule 139 of total 280) .... done (Time = 0.00s, Memory = 0.0K)
    Checking Rule W110 (Rule 140 of total 280) .... done (Time = 0.00s, Memory = 0.0K)
    Checking Rule W122 (Rule 141 of total 280) .... done (Time = 0.00s, Memory = 0.0K)
    Checking Rule W496a (Rule 142 of total 280) .... done (Time = 0.00s, Memory = 0.0K)
    Checking Rule W19 (Rule 143 of total 280) .... done (Time = 0.00s, Memory = 0.0K)
    Checking Rule W66 (Rule 144 of total 280) .... done (Time = 0.00s, Memory = 0.0K)
    Checking Rule W116 (Rule 145 of total 280) .... done (Time = 0.00s, Memory = 0.0K)
    Checking Rule W123 (Rule 146 of total 280) .... done (Time = 0.00s, Memory = 24.0K)
    Checking Rule W156 (Rule 147 of total 280) .... done (Time = 0.00s, Memory = 0.0K)
    Checking Rule W215 (Rule 148 of total 280) .... done (Time = 0.00s, Memory = 0.0K)
    Checking Rule W216 (Rule 149 of total 280) .... done (Time = 0.00s, Memory = 0.0K)
    Checking Rule W218 (Rule 150 of total 280) .... done (Time = 0.00s, Memory = 0.0K)
    Checking Rule W224 (Rule 151 of total 280) .... done (Time = 0.00s, Memory = 0.0K)
    Checking Rule W263 (Rule 152 of total 280) .... done (Time = 0.00s, Memory = 0.0K)
    Checking Rule W289 (Rule 153 of total 280) .... done (Time = 0.00s, Memory = 32.0K)
    Checking Rule W337 (Rule 154 of total 280) .... done (Time = 0.00s, Memory = 0.0K)
    Checking Rule W352 (Rule 155 of total 280) .... done (Time = 0.00s, Memory = -24.0K)
    Checking Rule W362 (Rule 156 of total 280) .... done (Time = 0.01s, Memory = 0.0K)
    Checking Rule W415a (Rule 157 of total 280) .... done (Time = 0.00s, Memory = 0.0K)
    Checking Rule W486 (Rule 158 of total 280) .... done (Time = 0.00s, Memory = 0.0K)
    Checking Rule W499 (Rule 159 of total 280) .... done (Time = 0.00s, Memory = 0.0K)
    Checking Rule W502 (Rule 160 of total 280) .... done (Time = 0.00s, Memory = 0.0K)
    Checking Rule W116 (Rule 161 of total 280) .... done (Time = 0.00s, Memory = 0.0K)
    Checking Rule W122 (Rule 162 of total 280) .... done (Time = 0.00s, Memory = 0.0K)
    Checking Rule W123 (Rule 163 of total 280) .... done (Time = 0.00s, Memory = 0.0K)
    Checking Rule W156 (Rule 164 of total 280) .... done (Time = 0.00s, Memory = 0.0K)
    Checking Rule W71 (Rule 165 of total 280) .... done (Time = 0.00s, Memory = 0.0K)
    Checking Rule W240 (Rule 166 of total 280) .... done (Time = 0.00s, Memory = 0.0K)
    Checking Rule W240 (Rule 167 of total 280) .... done (Time = 0.00s, Memory = 0.0K)
    Checking Rule W287a (Rule 168 of total 280) .... done (Time = 0.00s, Memory = 0.0K)
    Checking Rule W293 (Rule 169 of total 280) .... done (Time = 0.00s, Memory = 0.0K)
    Checking Rule W398 (Rule 170 of total 280) .... done (Time = 0.00s, Memory = 0.0K)
    Checking Rule W424 (Rule 171 of total 280) .... done (Time = 0.00s, Memory = 0.0K)
    Checking Rule W467 (Rule 172 of total 280) .... done (Time = 0.00s, Memory = 0.0K)
    Checking Rule W505 (Rule 173 of total 280) .... done (Time = 0.00s, Memory = 0.0K)
    Checking Rule W505 (Rule 174 of total 280) .... done (Time = 0.00s, Memory = 0.0K)
    Checking Rule W528 (Rule 175 of total 280) .... done (Time = 0.00s, Memory = 0.0K)
    Checking Rule W528 (Rule 176 of total 280) .... done (Time = 0.00s, Memory = 576.0K)
    Checking Rule Prereqs_Usage (Rule 177 of total 280) .... done (Time = 0.00s, Memory = -16.0K)
    Checking Rule Postreqs_CheckFuncTask (Rule 178 of total 280) .... done (Time = 0.00s, Memory = 0.0K)
    Checking Rule Prereqs_ConstantInput-ML (Rule 179 of total 280) .... done (Time = 0.00s, Memory = 0.0K)
    Checking Rule Prereqs_ConstantInput-ML (Rule 180 of total 280) .... done (Time = 0.00s, Memory = 0.0K)
    Checking Rule Prereqs_RptNegEdgeFF-ML (Rule 181 of total 280) .... done (Time = 0.00s, Memory = 0.0K)
    Checking Rule ReportPortInfo-ML (Rule 182 of total 280) .... done (Time = 0.00s, Memory = 0.0K)
    Checking Rule Prereqs_ReportPortInfo-ML (Rule 183 of total 280) .... done (Time = 0.00s, Memory = 0.0K)
    Checking Rule Prereqs_ReportPortInfo-ML (Rule 184 of total 280) .... done (Time = 0.00s, Memory = 0.0K)
    Checking Rule NoAssignX-ML (Rule 185 of total 280) .... done (Time = 0.00s, Memory = 0.0K)
    Checking Rule ParamWidthMismatch-ML (Rule 186 of total 280) .... done (Time = 0.00s, Memory = 0.0K)
    Checking Rule Postreqs_Usage_ML (Rule 187 of total 280) .... done (Time = 0.00s, Memory = 0.0K)
    Checking Rule NoXInCase-ML (Rule 188 of total 280) .... done (Time = 0.00s, Memory = 0.0K)
Checking ELABDU Rules for designUnit WORK_mac_col_8_20_8_1
    Checking Rule Prereqs_STARC-2.3.6.1 (Rule 128 of total 280) .... done (Time = 0.00s, Memory = 0.0K)
    Checking Rule Prereqs_InferLatch (Rule 129 of total 280) .... done (Time = 0.00s, Memory = 0.0K)
    Checking Rule STARC05-2.1.5.3 (Rule 130 of total 280) .... done (Time = 0.00s, Memory = 0.0K)
    Checking Rule STARC05-2.2.3.3 (Rule 131 of total 280) .... done (Time = 0.00s, Memory = 0.0K)
    Checking Rule STARC05-2.3.1.6 (Rule 132 of total 280) .... done (Time = 0.00s, Memory = 0.0K)
    Checking Rule STARC05-2.10.2.3 (Rule 133 of total 280) .... done (Time = 0.00s, Memory = 0.0K)
    Checking Rule STARC05-2.10.3.2a (Rule 134 of total 280) .... done (Time = 0.00s, Memory = 32.0K)
    Checking Rule STARC05-2.11.3.1 (Rule 135 of total 280) .... done (Time = 0.00s, Memory = 8.0K)
    Checking Rule STARC05-2.1.3.1 (Rule 136 of total 280) .... done (Time = 0.00s, Memory = 0.0K)
    Checking Rule STARC05-2.10.1.4a (Rule 137 of total 280) .... done (Time = 0.00s, Memory = 0.0K)
    Checking Rule STARC05-2.10.1.4b (Rule 138 of total 280) .... done (Time = 0.00s, Memory = 0.0K)
    Checking Rule sim_race02 (Rule 139 of total 280) .... done (Time = 0.00s, Memory = 0.0K)
    Checking Rule W110 (Rule 140 of total 280) .... done (Time = 0.00s, Memory = 0.0K)
    Checking Rule W122 (Rule 141 of total 280) .... done (Time = 0.00s, Memory = 0.0K)
    Checking Rule W496a (Rule 142 of total 280) .... done (Time = 0.00s, Memory = 0.0K)
    Checking Rule W19 (Rule 143 of total 280) .... done (Time = 0.00s, Memory = 0.0K)
    Checking Rule W66 (Rule 144 of total 280) .... done (Time = 0.00s, Memory = 0.0K)
    Checking Rule W116 (Rule 145 of total 280) .... done (Time = 0.00s, Memory = 0.0K)
    Checking Rule W123 (Rule 146 of total 280) .... done (Time = 0.00s, Memory = 16.0K)
    Checking Rule W156 (Rule 147 of total 280) .... done (Time = 0.00s, Memory = 0.0K)
    Checking Rule W215 (Rule 148 of total 280) .... done (Time = 0.00s, Memory = 24.0K)
    Checking Rule W216 (Rule 149 of total 280) .... done (Time = 0.00s, Memory = 8.0K)
    Checking Rule W218 (Rule 150 of total 280) .... done (Time = 0.00s, Memory = -24.0K)
    Checking Rule W224 (Rule 151 of total 280) .... done (Time = 0.00s, Memory = -32.0K)
    Checking Rule W263 (Rule 152 of total 280) .... done (Time = 0.00s, Memory = 0.0K)
    Checking Rule W289 (Rule 153 of total 280) .... done (Time = 0.00s, Memory = 0.0K)
    Checking Rule W337 (Rule 154 of total 280) .... done (Time = 0.00s, Memory = -32.0K)
    Checking Rule W352 (Rule 155 of total 280) .... done (Time = 0.00s, Memory = 0.0K)
    Checking Rule W362 (Rule 156 of total 280) .... done (Time = 0.00s, Memory = 0.0K)
    Checking Rule W415a (Rule 157 of total 280) .... done (Time = 0.00s, Memory = 32.0K)
    Checking Rule W486 (Rule 158 of total 280) .... done (Time = 0.00s, Memory = 0.0K)
    Checking Rule W499 (Rule 159 of total 280) .... done (Time = 0.00s, Memory = 0.0K)
    Checking Rule W502 (Rule 160 of total 280) .... done (Time = 0.00s, Memory = 0.0K)
    Checking Rule W116 (Rule 161 of total 280) .... done (Time = 0.00s, Memory = 0.0K)
    Checking Rule W122 (Rule 162 of total 280) .... done (Time = 0.00s, Memory = 0.0K)
    Checking Rule W123 (Rule 163 of total 280) .... done (Time = 0.00s, Memory = 0.0K)
    Checking Rule W156 (Rule 164 of total 280) .... done (Time = 0.00s, Memory = 0.0K)
    Checking Rule W71 (Rule 165 of total 280) .... done (Time = 0.00s, Memory = 0.0K)
    Checking Rule W240 (Rule 166 of total 280) .... done (Time = 0.00s, Memory = 0.0K)
    Checking Rule W240 (Rule 167 of total 280) .... done (Time = 0.00s, Memory = 0.0K)
    Checking Rule W287a (Rule 168 of total 280) .... done (Time = 0.00s, Memory = 0.0K)
    Checking Rule W293 (Rule 169 of total 280) .... done (Time = 0.00s, Memory = 0.0K)
    Checking Rule W398 (Rule 170 of total 280) .... done (Time = 0.00s, Memory = 0.0K)
    Checking Rule W424 (Rule 171 of total 280) .... done (Time = 0.00s, Memory = 0.0K)
    Checking Rule W467 (Rule 172 of total 280) .... done (Time = 0.00s, Memory = 0.0K)
    Checking Rule W505 (Rule 173 of total 280) .... done (Time = 0.00s, Memory = 0.0K)
    Checking Rule W505 (Rule 174 of total 280) .... done (Time = 0.00s, Memory = 0.0K)
    Checking Rule W528 (Rule 175 of total 280) .... done (Time = 0.00s, Memory = 0.0K)
    Checking Rule W528 (Rule 176 of total 280) .... done (Time = 0.00s, Memory = 576.0K)
    Checking Rule Prereqs_Usage (Rule 177 of total 280) .... done (Time = 0.00s, Memory = -16.0K)
    Checking Rule Postreqs_CheckFuncTask (Rule 178 of total 280) .... done (Time = 0.00s, Memory = 0.0K)
    Checking Rule Prereqs_ConstantInput-ML (Rule 179 of total 280) .... done (Time = 0.00s, Memory = 0.0K)
    Checking Rule Prereqs_ConstantInput-ML (Rule 180 of total 280) .... done (Time = 0.00s, Memory = 0.0K)
    Checking Rule Prereqs_RptNegEdgeFF-ML (Rule 181 of total 280) .... done (Time = 0.00s, Memory = 32.0K)
    Checking Rule ReportPortInfo-ML (Rule 182 of total 280) .... done (Time = 0.00s, Memory = 0.0K)
    Checking Rule Prereqs_ReportPortInfo-ML (Rule 183 of total 280) .... done (Time = 0.00s, Memory = 0.0K)
    Checking Rule Prereqs_ReportPortInfo-ML (Rule 184 of total 280) .... done (Time = 0.00s, Memory = 0.0K)
    Checking Rule NoAssignX-ML (Rule 185 of total 280) .... done (Time = 0.00s, Memory = 0.0K)
    Checking Rule ParamWidthMismatch-ML (Rule 186 of total 280) .... done (Time = 0.00s, Memory = 0.0K)
    Checking Rule Postreqs_Usage_ML (Rule 187 of total 280) .... done (Time = 0.00s, Memory = 0.0K)
    Checking Rule NoXInCase-ML (Rule 188 of total 280) .... done (Time = 0.00s, Memory = 0.0K)
Checking ELABDU Rules for designUnit mac_8in
    Checking Rule Prereqs_STARC-2.3.6.1 (Rule 128 of total 280) .... done (Time = 0.00s, Memory = 0.0K)
    Checking Rule Prereqs_InferLatch (Rule 129 of total 280) .... done (Time = 0.00s, Memory = 0.0K)
    Checking Rule STARC05-2.1.5.3 (Rule 130 of total 280) .... done (Time = 0.00s, Memory = 0.0K)
    Checking Rule STARC05-2.2.3.3 (Rule 131 of total 280) .... done (Time = 0.00s, Memory = 0.0K)
    Checking Rule STARC05-2.3.1.6 (Rule 132 of total 280) .... done (Time = 0.00s, Memory = 0.0K)
    Checking Rule STARC05-2.10.2.3 (Rule 133 of total 280) .... done (Time = 0.00s, Memory = 0.0K)
    Checking Rule STARC05-2.10.3.2a (Rule 134 of total 280) .... done (Time = 0.00s, Memory = 0.0K)
    Checking Rule STARC05-2.11.3.1 (Rule 135 of total 280) .... done (Time = 0.00s, Memory = 0.0K)
    Checking Rule STARC05-2.1.3.1 (Rule 136 of total 280) .... done (Time = 0.00s, Memory = 32.0K)
    Checking Rule STARC05-2.10.1.4a (Rule 137 of total 280) .... done (Time = 0.00s, Memory = 8.0K)
    Checking Rule STARC05-2.10.1.4b (Rule 138 of total 280) .... done (Time = 0.00s, Memory = 0.0K)
    Checking Rule sim_race02 (Rule 139 of total 280) .... done (Time = 0.00s, Memory = -16.0K)
    Checking Rule W110 (Rule 140 of total 280) .... done (Time = 0.00s, Memory = 0.0K)
    Checking Rule W122 (Rule 141 of total 280) .... done (Time = 0.00s, Memory = 0.0K)
    Checking Rule W496a (Rule 142 of total 280) .... done (Time = 0.00s, Memory = 0.0K)
    Checking Rule W19 (Rule 143 of total 280) .... done (Time = 0.00s, Memory = 0.0K)
    Checking Rule W66 (Rule 144 of total 280) .... done (Time = 0.00s, Memory = 0.0K)
    Checking Rule W116 (Rule 145 of total 280) .... done (Time = 0.00s, Memory = 0.0K)
    Checking Rule W123 (Rule 146 of total 280) .... done (Time = 0.00s, Memory = 16.0K)
    Checking Rule W156 (Rule 147 of total 280) .... done (Time = 0.00s, Memory = 0.0K)
    Checking Rule W215 (Rule 148 of total 280) .... done (Time = 0.00s, Memory = 0.0K)
    Checking Rule W216 (Rule 149 of total 280) .... done (Time = 0.00s, Memory = 0.0K)
    Checking Rule W218 (Rule 150 of total 280) .... done (Time = 0.00s, Memory = 0.0K)
    Checking Rule W224 (Rule 151 of total 280) .... done (Time = 0.00s, Memory = 0.0K)
    Checking Rule W263 (Rule 152 of total 280) .... done (Time = 0.00s, Memory = 0.0K)
    Checking Rule W289 (Rule 153 of total 280) .... done (Time = 0.00s, Memory = 0.0K)
    Checking Rule W337 (Rule 154 of total 280) .... done (Time = 0.00s, Memory = 0.0K)
    Checking Rule W352 (Rule 155 of total 280) .... done (Time = 0.00s, Memory = 0.0K)
    Checking Rule W362 (Rule 156 of total 280) .... done (Time = 0.00s, Memory = 0.0K)
    Checking Rule W415a (Rule 157 of total 280) .... done (Time = 0.00s, Memory = 0.0K)
    Checking Rule W486 (Rule 158 of total 280) .... done (Time = 0.00s, Memory = 0.0K)
    Checking Rule W499 (Rule 159 of total 280) .... done (Time = 0.00s, Memory = 0.0K)
    Checking Rule W502 (Rule 160 of total 280) .... done (Time = 0.00s, Memory = 0.0K)
    Checking Rule W116 (Rule 161 of total 280) .... done (Time = 0.00s, Memory = 0.0K)
    Checking Rule W122 (Rule 162 of total 280) .... done (Time = 0.00s, Memory = 0.0K)
    Checking Rule W123 (Rule 163 of total 280) .... done (Time = 0.00s, Memory = 0.0K)
    Checking Rule W156 (Rule 164 of total 280) .... done (Time = 0.00s, Memory = 0.0K)
    Checking Rule W71 (Rule 165 of total 280) .... done (Time = 0.00s, Memory = -8.0K)
    Checking Rule W240 (Rule 166 of total 280) .... done (Time = 0.00s, Memory = 0.0K)
    Checking Rule W240 (Rule 167 of total 280) .... done (Time = 0.00s, Memory = 0.0K)
    Checking Rule W287a (Rule 168 of total 280) .... done (Time = 0.00s, Memory = 0.0K)
    Checking Rule W293 (Rule 169 of total 280) .... done (Time = 0.00s, Memory = 0.0K)
    Checking Rule W398 (Rule 170 of total 280) .... done (Time = 0.00s, Memory = 32.0K)
    Checking Rule W424 (Rule 171 of total 280) .... done (Time = 0.00s, Memory = 0.0K)
    Checking Rule W467 (Rule 172 of total 280) .... done (Time = 0.00s, Memory = 0.0K)
    Checking Rule W505 (Rule 173 of total 280) .... done (Time = 0.00s, Memory = 0.0K)
    Checking Rule W505 (Rule 174 of total 280) .... done (Time = 0.00s, Memory = 0.0K)
    Checking Rule W528 (Rule 175 of total 280) .... done (Time = 0.00s, Memory = 0.0K)
    Checking Rule W528 (Rule 176 of total 280) .... done (Time = 0.00s, Memory = 576.0K)
    Checking Rule Prereqs_Usage (Rule 177 of total 280) .... done (Time = 0.00s, Memory = -16.0K)
    Checking Rule Postreqs_CheckFuncTask (Rule 178 of total 280) .... done (Time = 0.00s, Memory = 40.0K)
    Checking Rule Prereqs_ConstantInput-ML (Rule 179 of total 280) .... done (Time = 0.00s, Memory = 0.0K)
    Checking Rule Prereqs_ConstantInput-ML (Rule 180 of total 280) .... done (Time = 0.00s, Memory = 0.0K)
    Checking Rule Prereqs_RptNegEdgeFF-ML (Rule 181 of total 280) .... done (Time = 0.00s, Memory = -8.0K)
    Checking Rule ReportPortInfo-ML (Rule 182 of total 280) .... done (Time = 0.00s, Memory = 0.0K)
    Checking Rule Prereqs_ReportPortInfo-ML (Rule 183 of total 280) .... done (Time = 0.00s, Memory = 0.0K)
    Checking Rule Prereqs_ReportPortInfo-ML (Rule 184 of total 280) .... done (Time = 0.00s, Memory = 0.0K)
    Checking Rule NoAssignX-ML (Rule 185 of total 280) .... done (Time = 0.00s, Memory = -8.0K)
    Checking Rule ParamWidthMismatch-ML (Rule 186 of total 280) .... done (Time = 0.00s, Memory = 8.0K)
    Checking Rule Postreqs_Usage_ML (Rule 187 of total 280) .... done (Time = 0.00s, Memory = 0.0K)
    Checking Rule NoXInCase-ML (Rule 188 of total 280) .... done (Time = 0.00s, Memory = 0.0K)
Checking ELABDU Rules for designUnit WORK_mac_col_8_20_8_2
    Checking Rule Prereqs_STARC-2.3.6.1 (Rule 128 of total 280) .... done (Time = 0.00s, Memory = 0.0K)
    Checking Rule Prereqs_InferLatch (Rule 129 of total 280) .... done (Time = 0.00s, Memory = 0.0K)
    Checking Rule STARC05-2.1.5.3 (Rule 130 of total 280) .... done (Time = 0.00s, Memory = 0.0K)
    Checking Rule STARC05-2.2.3.3 (Rule 131 of total 280) .... done (Time = 0.00s, Memory = 0.0K)
    Checking Rule STARC05-2.3.1.6 (Rule 132 of total 280) .... done (Time = 0.00s, Memory = 0.0K)
    Checking Rule STARC05-2.10.2.3 (Rule 133 of total 280) .... done (Time = 0.00s, Memory = 0.0K)
    Checking Rule STARC05-2.10.3.2a (Rule 134 of total 280) .... done (Time = 0.00s, Memory = 0.0K)
    Checking Rule STARC05-2.11.3.1 (Rule 135 of total 280) .... done (Time = 0.00s, Memory = 0.0K)
    Checking Rule STARC05-2.1.3.1 (Rule 136 of total 280) .... done (Time = 0.00s, Memory = 0.0K)
    Checking Rule STARC05-2.10.1.4a (Rule 137 of total 280) .... done (Time = 0.00s, Memory = 32.0K)
    Checking Rule STARC05-2.10.1.4b (Rule 138 of total 280) .... done (Time = 0.00s, Memory = -8.0K)
    Checking Rule sim_race02 (Rule 139 of total 280) .... done (Time = 0.00s, Memory = 0.0K)
    Checking Rule W110 (Rule 140 of total 280) .... done (Time = 0.00s, Memory = 0.0K)
    Checking Rule W122 (Rule 141 of total 280) .... done (Time = 0.00s, Memory = 8.0K)
    Checking Rule W496a (Rule 142 of total 280) .... done (Time = 0.00s, Memory = 0.0K)
    Checking Rule W19 (Rule 143 of total 280) .... done (Time = 0.00s, Memory = 0.0K)
    Checking Rule W66 (Rule 144 of total 280) .... done (Time = 0.00s, Memory = 0.0K)
    Checking Rule W116 (Rule 145 of total 280) .... done (Time = 0.00s, Memory = 0.0K)
    Checking Rule W123 (Rule 146 of total 280) .... done (Time = 0.00s, Memory = 16.0K)
    Checking Rule W156 (Rule 147 of total 280) .... done (Time = 0.00s, Memory = 0.0K)
    Checking Rule W215 (Rule 148 of total 280) .... done (Time = 0.00s, Memory = 0.0K)
    Checking Rule W216 (Rule 149 of total 280) .... done (Time = 0.00s, Memory = 0.0K)
    Checking Rule W218 (Rule 150 of total 280) .... done (Time = 0.00s, Memory = 0.0K)
    Checking Rule W224 (Rule 151 of total 280) .... done (Time = 0.00s, Memory = 0.0K)
    Checking Rule W263 (Rule 152 of total 280) .... done (Time = 0.00s, Memory = 0.0K)
    Checking Rule W289 (Rule 153 of total 280) .... done (Time = 0.00s, Memory = 0.0K)
    Checking Rule W337 (Rule 154 of total 280) .... done (Time = 0.00s, Memory = 0.0K)
    Checking Rule W352 (Rule 155 of total 280) .... done (Time = 0.00s, Memory = 0.0K)
    Checking Rule W362 (Rule 156 of total 280) .... done (Time = 0.00s, Memory = 0.0K)
    Checking Rule W415a (Rule 157 of total 280) .... done (Time = 0.00s, Memory = 32.0K)
    Checking Rule W486 (Rule 158 of total 280) .... done (Time = 0.00s, Memory = 0.0K)
    Checking Rule W499 (Rule 159 of total 280) .... done (Time = 0.00s, Memory = -24.0K)
    Checking Rule W502 (Rule 160 of total 280) .... done (Time = 0.00s, Memory = 0.0K)
    Checking Rule W116 (Rule 161 of total 280) .... done (Time = 0.00s, Memory = 0.0K)
    Checking Rule W122 (Rule 162 of total 280) .... done (Time = 0.00s, Memory = 0.0K)
    Checking Rule W123 (Rule 163 of total 280) .... done (Time = 0.00s, Memory = 0.0K)
    Checking Rule W156 (Rule 164 of total 280) .... done (Time = 0.00s, Memory = 0.0K)
    Checking Rule W71 (Rule 165 of total 280) .... done (Time = 0.00s, Memory = 0.0K)
    Checking Rule W240 (Rule 166 of total 280) .... done (Time = 0.00s, Memory = 0.0K)
    Checking Rule W240 (Rule 167 of total 280) .... done (Time = 0.00s, Memory = 0.0K)
    Checking Rule W287a (Rule 168 of total 280) .... done (Time = 0.00s, Memory = 0.0K)
    Checking Rule W293 (Rule 169 of total 280) .... done (Time = 0.00s, Memory = 0.0K)
    Checking Rule W398 (Rule 170 of total 280) .... done (Time = 0.00s, Memory = 0.0K)
    Checking Rule W424 (Rule 171 of total 280) .... done (Time = 0.00s, Memory = 0.0K)
    Checking Rule W467 (Rule 172 of total 280) .... done (Time = 0.00s, Memory = 0.0K)
    Checking Rule W505 (Rule 173 of total 280) .... done (Time = 0.00s, Memory = 0.0K)
    Checking Rule W505 (Rule 174 of total 280) .... done (Time = 0.00s, Memory = 0.0K)
    Checking Rule W528 (Rule 175 of total 280) .... done (Time = 0.00s, Memory = 0.0K)
    Checking Rule W528 (Rule 176 of total 280) .... done (Time = 0.00s, Memory = 576.0K)
    Checking Rule Prereqs_Usage (Rule 177 of total 280) .... done (Time = 0.00s, Memory = -16.0K)
    Checking Rule Postreqs_CheckFuncTask (Rule 178 of total 280) .... done (Time = 0.00s, Memory = 0.0K)
    Checking Rule Prereqs_ConstantInput-ML (Rule 179 of total 280) .... done (Time = 0.00s, Memory = 0.0K)
    Checking Rule Prereqs_ConstantInput-ML (Rule 180 of total 280) .... done (Time = 0.00s, Memory = 0.0K)
    Checking Rule Prereqs_RptNegEdgeFF-ML (Rule 181 of total 280) .... done (Time = 0.00s, Memory = 0.0K)
    Checking Rule ReportPortInfo-ML (Rule 182 of total 280) .... done (Time = 0.00s, Memory = 0.0K)
    Checking Rule Prereqs_ReportPortInfo-ML (Rule 183 of total 280) .... done (Time = 0.00s, Memory = 0.0K)
    Checking Rule Prereqs_ReportPortInfo-ML (Rule 184 of total 280) .... done (Time = 0.00s, Memory = 0.0K)
    Checking Rule NoAssignX-ML (Rule 185 of total 280) .... done (Time = 0.00s, Memory = 0.0K)
    Checking Rule ParamWidthMismatch-ML (Rule 186 of total 280) .... done (Time = 0.00s, Memory = 0.0K)
    Checking Rule Postreqs_Usage_ML (Rule 187 of total 280) .... done (Time = 0.00s, Memory = 0.0K)
    Checking Rule NoXInCase-ML (Rule 188 of total 280) .... done (Time = 0.00s, Memory = 0.0K)
Checking ELABDU Rules for designUnit WORK_mac_col_8_20_8_3
    Checking Rule Prereqs_STARC-2.3.6.1 (Rule 128 of total 280) .... done (Time = 0.00s, Memory = 0.0K)
    Checking Rule Prereqs_InferLatch (Rule 129 of total 280) .... done (Time = 0.00s, Memory = 0.0K)
    Checking Rule STARC05-2.1.5.3 (Rule 130 of total 280) .... done (Time = 0.00s, Memory = 0.0K)
    Checking Rule STARC05-2.2.3.3 (Rule 131 of total 280) .... done (Time = 0.00s, Memory = 0.0K)
    Checking Rule STARC05-2.3.1.6 (Rule 132 of total 280) .... done (Time = 0.00s, Memory = 0.0K)
    Checking Rule STARC05-2.10.2.3 (Rule 133 of total 280) .... done (Time = 0.00s, Memory = 0.0K)
    Checking Rule STARC05-2.10.3.2a (Rule 134 of total 280) .... done (Time = 0.00s, Memory = 0.0K)
    Checking Rule STARC05-2.11.3.1 (Rule 135 of total 280) .... done (Time = 0.00s, Memory = 0.0K)
    Checking Rule STARC05-2.1.3.1 (Rule 136 of total 280) .... done (Time = 0.00s, Memory = 0.0K)
    Checking Rule STARC05-2.10.1.4a (Rule 137 of total 280) .... done (Time = 0.00s, Memory = 0.0K)
    Checking Rule STARC05-2.10.1.4b (Rule 138 of total 280) .... done (Time = 0.00s, Memory = 0.0K)
    Checking Rule sim_race02 (Rule 139 of total 280) .... done (Time = 0.00s, Memory = 32.0K)
    Checking Rule W110 (Rule 140 of total 280) .... done (Time = 0.00s, Memory = 0.0K)
    Checking Rule W122 (Rule 141 of total 280) .... done (Time = 0.00s, Memory = 0.0K)
    Checking Rule W496a (Rule 142 of total 280) .... done (Time = 0.00s, Memory = 0.0K)
    Checking Rule W19 (Rule 143 of total 280) .... done (Time = 0.00s, Memory = 0.0K)
    Checking Rule W66 (Rule 144 of total 280) .... done (Time = 0.00s, Memory = 0.0K)
    Checking Rule W116 (Rule 145 of total 280) .... done (Time = 0.00s, Memory = 8.0K)
    Checking Rule W123 (Rule 146 of total 280) .... done (Time = 0.00s, Memory = 24.0K)
    Checking Rule W156 (Rule 147 of total 280) .... done (Time = 0.00s, Memory = 0.0K)
    Checking Rule W215 (Rule 148 of total 280) .... done (Time = 0.00s, Memory = 0.0K)
    Checking Rule W216 (Rule 149 of total 280) .... done (Time = 0.00s, Memory = 0.0K)
    Checking Rule W218 (Rule 150 of total 280) .... done (Time = 0.00s, Memory = 0.0K)
    Checking Rule W224 (Rule 151 of total 280) .... done (Time = 0.00s, Memory = 0.0K)
    Checking Rule W263 (Rule 152 of total 280) .... done (Time = 0.00s, Memory = 0.0K)
    Checking Rule W289 (Rule 153 of total 280) .... done (Time = 0.00s, Memory = 0.0K)
    Checking Rule W337 (Rule 154 of total 280) .... done (Time = 0.00s, Memory = 0.0K)
    Checking Rule W352 (Rule 155 of total 280) .... done (Time = 0.00s, Memory = 0.0K)
    Checking Rule W362 (Rule 156 of total 280) .... done (Time = 0.00s, Memory = 0.0K)
    Checking Rule W415a (Rule 157 of total 280) .... done (Time = 0.00s, Memory = 32.0K)
    Checking Rule W486 (Rule 158 of total 280) .... done (Time = 0.00s, Memory = 0.0K)
    Checking Rule W499 (Rule 159 of total 280) .... done (Time = 0.00s, Memory = -24.0K)
    Checking Rule W502 (Rule 160 of total 280) .... done (Time = 0.00s, Memory = 0.0K)
    Checking Rule W116 (Rule 161 of total 280) .... done (Time = 0.00s, Memory = 0.0K)
    Checking Rule W122 (Rule 162 of total 280) .... done (Time = 0.00s, Memory = 0.0K)
    Checking Rule W123 (Rule 163 of total 280) .... done (Time = 0.00s, Memory = 0.0K)
    Checking Rule W156 (Rule 164 of total 280) .... done (Time = 0.00s, Memory = 0.0K)
    Checking Rule W71 (Rule 165 of total 280) .... done (Time = 0.00s, Memory = 0.0K)
    Checking Rule W240 (Rule 166 of total 280) .... done (Time = 0.00s, Memory = 0.0K)
    Checking Rule W240 (Rule 167 of total 280) .... done (Time = 0.00s, Memory = 0.0K)
    Checking Rule W287a (Rule 168 of total 280) .... done (Time = 0.00s, Memory = 0.0K)
    Checking Rule W293 (Rule 169 of total 280) .... done (Time = 0.00s, Memory = 0.0K)
    Checking Rule W398 (Rule 170 of total 280) .... done (Time = 0.00s, Memory = 8.0K)
    Checking Rule W424 (Rule 171 of total 280) .... done (Time = 0.00s, Memory = 0.0K)
    Checking Rule W467 (Rule 172 of total 280) .... done (Time = 0.00s, Memory = 0.0K)
    Checking Rule W505 (Rule 173 of total 280) .... done (Time = 0.00s, Memory = 0.0K)
    Checking Rule W505 (Rule 174 of total 280) .... done (Time = 0.00s, Memory = 0.0K)
    Checking Rule W528 (Rule 175 of total 280) .... done (Time = 0.00s, Memory = 0.0K)
    Checking Rule W528 (Rule 176 of total 280) .... done (Time = 0.00s, Memory = 576.0K)
    Checking Rule Prereqs_Usage (Rule 177 of total 280) .... done (Time = 0.00s, Memory = -8.0K)
    Checking Rule Postreqs_CheckFuncTask (Rule 178 of total 280) .... done (Time = 0.00s, Memory = -24.0K)
    Checking Rule Prereqs_ConstantInput-ML (Rule 179 of total 280) .... done (Time = 0.00s, Memory = 0.0K)
    Checking Rule Prereqs_ConstantInput-ML (Rule 180 of total 280) .... done (Time = 0.00s, Memory = 0.0K)
    Checking Rule Prereqs_RptNegEdgeFF-ML (Rule 181 of total 280) .... done (Time = 0.00s, Memory = 0.0K)
    Checking Rule ReportPortInfo-ML (Rule 182 of total 280) .... done (Time = 0.00s, Memory = 8.0K)
    Checking Rule Prereqs_ReportPortInfo-ML (Rule 183 of total 280) .... done (Time = 0.00s, Memory = 0.0K)
    Checking Rule Prereqs_ReportPortInfo-ML (Rule 184 of total 280) .... done (Time = 0.00s, Memory = 0.0K)
    Checking Rule NoAssignX-ML (Rule 185 of total 280) .... done (Time = 0.00s, Memory = 0.0K)
    Checking Rule ParamWidthMismatch-ML (Rule 186 of total 280) .... done (Time = 0.00s, Memory = 0.0K)
    Checking Rule Postreqs_Usage_ML (Rule 187 of total 280) .... done (Time = 0.00s, Memory = 0.0K)
    Checking Rule NoXInCase-ML (Rule 188 of total 280) .... done (Time = 0.00s, Memory = 0.0K)
Checking ELABDU Rules for designUnit WORK_mac_col_8_20_8_4
    Checking Rule Prereqs_STARC-2.3.6.1 (Rule 128 of total 280) .... done (Time = 0.00s, Memory = 32.0K)
    Checking Rule Prereqs_InferLatch (Rule 129 of total 280) .... done (Time = 0.00s, Memory = -8.0K)
    Checking Rule STARC05-2.1.5.3 (Rule 130 of total 280) .... done (Time = 0.00s, Memory = 32.0K)
    Checking Rule STARC05-2.2.3.3 (Rule 131 of total 280) .... done (Time = 0.00s, Memory = 8.0K)
    Checking Rule STARC05-2.3.1.6 (Rule 132 of total 280) .... done (Time = 0.00s, Memory = 0.0K)
    Checking Rule STARC05-2.10.2.3 (Rule 133 of total 280) .... done (Time = 0.00s, Memory = 0.0K)
    Checking Rule STARC05-2.10.3.2a (Rule 134 of total 280) .... done (Time = 0.00s, Memory = 0.0K)
    Checking Rule STARC05-2.11.3.1 (Rule 135 of total 280) .... done (Time = 0.00s, Memory = 0.0K)
    Checking Rule STARC05-2.1.3.1 (Rule 136 of total 280) .... done (Time = 0.00s, Memory = 0.0K)
    Checking Rule STARC05-2.10.1.4a (Rule 137 of total 280) .... done (Time = 0.00s, Memory = 8.0K)
    Checking Rule STARC05-2.10.1.4b (Rule 138 of total 280) .... done (Time = 0.00s, Memory = 32.0K)
    Checking Rule sim_race02 (Rule 139 of total 280) .... done (Time = 0.00s, Memory = 0.0K)
    Checking Rule W110 (Rule 140 of total 280) .... done (Time = 0.00s, Memory = 0.0K)
    Checking Rule W122 (Rule 141 of total 280) .... done (Time = 0.00s, Memory = 0.0K)
    Checking Rule W496a (Rule 142 of total 280) .... done (Time = 0.00s, Memory = 0.0K)
    Checking Rule W19 (Rule 143 of total 280) .... done (Time = 0.00s, Memory = 0.0K)
    Checking Rule W66 (Rule 144 of total 280) .... done (Time = 0.00s, Memory = 0.0K)
    Checking Rule W116 (Rule 145 of total 280) .... done (Time = 0.00s, Memory = 0.0K)
    Checking Rule W123 (Rule 146 of total 280) .... done (Time = 0.00s, Memory = 16.0K)
    Checking Rule W156 (Rule 147 of total 280) .... done (Time = 0.00s, Memory = 0.0K)
    Checking Rule W215 (Rule 148 of total 280) .... done (Time = 0.00s, Memory = 0.0K)
    Checking Rule W216 (Rule 149 of total 280) .... done (Time = 0.00s, Memory = 0.0K)
    Checking Rule W218 (Rule 150 of total 280) .... done (Time = 0.00s, Memory = 0.0K)
    Checking Rule W224 (Rule 151 of total 280) .... done (Time = 0.00s, Memory = 0.0K)
    Checking Rule W263 (Rule 152 of total 280) .... done (Time = 0.00s, Memory = -32.0K)
    Checking Rule W289 (Rule 153 of total 280) .... done (Time = 0.00s, Memory = 0.0K)
    Checking Rule W337 (Rule 154 of total 280) .... done (Time = 0.00s, Memory = -8.0K)
    Checking Rule W352 (Rule 155 of total 280) .... done (Time = 0.00s, Memory = 0.0K)
    Checking Rule W362 (Rule 156 of total 280) .... done (Time = 0.00s, Memory = 128.0K)
    Checking Rule W415a (Rule 157 of total 280) .... done (Time = 0.00s, Memory = 0.0K)
    Checking Rule W486 (Rule 158 of total 280) .... done (Time = 0.00s, Memory = 0.0K)
    Checking Rule W499 (Rule 159 of total 280) .... done (Time = 0.00s, Memory = 0.0K)
    Checking Rule W502 (Rule 160 of total 280) .... done (Time = 0.00s, Memory = 0.0K)
    Checking Rule W116 (Rule 161 of total 280) .... done (Time = 0.00s, Memory = 0.0K)
    Checking Rule W122 (Rule 162 of total 280) .... done (Time = 0.00s, Memory = 0.0K)
    Checking Rule W123 (Rule 163 of total 280) .... done (Time = 0.00s, Memory = 0.0K)
    Checking Rule W156 (Rule 164 of total 280) .... done (Time = 0.00s, Memory = 0.0K)
    Checking Rule W71 (Rule 165 of total 280) .... done (Time = 0.00s, Memory = 0.0K)
    Checking Rule W240 (Rule 166 of total 280) .... done (Time = 0.00s, Memory = 0.0K)
    Checking Rule W240 (Rule 167 of total 280) .... done (Time = 0.00s, Memory = 0.0K)
    Checking Rule W287a (Rule 168 of total 280) .... done (Time = 0.00s, Memory = 0.0K)
    Checking Rule W293 (Rule 169 of total 280) .... done (Time = 0.00s, Memory = 0.0K)
    Checking Rule W398 (Rule 170 of total 280) .... done (Time = 0.00s, Memory = 24.0K)
    Checking Rule W424 (Rule 171 of total 280) .... done (Time = 0.00s, Memory = 0.0K)
    Checking Rule W467 (Rule 172 of total 280) .... done (Time = 0.00s, Memory = -24.0K)
    Checking Rule W505 (Rule 173 of total 280) .... done (Time = 0.00s, Memory = 0.0K)
    Checking Rule W505 (Rule 174 of total 280) .... done (Time = 0.00s, Memory = 0.0K)
    Checking Rule W528 (Rule 175 of total 280) .... done (Time = 0.00s, Memory = 0.0K)
    Checking Rule W528 (Rule 176 of total 280) .... done (Time = 0.00s, Memory = 576.0K)
    Checking Rule Prereqs_Usage (Rule 177 of total 280) .... done (Time = 0.00s, Memory = -16.0K)
    Checking Rule Postreqs_CheckFuncTask (Rule 178 of total 280) .... done (Time = 0.00s, Memory = 0.0K)
    Checking Rule Prereqs_ConstantInput-ML (Rule 179 of total 280) .... done (Time = 0.00s, Memory = 0.0K)
    Checking Rule Prereqs_ConstantInput-ML (Rule 180 of total 280) .... done (Time = 0.00s, Memory = 0.0K)
    Checking Rule Prereqs_RptNegEdgeFF-ML (Rule 181 of total 280) .... done (Time = 0.00s, Memory = 0.0K)
    Checking Rule ReportPortInfo-ML (Rule 182 of total 280) .... done (Time = 0.00s, Memory = 8.0K)
    Checking Rule Prereqs_ReportPortInfo-ML (Rule 183 of total 280) .... done (Time = 0.00s, Memory = 0.0K)
    Checking Rule Prereqs_ReportPortInfo-ML (Rule 184 of total 280) .... done (Time = 0.00s, Memory = 0.0K)
    Checking Rule NoAssignX-ML (Rule 185 of total 280) .... done (Time = 0.00s, Memory = 0.0K)
    Checking Rule ParamWidthMismatch-ML (Rule 186 of total 280) .... done (Time = 0.00s, Memory = 0.0K)
    Checking Rule Postreqs_Usage_ML (Rule 187 of total 280) .... done (Time = 0.00s, Memory = 0.0K)
    Checking Rule NoXInCase-ML (Rule 188 of total 280) .... done (Time = 0.00s, Memory = 0.0K)
Checking ELABDU Rules for designUnit WORK_mac_col_8_20_8_5
    Checking Rule Prereqs_STARC-2.3.6.1 (Rule 128 of total 280) .... done (Time = 0.00s, Memory = 0.0K)
    Checking Rule Prereqs_InferLatch (Rule 129 of total 280) .... done (Time = 0.00s, Memory = 0.0K)
    Checking Rule STARC05-2.1.5.3 (Rule 130 of total 280) .... done (Time = 0.00s, Memory = 0.0K)
    Checking Rule STARC05-2.2.3.3 (Rule 131 of total 280) .... done (Time = 0.00s, Memory = 0.0K)
    Checking Rule STARC05-2.3.1.6 (Rule 132 of total 280) .... done (Time = 0.00s, Memory = 0.0K)
    Checking Rule STARC05-2.10.2.3 (Rule 133 of total 280) .... done (Time = 0.00s, Memory = 0.0K)
    Checking Rule STARC05-2.10.3.2a (Rule 134 of total 280) .... done (Time = 0.00s, Memory = 0.0K)
    Checking Rule STARC05-2.11.3.1 (Rule 135 of total 280) .... done (Time = 0.00s, Memory = 0.0K)
    Checking Rule STARC05-2.1.3.1 (Rule 136 of total 280) .... done (Time = 0.00s, Memory = -32.0K)
    Checking Rule STARC05-2.10.1.4a (Rule 137 of total 280) .... done (Time = 0.00s, Memory = 0.0K)
    Checking Rule STARC05-2.10.1.4b (Rule 138 of total 280) .... done (Time = 0.00s, Memory = 8.0K)
    Checking Rule sim_race02 (Rule 139 of total 280) .... done (Time = 0.00s, Memory = 0.0K)
    Checking Rule W110 (Rule 140 of total 280) .... done (Time = 0.00s, Memory = -8.0K)
    Checking Rule W122 (Rule 141 of total 280) .... done (Time = 0.00s, Memory = 0.0K)
    Checking Rule W496a (Rule 142 of total 280) .... done (Time = 0.00s, Memory = 0.0K)
    Checking Rule W19 (Rule 143 of total 280) .... done (Time = 0.00s, Memory = 0.0K)
    Checking Rule W66 (Rule 144 of total 280) .... done (Time = 0.00s, Memory = 0.0K)
    Checking Rule W116 (Rule 145 of total 280) .... done (Time = 0.00s, Memory = 0.0K)
    Checking Rule W123 (Rule 146 of total 280) .... done (Time = 0.00s, Memory = 16.0K)
    Checking Rule W156 (Rule 147 of total 280) .... done (Time = 0.00s, Memory = 0.0K)
    Checking Rule W215 (Rule 148 of total 280) .... done (Time = 0.00s, Memory = 0.0K)
    Checking Rule W216 (Rule 149 of total 280) .... done (Time = 0.00s, Memory = 0.0K)
    Checking Rule W218 (Rule 150 of total 280) .... done (Time = 0.00s, Memory = 0.0K)
    Checking Rule W224 (Rule 151 of total 280) .... done (Time = 0.00s, Memory = 0.0K)
    Checking Rule W263 (Rule 152 of total 280) .... done (Time = 0.00s, Memory = 0.0K)
    Checking Rule W289 (Rule 153 of total 280) .... done (Time = 0.00s, Memory = 0.0K)
    Checking Rule W337 (Rule 154 of total 280) .... done (Time = 0.00s, Memory = 0.0K)
    Checking Rule W352 (Rule 155 of total 280) .... done (Time = 0.00s, Memory = 0.0K)
    Checking Rule W362 (Rule 156 of total 280) .... done (Time = 0.00s, Memory = 0.0K)
    Checking Rule W415a (Rule 157 of total 280) .... done (Time = 0.00s, Memory = 32.0K)
    Checking Rule W486 (Rule 158 of total 280) .... done (Time = 0.00s, Memory = 0.0K)
    Checking Rule W499 (Rule 159 of total 280) .... done (Time = 0.00s, Memory = 0.0K)
    Checking Rule W502 (Rule 160 of total 280) .... done (Time = 0.00s, Memory = 0.0K)
    Checking Rule W116 (Rule 161 of total 280) .... done (Time = 0.00s, Memory = 0.0K)
    Checking Rule W122 (Rule 162 of total 280) .... done (Time = 0.00s, Memory = 0.0K)
    Checking Rule W123 (Rule 163 of total 280) .... done (Time = 0.00s, Memory = 0.0K)
    Checking Rule W156 (Rule 164 of total 280) .... done (Time = 0.00s, Memory = 0.0K)
    Checking Rule W71 (Rule 165 of total 280) .... done (Time = 0.00s, Memory = 0.0K)
    Checking Rule W240 (Rule 166 of total 280) .... done (Time = 0.00s, Memory = 0.0K)
    Checking Rule W240 (Rule 167 of total 280) .... done (Time = 0.00s, Memory = 0.0K)
    Checking Rule W287a (Rule 168 of total 280) .... done (Time = 0.00s, Memory = 0.0K)
    Checking Rule W293 (Rule 169 of total 280) .... done (Time = 0.00s, Memory = 0.0K)
    Checking Rule W398 (Rule 170 of total 280) .... done (Time = 0.00s, Memory = 0.0K)
    Checking Rule W424 (Rule 171 of total 280) .... done (Time = 0.00s, Memory = 0.0K)
    Checking Rule W467 (Rule 172 of total 280) .... done (Time = 0.00s, Memory = 0.0K)
    Checking Rule W505 (Rule 173 of total 280) .... done (Time = 0.00s, Memory = 0.0K)
    Checking Rule W505 (Rule 174 of total 280) .... done (Time = 0.00s, Memory = 0.0K)
    Checking Rule W528 (Rule 175 of total 280) .... done (Time = 0.00s, Memory = 0.0K)
    Checking Rule W528 (Rule 176 of total 280) .... done (Time = 0.00s, Memory = 576.0K)
    Checking Rule Prereqs_Usage (Rule 177 of total 280) .... done (Time = 0.00s, Memory = -16.0K)
    Checking Rule Postreqs_CheckFuncTask (Rule 178 of total 280) .... done (Time = 0.00s, Memory = 0.0K)
    Checking Rule Prereqs_ConstantInput-ML (Rule 179 of total 280) .... done (Time = 0.00s, Memory = 24.0K)
    Checking Rule Prereqs_ConstantInput-ML (Rule 180 of total 280) .... done (Time = 0.00s, Memory = 0.0K)
    Checking Rule Prereqs_RptNegEdgeFF-ML (Rule 181 of total 280) .... done (Time = 0.00s, Memory = 0.0K)
    Checking Rule ReportPortInfo-ML (Rule 182 of total 280) .... done (Time = 0.00s, Memory = 0.0K)
    Checking Rule Prereqs_ReportPortInfo-ML (Rule 183 of total 280) .... done (Time = 0.00s, Memory = 0.0K)
    Checking Rule Prereqs_ReportPortInfo-ML (Rule 184 of total 280) .... done (Time = 0.00s, Memory = 0.0K)
    Checking Rule NoAssignX-ML (Rule 185 of total 280) .... done (Time = 0.00s, Memory = 0.0K)
    Checking Rule ParamWidthMismatch-ML (Rule 186 of total 280) .... done (Time = 0.00s, Memory = 0.0K)
    Checking Rule Postreqs_Usage_ML (Rule 187 of total 280) .... done (Time = 0.00s, Memory = 0.0K)
    Checking Rule NoXInCase-ML (Rule 188 of total 280) .... done (Time = 0.00s, Memory = 0.0K)
Checking ELABDU Rules for designUnit WORK_mac_col_8_20_8_6
    Checking Rule Prereqs_STARC-2.3.6.1 (Rule 128 of total 280) .... done (Time = 0.00s, Memory = 0.0K)
    Checking Rule Prereqs_InferLatch (Rule 129 of total 280) .... done (Time = 0.00s, Memory = 0.0K)
    Checking Rule STARC05-2.1.5.3 (Rule 130 of total 280) .... done (Time = 0.00s, Memory = 32.0K)
    Checking Rule STARC05-2.2.3.3 (Rule 131 of total 280) .... done (Time = 0.00s, Memory = 0.0K)
    Checking Rule STARC05-2.3.1.6 (Rule 132 of total 280) .... done (Time = 0.00s, Memory = -24.0K)
    Checking Rule STARC05-2.10.2.3 (Rule 133 of total 280) .... done (Time = 0.00s, Memory = 0.0K)
    Checking Rule STARC05-2.10.3.2a (Rule 134 of total 280) .... done (Time = 0.00s, Memory = 0.0K)
    Checking Rule STARC05-2.11.3.1 (Rule 135 of total 280) .... done (Time = 0.00s, Memory = 0.0K)
    Checking Rule STARC05-2.1.3.1 (Rule 136 of total 280) .... done (Time = 0.00s, Memory = -8.0K)
    Checking Rule STARC05-2.10.1.4a (Rule 137 of total 280) .... done (Time = 0.00s, Memory = 0.0K)
    Checking Rule STARC05-2.10.1.4b (Rule 138 of total 280) .... done (Time = 0.00s, Memory = 0.0K)
    Checking Rule sim_race02 (Rule 139 of total 280) .... done (Time = 0.00s, Memory = 0.0K)
    Checking Rule W110 (Rule 140 of total 280) .... done (Time = 0.00s, Memory = 0.0K)
    Checking Rule W122 (Rule 141 of total 280) .... done (Time = 0.00s, Memory = 0.0K)
    Checking Rule W496a (Rule 142 of total 280) .... done (Time = 0.00s, Memory = 0.0K)
    Checking Rule W19 (Rule 143 of total 280) .... done (Time = 0.00s, Memory = 0.0K)
    Checking Rule W66 (Rule 144 of total 280) .... done (Time = 0.00s, Memory = 0.0K)
    Checking Rule W116 (Rule 145 of total 280) .... done (Time = 0.00s, Memory = 0.0K)
    Checking Rule W123 (Rule 146 of total 280) .... done (Time = 0.00s, Memory = 48.0K)
    Checking Rule W156 (Rule 147 of total 280) .... done (Time = 0.00s, Memory = -32.0K)
    Checking Rule W215 (Rule 148 of total 280) .... done (Time = 0.00s, Memory = 0.0K)
    Checking Rule W216 (Rule 149 of total 280) .... done (Time = 0.00s, Memory = 0.0K)
    Checking Rule W218 (Rule 150 of total 280) .... done (Time = 0.00s, Memory = 0.0K)
    Checking Rule W224 (Rule 151 of total 280) .... done (Time = 0.00s, Memory = 0.0K)
    Checking Rule W263 (Rule 152 of total 280) .... done (Time = 0.00s, Memory = 0.0K)
    Checking Rule W289 (Rule 153 of total 280) .... done (Time = 0.00s, Memory = 0.0K)
    Checking Rule W337 (Rule 154 of total 280) .... done (Time = 0.00s, Memory = 0.0K)
    Checking Rule W352 (Rule 155 of total 280) .... done (Time = 0.00s, Memory = 0.0K)
    Checking Rule W362 (Rule 156 of total 280) .... done (Time = 0.00s, Memory = 0.0K)
    Checking Rule W415a (Rule 157 of total 280) .... done (Time = 0.00s, Memory = 0.0K)
    Checking Rule W486 (Rule 158 of total 280) .... done (Time = 0.00s, Memory = 0.0K)
    Checking Rule W499 (Rule 159 of total 280) .... done (Time = 0.00s, Memory = 0.0K)
    Checking Rule W502 (Rule 160 of total 280) .... done (Time = 0.00s, Memory = 0.0K)
    Checking Rule W116 (Rule 161 of total 280) .... done (Time = 0.00s, Memory = 0.0K)
    Checking Rule W122 (Rule 162 of total 280) .... done (Time = 0.00s, Memory = 0.0K)
    Checking Rule W123 (Rule 163 of total 280) .... done (Time = 0.00s, Memory = 0.0K)
    Checking Rule W156 (Rule 164 of total 280) .... done (Time = 0.00s, Memory = 0.0K)
    Checking Rule W71 (Rule 165 of total 280) .... done (Time = 0.00s, Memory = 0.0K)
    Checking Rule W240 (Rule 166 of total 280) .... done (Time = 0.00s, Memory = 0.0K)
    Checking Rule W240 (Rule 167 of total 280) .... done (Time = 0.00s, Memory = 0.0K)
    Checking Rule W287a (Rule 168 of total 280) .... done (Time = 0.00s, Memory = 0.0K)
    Checking Rule W293 (Rule 169 of total 280) .... done (Time = 0.00s, Memory = 0.0K)
    Checking Rule W398 (Rule 170 of total 280) .... done (Time = 0.00s, Memory = 0.0K)
    Checking Rule W424 (Rule 171 of total 280) .... done (Time = 0.00s, Memory = -24.0K)
    Checking Rule W467 (Rule 172 of total 280) .... done (Time = 0.00s, Memory = 0.0K)
    Checking Rule W505 (Rule 173 of total 280) .... done (Time = 0.00s, Memory = 0.0K)
    Checking Rule W505 (Rule 174 of total 280) .... done (Time = 0.00s, Memory = 0.0K)
    Checking Rule W528 (Rule 175 of total 280) .... done (Time = 0.00s, Memory = 0.0K)
    Checking Rule W528 (Rule 176 of total 280) .... done (Time = 0.00s, Memory = 576.0K)
    Checking Rule Prereqs_Usage (Rule 177 of total 280) .... done (Time = 0.00s, Memory = -16.0K)
    Checking Rule Postreqs_CheckFuncTask (Rule 178 of total 280) .... done (Time = 0.00s, Memory = 0.0K)
    Checking Rule Prereqs_ConstantInput-ML (Rule 179 of total 280) .... done (Time = 0.00s, Memory = 8.0K)
    Checking Rule Prereqs_ConstantInput-ML (Rule 180 of total 280) .... done (Time = 0.00s, Memory = 0.0K)
    Checking Rule Prereqs_RptNegEdgeFF-ML (Rule 181 of total 280) .... done (Time = 0.00s, Memory = 0.0K)
    Checking Rule ReportPortInfo-ML (Rule 182 of total 280) .... done (Time = 0.00s, Memory = 8.0K)
    Checking Rule Prereqs_ReportPortInfo-ML (Rule 183 of total 280) .... done (Time = 0.00s, Memory = 0.0K)
    Checking Rule Prereqs_ReportPortInfo-ML (Rule 184 of total 280) .... done (Time = 0.00s, Memory = 0.0K)
    Checking Rule NoAssignX-ML (Rule 185 of total 280) .... done (Time = 0.00s, Memory = 0.0K)
    Checking Rule ParamWidthMismatch-ML (Rule 186 of total 280) .... done (Time = 0.00s, Memory = -8.0K)
    Checking Rule Postreqs_Usage_ML (Rule 187 of total 280) .... done (Time = 0.00s, Memory = 0.0K)
    Checking Rule NoXInCase-ML (Rule 188 of total 280) .... done (Time = 0.00s, Memory = 0.0K)
Checking ELABDU Rules for designUnit WORK_mac_col_8_20_8_7
    Checking Rule Prereqs_STARC-2.3.6.1 (Rule 128 of total 280) .... done (Time = 0.00s, Memory = 8.0K)
    Checking Rule Prereqs_InferLatch (Rule 129 of total 280) .... done (Time = 0.00s, Memory = 0.0K)
    Checking Rule STARC05-2.1.5.3 (Rule 130 of total 280) .... done (Time = 0.00s, Memory = -24.0K)
    Checking Rule STARC05-2.2.3.3 (Rule 131 of total 280) .... done (Time = 0.00s, Memory = 0.0K)
    Checking Rule STARC05-2.3.1.6 (Rule 132 of total 280) .... done (Time = 0.00s, Memory = 0.0K)
    Checking Rule STARC05-2.10.2.3 (Rule 133 of total 280) .... done (Time = 0.00s, Memory = 0.0K)
    Checking Rule STARC05-2.10.3.2a (Rule 134 of total 280) .... done (Time = 0.00s, Memory = 0.0K)
    Checking Rule STARC05-2.11.3.1 (Rule 135 of total 280) .... done (Time = 0.00s, Memory = 0.0K)
    Checking Rule STARC05-2.1.3.1 (Rule 136 of total 280) .... done (Time = 0.00s, Memory = 0.0K)
    Checking Rule STARC05-2.10.1.4a (Rule 137 of total 280) .... done (Time = 0.00s, Memory = 0.0K)
    Checking Rule STARC05-2.10.1.4b (Rule 138 of total 280) .... done (Time = 0.01s, Memory = 0.0K)
    Checking Rule sim_race02 (Rule 139 of total 280) .... done (Time = 0.00s, Memory = 0.0K)
    Checking Rule W110 (Rule 140 of total 280) .... done (Time = 0.00s, Memory = 0.0K)
    Checking Rule W122 (Rule 141 of total 280) .... done (Time = 0.00s, Memory = 0.0K)
    Checking Rule W496a (Rule 142 of total 280) .... done (Time = 0.00s, Memory = 0.0K)
    Checking Rule W19 (Rule 143 of total 280) .... done (Time = 0.00s, Memory = 0.0K)
    Checking Rule W66 (Rule 144 of total 280) .... done (Time = 0.00s, Memory = 0.0K)
    Checking Rule W116 (Rule 145 of total 280) .... done (Time = 0.00s, Memory = 0.0K)
    Checking Rule W123 (Rule 146 of total 280) .... done (Time = 0.00s, Memory = 16.0K)
    Checking Rule W156 (Rule 147 of total 280) .... done (Time = 0.00s, Memory = 0.0K)
    Checking Rule W215 (Rule 148 of total 280) .... done (Time = 0.00s, Memory = 0.0K)
    Checking Rule W216 (Rule 149 of total 280) .... done (Time = 0.00s, Memory = 0.0K)
    Checking Rule W218 (Rule 150 of total 280) .... done (Time = 0.00s, Memory = 0.0K)
    Checking Rule W224 (Rule 151 of total 280) .... done (Time = 0.00s, Memory = 0.0K)
    Checking Rule W263 (Rule 152 of total 280) .... done (Time = 0.00s, Memory = 0.0K)
    Checking Rule W289 (Rule 153 of total 280) .... done (Time = 0.00s, Memory = -32.0K)
    Checking Rule W337 (Rule 154 of total 280) .... done (Time = 0.00s, Memory = 0.0K)
    Checking Rule W352 (Rule 155 of total 280) .... done (Time = 0.00s, Memory = 0.0K)
    Checking Rule W362 (Rule 156 of total 280) .... done (Time = 0.00s, Memory = 0.0K)
    Checking Rule W415a (Rule 157 of total 280) .... done (Time = 0.00s, Memory = 0.0K)
    Checking Rule W486 (Rule 158 of total 280) .... done (Time = 0.00s, Memory = 0.0K)
    Checking Rule W499 (Rule 159 of total 280) .... done (Time = 0.00s, Memory = 0.0K)
    Checking Rule W502 (Rule 160 of total 280) .... done (Time = 0.00s, Memory = 0.0K)
    Checking Rule W116 (Rule 161 of total 280) .... done (Time = 0.00s, Memory = 0.0K)
    Checking Rule W122 (Rule 162 of total 280) .... done (Time = 0.00s, Memory = 0.0K)
    Checking Rule W123 (Rule 163 of total 280) .... done (Time = 0.00s, Memory = 0.0K)
    Checking Rule W156 (Rule 164 of total 280) .... done (Time = 0.00s, Memory = 0.0K)
    Checking Rule W71 (Rule 165 of total 280) .... done (Time = 0.00s, Memory = 0.0K)
    Checking Rule W240 (Rule 166 of total 280) .... done (Time = 0.00s, Memory = 0.0K)
    Checking Rule W240 (Rule 167 of total 280) .... done (Time = 0.00s, Memory = 0.0K)
    Checking Rule W287a (Rule 168 of total 280) .... done (Time = 0.00s, Memory = 24.0K)
    Checking Rule W293 (Rule 169 of total 280) .... done (Time = 0.00s, Memory = -32.0K)
    Checking Rule W398 (Rule 170 of total 280) .... done (Time = 0.00s, Memory = 0.0K)
    Checking Rule W424 (Rule 171 of total 280) .... done (Time = 0.00s, Memory = 0.0K)
    Checking Rule W467 (Rule 172 of total 280) .... done (Time = 0.00s, Memory = 0.0K)
    Checking Rule W505 (Rule 173 of total 280) .... done (Time = 0.00s, Memory = 0.0K)
    Checking Rule W505 (Rule 174 of total 280) .... done (Time = 0.00s, Memory = 0.0K)
    Checking Rule W528 (Rule 175 of total 280) .... done (Time = 0.00s, Memory = 0.0K)
    Checking Rule W528 (Rule 176 of total 280) .... done (Time = 0.00s, Memory = 576.0K)
    Checking Rule Prereqs_Usage (Rule 177 of total 280) .... done (Time = 0.00s, Memory = -16.0K)
    Checking Rule Postreqs_CheckFuncTask (Rule 178 of total 280) .... done (Time = 0.00s, Memory = 0.0K)
    Checking Rule Prereqs_ConstantInput-ML (Rule 179 of total 280) .... done (Time = 0.00s, Memory = 0.0K)
    Checking Rule Prereqs_ConstantInput-ML (Rule 180 of total 280) .... done (Time = 0.00s, Memory = 0.0K)
    Checking Rule Prereqs_RptNegEdgeFF-ML (Rule 181 of total 280) .... done (Time = 0.00s, Memory = 0.0K)
    Checking Rule ReportPortInfo-ML (Rule 182 of total 280) .... done (Time = 0.00s, Memory = 0.0K)
    Checking Rule Prereqs_ReportPortInfo-ML (Rule 183 of total 280) .... done (Time = 0.00s, Memory = 0.0K)
    Checking Rule Prereqs_ReportPortInfo-ML (Rule 184 of total 280) .... done (Time = 0.00s, Memory = 0.0K)
    Checking Rule NoAssignX-ML (Rule 185 of total 280) .... done (Time = 0.00s, Memory = 0.0K)
    Checking Rule ParamWidthMismatch-ML (Rule 186 of total 280) .... done (Time = 0.00s, Memory = 0.0K)
    Checking Rule Postreqs_Usage_ML (Rule 187 of total 280) .... done (Time = 0.00s, Memory = 0.0K)
    Checking Rule NoXInCase-ML (Rule 188 of total 280) .... done (Time = 0.00s, Memory = 0.0K)
Checking ELABDU Rules for designUnit WORK_mac_col_8_20_8_8
    Checking Rule Prereqs_STARC-2.3.6.1 (Rule 128 of total 280) .... done (Time = 0.00s, Memory = 0.0K)
    Checking Rule Prereqs_InferLatch (Rule 129 of total 280) .... done (Time = 0.00s, Memory = 0.0K)
    Checking Rule STARC05-2.1.5.3 (Rule 130 of total 280) .... done (Time = 0.00s, Memory = 0.0K)
    Checking Rule STARC05-2.2.3.3 (Rule 131 of total 280) .... done (Time = 0.00s, Memory = 0.0K)
    Checking Rule STARC05-2.3.1.6 (Rule 132 of total 280) .... done (Time = 0.00s, Memory = 0.0K)
    Checking Rule STARC05-2.10.2.3 (Rule 133 of total 280) .... done (Time = 0.00s, Memory = 0.0K)
    Checking Rule STARC05-2.10.3.2a (Rule 134 of total 280) .... done (Time = 0.00s, Memory = 32.0K)
    Checking Rule STARC05-2.11.3.1 (Rule 135 of total 280) .... done (Time = 0.00s, Memory = -8.0K)
    Checking Rule STARC05-2.1.3.1 (Rule 136 of total 280) .... done (Time = 0.00s, Memory = 0.0K)
    Checking Rule STARC05-2.10.1.4a (Rule 137 of total 280) .... done (Time = 0.00s, Memory = 0.0K)
    Checking Rule STARC05-2.10.1.4b (Rule 138 of total 280) .... done (Time = 0.00s, Memory = 0.0K)
    Checking Rule sim_race02 (Rule 139 of total 280) .... done (Time = 0.00s, Memory = 0.0K)
    Checking Rule W110 (Rule 140 of total 280) .... done (Time = 0.00s, Memory = 0.0K)
    Checking Rule W122 (Rule 141 of total 280) .... done (Time = 0.00s, Memory = 0.0K)
    Checking Rule W496a (Rule 142 of total 280) .... done (Time = 0.00s, Memory = 0.0K)
    Checking Rule W19 (Rule 143 of total 280) .... done (Time = 0.00s, Memory = 0.0K)
    Checking Rule W66 (Rule 144 of total 280) .... done (Time = 0.00s, Memory = 0.0K)
    Checking Rule W116 (Rule 145 of total 280) .... done (Time = 0.00s, Memory = 0.0K)
    Checking Rule W123 (Rule 146 of total 280) .... done (Time = 0.00s, Memory = 48.0K)
    Checking Rule W156 (Rule 147 of total 280) .... done (Time = 0.00s, Memory = -8.0K)
    Checking Rule W215 (Rule 148 of total 280) .... done (Time = 0.00s, Memory = 0.0K)
    Checking Rule W216 (Rule 149 of total 280) .... done (Time = 0.00s, Memory = 0.0K)
    Checking Rule W218 (Rule 150 of total 280) .... done (Time = 0.00s, Memory = 0.0K)
    Checking Rule W224 (Rule 151 of total 280) .... done (Time = 0.00s, Memory = 0.0K)
    Checking Rule W263 (Rule 152 of total 280) .... done (Time = 0.00s, Memory = 0.0K)
    Checking Rule W289 (Rule 153 of total 280) .... done (Time = 0.00s, Memory = 0.0K)
    Checking Rule W337 (Rule 154 of total 280) .... done (Time = 0.00s, Memory = 0.0K)
    Checking Rule W352 (Rule 155 of total 280) .... done (Time = 0.00s, Memory = 0.0K)
    Checking Rule W362 (Rule 156 of total 280) .... done (Time = 0.00s, Memory = 0.0K)
    Checking Rule W415a (Rule 157 of total 280) .... done (Time = 0.00s, Memory = 8.0K)
    Checking Rule W486 (Rule 158 of total 280) .... done (Time = 0.00s, Memory = 0.0K)
    Checking Rule W499 (Rule 159 of total 280) .... done (Time = 0.00s, Memory = 0.0K)
    Checking Rule W502 (Rule 160 of total 280) .... done (Time = 0.00s, Memory = 0.0K)
    Checking Rule W116 (Rule 161 of total 280) .... done (Time = 0.00s, Memory = 0.0K)
    Checking Rule W122 (Rule 162 of total 280) .... done (Time = 0.00s, Memory = 0.0K)
    Checking Rule W123 (Rule 163 of total 280) .... done (Time = 0.00s, Memory = 0.0K)
    Checking Rule W156 (Rule 164 of total 280) .... done (Time = 0.00s, Memory = 0.0K)
    Checking Rule W71 (Rule 165 of total 280) .... done (Time = 0.00s, Memory = 0.0K)
    Checking Rule W240 (Rule 166 of total 280) .... done (Time = 0.00s, Memory = -24.0K)
    Checking Rule W240 (Rule 167 of total 280) .... done (Time = 0.00s, Memory = 0.0K)
    Checking Rule W287a (Rule 168 of total 280) .... done (Time = 0.00s, Memory = 8.0K)
    Checking Rule W293 (Rule 169 of total 280) .... done (Time = 0.00s, Memory = 0.0K)
    Checking Rule W398 (Rule 170 of total 280) .... done (Time = 0.00s, Memory = 0.0K)
    Checking Rule W424 (Rule 171 of total 280) .... done (Time = 0.00s, Memory = 0.0K)
    Checking Rule W467 (Rule 172 of total 280) .... done (Time = 0.00s, Memory = 0.0K)
    Checking Rule W505 (Rule 173 of total 280) .... done (Time = 0.00s, Memory = 0.0K)
    Checking Rule W505 (Rule 174 of total 280) .... done (Time = 0.00s, Memory = 0.0K)
    Checking Rule W528 (Rule 175 of total 280) .... done (Time = 0.00s, Memory = 0.0K)
    Checking Rule W528 (Rule 176 of total 280) .... done (Time = 0.00s, Memory = 576.0K)
    Checking Rule Prereqs_Usage (Rule 177 of total 280) .... done (Time = 0.00s, Memory = -16.0K)
    Checking Rule Postreqs_CheckFuncTask (Rule 178 of total 280) .... done (Time = 0.00s, Memory = 0.0K)
    Checking Rule Prereqs_ConstantInput-ML (Rule 179 of total 280) .... done (Time = 0.00s, Memory = 0.0K)
    Checking Rule Prereqs_ConstantInput-ML (Rule 180 of total 280) .... done (Time = 0.00s, Memory = 0.0K)
    Checking Rule Prereqs_RptNegEdgeFF-ML (Rule 181 of total 280) .... done (Time = 0.00s, Memory = 0.0K)
    Checking Rule ReportPortInfo-ML (Rule 182 of total 280) .... done (Time = 0.00s, Memory = 0.0K)
    Checking Rule Prereqs_ReportPortInfo-ML (Rule 183 of total 280) .... done (Time = 0.00s, Memory = 0.0K)
    Checking Rule Prereqs_ReportPortInfo-ML (Rule 184 of total 280) .... done (Time = 0.00s, Memory = 0.0K)
    Checking Rule NoAssignX-ML (Rule 185 of total 280) .... done (Time = 0.00s, Memory = -8.0K)
    Checking Rule ParamWidthMismatch-ML (Rule 186 of total 280) .... done (Time = 0.00s, Memory = 8.0K)
    Checking Rule Postreqs_Usage_ML (Rule 187 of total 280) .... done (Time = 0.00s, Memory = 0.0K)
    Checking Rule NoXInCase-ML (Rule 188 of total 280) .... done (Time = 0.00s, Memory = 0.0K)
Checking ELABDU Rules for designUnit ofifo
    Checking Rule Prereqs_STARC-2.3.6.1 (Rule 128 of total 280) .... done (Time = 0.00s, Memory = 0.0K)
    Checking Rule Prereqs_InferLatch (Rule 129 of total 280) .... done (Time = 0.00s, Memory = 0.0K)
    Checking Rule STARC05-2.1.5.3 (Rule 130 of total 280) .... done (Time = 0.00s, Memory = 0.0K)
    Checking Rule STARC05-2.2.3.3 (Rule 131 of total 280) .... done (Time = 0.00s, Memory = 0.0K)
    Checking Rule STARC05-2.3.1.6 (Rule 132 of total 280) .... done (Time = 0.00s, Memory = 0.0K)
    Checking Rule STARC05-2.10.2.3 (Rule 133 of total 280) .... done (Time = 0.00s, Memory = 0.0K)
    Checking Rule STARC05-2.10.3.2a (Rule 134 of total 280) .... done (Time = 0.00s, Memory = 8.0K)
    Checking Rule STARC05-2.11.3.1 (Rule 135 of total 280) .... done (Time = 0.00s, Memory = 8.0K)
    Checking Rule STARC05-2.1.3.1 (Rule 136 of total 280) .... done (Time = 0.00s, Memory = -32.0K)
    Checking Rule STARC05-2.10.1.4a (Rule 137 of total 280) .... done (Time = 0.00s, Memory = 8.0K)
    Checking Rule STARC05-2.10.1.4b (Rule 138 of total 280) .... done (Time = 0.00s, Memory = 0.0K)
    Checking Rule sim_race02 (Rule 139 of total 280) .... done (Time = 0.00s, Memory = 0.0K)
    Checking Rule W110 (Rule 140 of total 280) .... done (Time = 0.00s, Memory = 0.0K)
    Checking Rule W122 (Rule 141 of total 280) .... done (Time = 0.00s, Memory = 0.0K)
    Checking Rule W496a (Rule 142 of total 280) .... done (Time = 0.00s, Memory = 0.0K)
    Checking Rule W19 (Rule 143 of total 280) .... done (Time = 0.00s, Memory = 0.0K)
    Checking Rule W66 (Rule 144 of total 280) .... done (Time = 0.00s, Memory = 0.0K)
    Checking Rule W116 (Rule 145 of total 280) .... done (Time = 0.00s, Memory = 0.0K)
    Checking Rule W123 (Rule 146 of total 280) .... done (Time = 0.00s, Memory = 40.0K)
    Checking Rule W156 (Rule 147 of total 280) .... done (Time = 0.00s, Memory = -24.0K)
    Checking Rule W215 (Rule 148 of total 280) .... done (Time = 0.00s, Memory = 0.0K)
    Checking Rule W216 (Rule 149 of total 280) .... done (Time = 0.00s, Memory = 0.0K)
    Checking Rule W218 (Rule 150 of total 280) .... done (Time = 0.00s, Memory = 0.0K)
    Checking Rule W224 (Rule 151 of total 280) .... done (Time = 0.00s, Memory = 0.0K)
    Checking Rule W263 (Rule 152 of total 280) .... done (Time = 0.00s, Memory = 0.0K)
    Checking Rule W289 (Rule 153 of total 280) .... done (Time = 0.00s, Memory = 0.0K)
    Checking Rule W337 (Rule 154 of total 280) .... done (Time = 0.00s, Memory = 8.0K)
    Checking Rule W352 (Rule 155 of total 280) .... done (Time = 0.00s, Memory = 0.0K)
    Checking Rule W362 (Rule 156 of total 280) .... done (Time = 0.00s, Memory = 0.0K)
    Checking Rule W415a (Rule 157 of total 280) .... done (Time = 0.00s, Memory = 0.0K)
    Checking Rule W486 (Rule 158 of total 280) .... done (Time = 0.00s, Memory = 0.0K)
    Checking Rule W499 (Rule 159 of total 280) .... done (Time = 0.00s, Memory = 0.0K)
    Checking Rule W502 (Rule 160 of total 280) .... done (Time = 0.00s, Memory = 0.0K)
    Checking Rule W116 (Rule 161 of total 280) .... done (Time = 0.00s, Memory = 0.0K)
    Checking Rule W122 (Rule 162 of total 280) .... done (Time = 0.00s, Memory = 0.0K)
    Checking Rule W123 (Rule 163 of total 280) .... done (Time = 0.00s, Memory = 0.0K)
    Checking Rule W156 (Rule 164 of total 280) .... done (Time = 0.00s, Memory = 0.0K)
    Checking Rule W71 (Rule 165 of total 280) .... done (Time = 0.00s, Memory = 0.0K)
    Checking Rule W240 (Rule 166 of total 280) .... done (Time = 0.00s, Memory = 0.0K)
    Checking Rule W240 (Rule 167 of total 280) .... done (Time = 0.00s, Memory = 0.0K)
    Checking Rule W287a (Rule 168 of total 280) .... done (Time = 0.00s, Memory = 0.0K)
    Checking Rule W293 (Rule 169 of total 280) .... done (Time = 0.00s, Memory = 0.0K)
    Checking Rule W398 (Rule 170 of total 280) .... done (Time = 0.00s, Memory = 0.0K)
    Checking Rule W424 (Rule 171 of total 280) .... done (Time = 0.00s, Memory = 0.0K)
    Checking Rule W467 (Rule 172 of total 280) .... done (Time = 0.00s, Memory = 0.0K)
    Checking Rule W505 (Rule 173 of total 280) .... done (Time = 0.00s, Memory = 0.0K)
    Checking Rule W505 (Rule 174 of total 280) .... done (Time = 0.00s, Memory = 0.0K)
    Checking Rule W528 (Rule 175 of total 280) .... done (Time = 0.00s, Memory = 24.0K)
    Checking Rule W528 (Rule 176 of total 280) .... done (Time = 0.00s, Memory = 576.0K)
    Checking Rule Prereqs_Usage (Rule 177 of total 280) .... done (Time = 0.00s, Memory = -16.0K)
    Checking Rule Postreqs_CheckFuncTask (Rule 178 of total 280) .... done (Time = 0.00s, Memory = 0.0K)
    Checking Rule Prereqs_ConstantInput-ML (Rule 179 of total 280) .... done (Time = 0.00s, Memory = -32.0K)
    Checking Rule Prereqs_ConstantInput-ML (Rule 180 of total 280) .... done (Time = 0.00s, Memory = 0.0K)
    Checking Rule Prereqs_RptNegEdgeFF-ML (Rule 181 of total 280) .... done (Time = 0.00s, Memory = 0.0K)
    Checking Rule ReportPortInfo-ML (Rule 182 of total 280) .... done (Time = 0.00s, Memory = -8.0K)
    Checking Rule Prereqs_ReportPortInfo-ML (Rule 183 of total 280) .... done (Time = 0.00s, Memory = 0.0K)
    Checking Rule Prereqs_ReportPortInfo-ML (Rule 184 of total 280) .... done (Time = 0.00s, Memory = 0.0K)
    Checking Rule NoAssignX-ML (Rule 185 of total 280) .... done (Time = 0.00s, Memory = 0.0K)
    Checking Rule ParamWidthMismatch-ML (Rule 186 of total 280) .... done (Time = 0.00s, Memory = 0.0K)
    Checking Rule Postreqs_Usage_ML (Rule 187 of total 280) .... done (Time = 0.00s, Memory = 0.0K)
    Checking Rule NoXInCase-ML (Rule 188 of total 280) .... done (Time = 0.00s, Memory = 0.0K)
Checking ELABDU Rules for designUnit fifo_depth16
    Checking Rule Prereqs_STARC-2.3.6.1 (Rule 128 of total 280) .... done (Time = 0.00s, Memory = 0.0K)
    Checking Rule Prereqs_InferLatch (Rule 129 of total 280) .... done (Time = 0.00s, Memory = 0.0K)
    Checking Rule STARC05-2.1.5.3 (Rule 130 of total 280) .... done (Time = 0.00s, Memory = 0.0K)
    Checking Rule STARC05-2.2.3.3 (Rule 131 of total 280) .... done (Time = 0.00s, Memory = 0.0K)
    Checking Rule STARC05-2.3.1.6 (Rule 132 of total 280) .... done (Time = 0.00s, Memory = 0.0K)
    Checking Rule STARC05-2.10.2.3 (Rule 133 of total 280) .... done (Time = 0.00s, Memory = -8.0K)
    Checking Rule STARC05-2.10.3.2a (Rule 134 of total 280) .... done (Time = 0.00s, Memory = 0.0K)
    Checking Rule STARC05-2.11.3.1 (Rule 135 of total 280) .... done (Time = 0.00s, Memory = 0.0K)
    Checking Rule STARC05-2.1.3.1 (Rule 136 of total 280) .... done (Time = 0.00s, Memory = 0.0K)
    Checking Rule STARC05-2.10.1.4a (Rule 137 of total 280) .... done (Time = 0.00s, Memory = 0.0K)
    Checking Rule STARC05-2.10.1.4b (Rule 138 of total 280) .... done (Time = 0.00s, Memory = 0.0K)
    Checking Rule sim_race02 (Rule 139 of total 280) .... done (Time = 0.00s, Memory = 0.0K)
    Checking Rule W110 (Rule 140 of total 280) .... done (Time = 0.00s, Memory = 0.0K)
    Checking Rule W122 (Rule 141 of total 280) .... done (Time = 0.00s, Memory = 0.0K)
    Checking Rule W496a (Rule 142 of total 280) .... done (Time = 0.00s, Memory = 0.0K)
    Checking Rule W19 (Rule 143 of total 280) .... done (Time = 0.00s, Memory = -32.0K)
    Checking Rule W66 (Rule 144 of total 280) .... done (Time = 0.00s, Memory = 0.0K)
    Checking Rule W116 (Rule 145 of total 280) .... done (Time = 0.00s, Memory = 8.0K)
    Checking Rule W123 (Rule 146 of total 280) .... done (Time = 0.00s, Memory = 16.0K)
    Checking Rule W156 (Rule 147 of total 280) .... done (Time = 0.00s, Memory = 0.0K)
    Checking Rule W215 (Rule 148 of total 280) .... done (Time = 0.00s, Memory = 0.0K)
    Checking Rule W216 (Rule 149 of total 280) .... done (Time = 0.00s, Memory = 0.0K)
    Checking Rule W218 (Rule 150 of total 280) .... done (Time = 0.00s, Memory = -8.0K)
    Checking Rule W224 (Rule 151 of total 280) .... done (Time = 0.00s, Memory = -24.0K)
    Checking Rule W263 (Rule 152 of total 280) .... done (Time = 0.00s, Memory = 0.0K)
    Checking Rule W289 (Rule 153 of total 280) .... done (Time = 0.00s, Memory = 0.0K)
    Checking Rule W337 (Rule 154 of total 280) .... done (Time = 0.00s, Memory = 0.0K)
    Checking Rule W352 (Rule 155 of total 280) .... done (Time = 0.00s, Memory = 0.0K)
    Checking Rule W362 (Rule 156 of total 280) .... done (Time = 0.00s, Memory = 0.0K)
    Checking Rule W415a (Rule 157 of total 280) .... done (Time = 0.00s, Memory = 0.0K)
    Checking Rule W486 (Rule 158 of total 280) .... done (Time = 0.00s, Memory = 0.0K)
    Checking Rule W499 (Rule 159 of total 280) .... done (Time = 0.00s, Memory = 0.0K)
    Checking Rule W502 (Rule 160 of total 280) .... done (Time = 0.00s, Memory = 0.0K)
    Checking Rule W116 (Rule 161 of total 280) .... done (Time = 0.00s, Memory = 0.0K)
    Checking Rule W122 (Rule 162 of total 280) .... done (Time = 0.00s, Memory = 0.0K)
    Checking Rule W123 (Rule 163 of total 280) .... done (Time = 0.00s, Memory = 0.0K)
    Checking Rule W156 (Rule 164 of total 280) .... done (Time = 0.00s, Memory = 0.0K)
    Checking Rule W71 (Rule 165 of total 280) .... done (Time = 0.00s, Memory = 24.0K)
    Checking Rule W240 (Rule 166 of total 280) .... done (Time = 0.00s, Memory = 0.0K)
    Checking Rule W240 (Rule 167 of total 280) .... done (Time = 0.00s, Memory = 0.0K)
    Checking Rule W287a (Rule 168 of total 280) .... done (Time = 0.00s, Memory = -32.0K)
    Checking Rule W293 (Rule 169 of total 280) .... done (Time = 0.00s, Memory = 0.0K)
    Checking Rule W398 (Rule 170 of total 280) .... done (Time = 0.01s, Memory = 0.0K)
    Checking Rule W424 (Rule 171 of total 280) .... done (Time = 0.00s, Memory = 0.0K)
    Checking Rule W467 (Rule 172 of total 280) .... done (Time = 0.00s, Memory = 0.0K)
    Checking Rule W505 (Rule 173 of total 280) .... done (Time = 0.00s, Memory = 0.0K)
    Checking Rule W505 (Rule 174 of total 280) .... done (Time = 0.00s, Memory = 0.0K)
    Checking Rule W528 (Rule 175 of total 280) .... done (Time = 0.00s, Memory = 0.0K)
    Checking Rule W528 (Rule 176 of total 280) .... done (Time = 0.00s, Memory = 576.0K)
    Checking Rule Prereqs_Usage (Rule 177 of total 280) .... done (Time = 0.00s, Memory = 8.0K)
    Checking Rule Postreqs_CheckFuncTask (Rule 178 of total 280) .... done (Time = 0.00s, Memory = 0.0K)
    Checking Rule Prereqs_ConstantInput-ML (Rule 179 of total 280) .... done (Time = 0.00s, Memory = 0.0K)
    Checking Rule Prereqs_ConstantInput-ML (Rule 180 of total 280) .... done (Time = 0.00s, Memory = 0.0K)
    Checking Rule Prereqs_RptNegEdgeFF-ML (Rule 181 of total 280) .... done (Time = 0.00s, Memory = 0.0K)
    Checking Rule ReportPortInfo-ML (Rule 182 of total 280) .... done (Time = 0.00s, Memory = 0.0K)
    Checking Rule Prereqs_ReportPortInfo-ML (Rule 183 of total 280) .... done (Time = 0.00s, Memory = 0.0K)
    Checking Rule Prereqs_ReportPortInfo-ML (Rule 184 of total 280) .... done (Time = 0.00s, Memory = 0.0K)
    Checking Rule NoAssignX-ML (Rule 185 of total 280) .... done (Time = 0.00s, Memory = 0.0K)
    Checking Rule ParamWidthMismatch-ML (Rule 186 of total 280) .... done (Time = 0.00s, Memory = 0.0K)
    Checking Rule Postreqs_Usage_ML (Rule 187 of total 280) .... done (Time = 0.00s, Memory = 0.0K)
    Checking Rule NoXInCase-ML (Rule 188 of total 280) .... done (Time = 0.00s, Memory = 0.0K)
Checking ELABDU Rules for designUnit fifo_mux_16_1
    Checking Rule Prereqs_STARC-2.3.6.1 (Rule 128 of total 280) .... done (Time = 0.00s, Memory = 0.0K)
    Checking Rule Prereqs_InferLatch (Rule 129 of total 280) .... done (Time = 0.00s, Memory = 0.0K)
    Checking Rule STARC05-2.1.5.3 (Rule 130 of total 280) .... done (Time = 0.00s, Memory = 0.0K)
    Checking Rule STARC05-2.2.3.3 (Rule 131 of total 280) .... done (Time = 0.00s, Memory = 0.0K)
    Checking Rule STARC05-2.3.1.6 (Rule 132 of total 280) .... done (Time = 0.00s, Memory = 0.0K)
    Checking Rule STARC05-2.10.2.3 (Rule 133 of total 280) .... done (Time = 0.00s, Memory = 8.0K)
    Checking Rule STARC05-2.10.3.2a (Rule 134 of total 280) .... done (Time = 0.00s, Memory = 0.0K)
    Checking Rule STARC05-2.11.3.1 (Rule 135 of total 280) .... done (Time = 0.00s, Memory = 8.0K)
    Checking Rule STARC05-2.1.3.1 (Rule 136 of total 280) .... done (Time = 0.00s, Memory = 0.0K)
    Checking Rule STARC05-2.10.1.4a (Rule 137 of total 280) .... done (Time = 0.00s, Memory = 0.0K)
    Checking Rule STARC05-2.10.1.4b (Rule 138 of total 280) .... done (Time = 0.00s, Memory = 0.0K)
    Checking Rule sim_race02 (Rule 139 of total 280) .... done (Time = 0.00s, Memory = 0.0K)
    Checking Rule W110 (Rule 140 of total 280) .... done (Time = 0.00s, Memory = 0.0K)
    Checking Rule W122 (Rule 141 of total 280) .... done (Time = 0.00s, Memory = 0.0K)
    Checking Rule W496a (Rule 142 of total 280) .... done (Time = 0.00s, Memory = 0.0K)
    Checking Rule W19 (Rule 143 of total 280) .... done (Time = 0.00s, Memory = 0.0K)
    Checking Rule W66 (Rule 144 of total 280) .... done (Time = 0.00s, Memory = 0.0K)
    Checking Rule W116 (Rule 145 of total 280) .... done (Time = 0.00s, Memory = 0.0K)
    Checking Rule W123 (Rule 146 of total 280) .... done (Time = 0.00s, Memory = 16.0K)
    Checking Rule W156 (Rule 147 of total 280) .... done (Time = 0.00s, Memory = 0.0K)
    Checking Rule W215 (Rule 148 of total 280) .... done (Time = 0.00s, Memory = 0.0K)
    Checking Rule W216 (Rule 149 of total 280) .... done (Time = 0.00s, Memory = 0.0K)
    Checking Rule W218 (Rule 150 of total 280) .... done (Time = 0.00s, Memory = 0.0K)
    Checking Rule W224 (Rule 151 of total 280) .... done (Time = 0.00s, Memory = 0.0K)
    Checking Rule W263 (Rule 152 of total 280) .... done (Time = 0.00s, Memory = 0.0K)
    Checking Rule W289 (Rule 153 of total 280) .... done (Time = 0.00s, Memory = 0.0K)
    Checking Rule W337 (Rule 154 of total 280) .... done (Time = 0.00s, Memory = 0.0K)
    Checking Rule W352 (Rule 155 of total 280) .... done (Time = 0.00s, Memory = -8.0K)
    Checking Rule W362 (Rule 156 of total 280) .... done (Time = 0.00s, Memory = 0.0K)
    Checking Rule W415a (Rule 157 of total 280) .... done (Time = 0.00s, Memory = 0.0K)
    Checking Rule W486 (Rule 158 of total 280) .... done (Time = 0.00s, Memory = 0.0K)
    Checking Rule W499 (Rule 159 of total 280) .... done (Time = 0.00s, Memory = 0.0K)
    Checking Rule W502 (Rule 160 of total 280) .... done (Time = 0.00s, Memory = 0.0K)
    Checking Rule W116 (Rule 161 of total 280) .... done (Time = 0.00s, Memory = 0.0K)
    Checking Rule W122 (Rule 162 of total 280) .... done (Time = 0.00s, Memory = 0.0K)
    Checking Rule W123 (Rule 163 of total 280) .... done (Time = 0.00s, Memory = 0.0K)
    Checking Rule W156 (Rule 164 of total 280) .... done (Time = 0.00s, Memory = 0.0K)
    Checking Rule W71 (Rule 165 of total 280) .... done (Time = 0.00s, Memory = 0.0K)
    Checking Rule W240 (Rule 166 of total 280) .... done (Time = 0.00s, Memory = 0.0K)
    Checking Rule W240 (Rule 167 of total 280) .... done (Time = 0.00s, Memory = 0.0K)
    Checking Rule W287a (Rule 168 of total 280) .... done (Time = 0.00s, Memory = 0.0K)
    Checking Rule W293 (Rule 169 of total 280) .... done (Time = 0.00s, Memory = 0.0K)
    Checking Rule W398 (Rule 170 of total 280) .... done (Time = 0.00s, Memory = 0.0K)
    Checking Rule W424 (Rule 171 of total 280) .... done (Time = 0.00s, Memory = 0.0K)
    Checking Rule W467 (Rule 172 of total 280) .... done (Time = 0.00s, Memory = 0.0K)
    Checking Rule W505 (Rule 173 of total 280) .... done (Time = 0.00s, Memory = 0.0K)
    Checking Rule W505 (Rule 174 of total 280) .... done (Time = 0.00s, Memory = 0.0K)
    Checking Rule W528 (Rule 175 of total 280) .... done (Time = 0.00s, Memory = 0.0K)
    Checking Rule W528 (Rule 176 of total 280) .... done (Time = 0.00s, Memory = 576.0K)
    Checking Rule Prereqs_Usage (Rule 177 of total 280) .... done (Time = 0.00s, Memory = -16.0K)
    Checking Rule Postreqs_CheckFuncTask (Rule 178 of total 280) .... done (Time = 0.00s, Memory = 0.0K)
    Checking Rule Prereqs_ConstantInput-ML (Rule 179 of total 280) .... done (Time = 0.00s, Memory = 0.0K)
    Checking Rule Prereqs_ConstantInput-ML (Rule 180 of total 280) .... done (Time = 0.00s, Memory = 0.0K)
    Checking Rule Prereqs_RptNegEdgeFF-ML (Rule 181 of total 280) .... done (Time = 0.00s, Memory = 0.0K)
    Checking Rule ReportPortInfo-ML (Rule 182 of total 280) .... done (Time = 0.00s, Memory = 0.0K)
    Checking Rule Prereqs_ReportPortInfo-ML (Rule 183 of total 280) .... done (Time = 0.00s, Memory = 0.0K)
    Checking Rule Prereqs_ReportPortInfo-ML (Rule 184 of total 280) .... done (Time = 0.00s, Memory = 0.0K)
    Checking Rule NoAssignX-ML (Rule 185 of total 280) .... done (Time = 0.00s, Memory = 0.0K)
    Checking Rule ParamWidthMismatch-ML (Rule 186 of total 280) .... done (Time = 0.00s, Memory = 24.0K)
    Checking Rule Postreqs_Usage_ML (Rule 187 of total 280) .... done (Time = 0.00s, Memory = 0.0K)
    Checking Rule NoXInCase-ML (Rule 188 of total 280) .... done (Time = 0.00s, Memory = 0.0K)
Checking ELABDU Rules for designUnit fifo_mux_8_1
    Checking Rule Prereqs_STARC-2.3.6.1 (Rule 128 of total 280) .... done (Time = 0.00s, Memory = 0.0K)
    Checking Rule Prereqs_InferLatch (Rule 129 of total 280) .... done (Time = 0.00s, Memory = 0.0K)
    Checking Rule STARC05-2.1.5.3 (Rule 130 of total 280) .... done (Time = 0.00s, Memory = 0.0K)
    Checking Rule STARC05-2.2.3.3 (Rule 131 of total 280) .... done (Time = 0.00s, Memory = 0.0K)
    Checking Rule STARC05-2.3.1.6 (Rule 132 of total 280) .... done (Time = 0.00s, Memory = 0.0K)
    Checking Rule STARC05-2.10.2.3 (Rule 133 of total 280) .... done (Time = 0.00s, Memory = 0.0K)
    Checking Rule STARC05-2.10.3.2a (Rule 134 of total 280) .... done (Time = 0.00s, Memory = 8.0K)
    Checking Rule STARC05-2.11.3.1 (Rule 135 of total 280) .... done (Time = 0.00s, Memory = 0.0K)
    Checking Rule STARC05-2.1.3.1 (Rule 136 of total 280) .... done (Time = 0.00s, Memory = -24.0K)
    Checking Rule STARC05-2.10.1.4a (Rule 137 of total 280) .... done (Time = 0.00s, Memory = 0.0K)
    Checking Rule STARC05-2.10.1.4b (Rule 138 of total 280) .... done (Time = 0.00s, Memory = 0.0K)
    Checking Rule sim_race02 (Rule 139 of total 280) .... done (Time = 0.00s, Memory = 0.0K)
    Checking Rule W110 (Rule 140 of total 280) .... done (Time = 0.00s, Memory = 0.0K)
    Checking Rule W122 (Rule 141 of total 280) .... done (Time = 0.00s, Memory = 0.0K)
    Checking Rule W496a (Rule 142 of total 280) .... done (Time = 0.00s, Memory = 0.0K)
    Checking Rule W19 (Rule 143 of total 280) .... done (Time = 0.00s, Memory = 0.0K)
    Checking Rule W66 (Rule 144 of total 280) .... done (Time = 0.00s, Memory = 0.0K)
    Checking Rule W116 (Rule 145 of total 280) .... done (Time = 0.00s, Memory = 0.0K)
    Checking Rule W123 (Rule 146 of total 280) .... done (Time = 0.01s, Memory = 16.0K)
    Checking Rule W156 (Rule 147 of total 280) .... done (Time = 0.00s, Memory = 0.0K)
    Checking Rule W215 (Rule 148 of total 280) .... done (Time = 0.00s, Memory = 0.0K)
    Checking Rule W216 (Rule 149 of total 280) .... done (Time = 0.00s, Memory = 32.0K)
    Checking Rule W218 (Rule 150 of total 280) .... done (Time = 0.00s, Memory = 0.0K)
    Checking Rule W224 (Rule 151 of total 280) .... done (Time = 0.00s, Memory = 8.0K)
    Checking Rule W263 (Rule 152 of total 280) .... done (Time = 0.00s, Memory = -24.0K)
    Checking Rule W289 (Rule 153 of total 280) .... done (Time = 0.00s, Memory = 0.0K)
    Checking Rule W337 (Rule 154 of total 280) .... done (Time = 0.00s, Memory = 0.0K)
    Checking Rule W352 (Rule 155 of total 280) .... done (Time = 0.00s, Memory = 0.0K)
    Checking Rule W362 (Rule 156 of total 280) .... done (Time = 0.00s, Memory = 0.0K)
    Checking Rule W415a (Rule 157 of total 280) .... done (Time = 0.00s, Memory = 0.0K)
    Checking Rule W486 (Rule 158 of total 280) .... done (Time = 0.00s, Memory = 0.0K)
    Checking Rule W499 (Rule 159 of total 280) .... done (Time = 0.00s, Memory = 0.0K)
    Checking Rule W502 (Rule 160 of total 280) .... done (Time = 0.00s, Memory = 0.0K)
    Checking Rule W116 (Rule 161 of total 280) .... done (Time = 0.00s, Memory = 0.0K)
    Checking Rule W122 (Rule 162 of total 280) .... done (Time = 0.00s, Memory = 0.0K)
    Checking Rule W123 (Rule 163 of total 280) .... done (Time = 0.00s, Memory = 0.0K)
    Checking Rule W156 (Rule 164 of total 280) .... done (Time = 0.00s, Memory = 0.0K)
    Checking Rule W71 (Rule 165 of total 280) .... done (Time = 0.00s, Memory = 0.0K)
    Checking Rule W240 (Rule 166 of total 280) .... done (Time = 0.00s, Memory = 32.0K)
    Checking Rule W240 (Rule 167 of total 280) .... done (Time = 0.00s, Memory = 0.0K)
    Checking Rule W287a (Rule 168 of total 280) .... done (Time = 0.00s, Memory = 0.0K)
    Checking Rule W293 (Rule 169 of total 280) .... done (Time = 0.00s, Memory = 0.0K)
    Checking Rule W398 (Rule 170 of total 280) .... done (Time = 0.00s, Memory = 0.0K)
    Checking Rule W424 (Rule 171 of total 280) .... done (Time = 0.00s, Memory = 0.0K)
    Checking Rule W467 (Rule 172 of total 280) .... done (Time = 0.00s, Memory = 0.0K)
    Checking Rule W505 (Rule 173 of total 280) .... done (Time = 0.00s, Memory = 0.0K)
    Checking Rule W505 (Rule 174 of total 280) .... done (Time = 0.00s, Memory = 0.0K)
    Checking Rule W528 (Rule 175 of total 280) .... done (Time = 0.00s, Memory = 0.0K)
    Checking Rule W528 (Rule 176 of total 280) .... done (Time = 0.00s, Memory = 576.0K)
    Checking Rule Prereqs_Usage (Rule 177 of total 280) .... done (Time = 0.00s, Memory = -16.0K)
    Checking Rule Postreqs_CheckFuncTask (Rule 178 of total 280) .... done (Time = 0.00s, Memory = 0.0K)
    Checking Rule Prereqs_ConstantInput-ML (Rule 179 of total 280) .... done (Time = 0.00s, Memory = 0.0K)
    Checking Rule Prereqs_ConstantInput-ML (Rule 180 of total 280) .... done (Time = 0.00s, Memory = 0.0K)
    Checking Rule Prereqs_RptNegEdgeFF-ML (Rule 181 of total 280) .... done (Time = 0.00s, Memory = 0.0K)
    Checking Rule ReportPortInfo-ML (Rule 182 of total 280) .... done (Time = 0.00s, Memory = 0.0K)
    Checking Rule Prereqs_ReportPortInfo-ML (Rule 183 of total 280) .... done (Time = 0.00s, Memory = 0.0K)
    Checking Rule Prereqs_ReportPortInfo-ML (Rule 184 of total 280) .... done (Time = 0.00s, Memory = 0.0K)
    Checking Rule NoAssignX-ML (Rule 185 of total 280) .... done (Time = 0.00s, Memory = 0.0K)
    Checking Rule ParamWidthMismatch-ML (Rule 186 of total 280) .... done (Time = 0.00s, Memory = 0.0K)
    Checking Rule Postreqs_Usage_ML (Rule 187 of total 280) .... done (Time = 0.00s, Memory = 0.0K)
    Checking Rule NoXInCase-ML (Rule 188 of total 280) .... done (Time = 0.00s, Memory = 0.0K)
Checking ELABDU Rules for designUnit fifo_mux_2_1
    Checking Rule Prereqs_STARC-2.3.6.1 (Rule 128 of total 280) .... done (Time = 0.00s, Memory = 0.0K)
    Checking Rule Prereqs_InferLatch (Rule 129 of total 280) .... done (Time = 0.00s, Memory = 0.0K)
    Checking Rule STARC05-2.1.5.3 (Rule 130 of total 280) .... done (Time = 0.00s, Memory = 0.0K)
    Checking Rule STARC05-2.2.3.3 (Rule 131 of total 280) .... done (Time = 0.00s, Memory = 0.0K)
    Checking Rule STARC05-2.3.1.6 (Rule 132 of total 280) .... done (Time = 0.00s, Memory = 0.0K)
    Checking Rule STARC05-2.10.2.3 (Rule 133 of total 280) .... done (Time = 0.00s, Memory = 0.0K)
    Checking Rule STARC05-2.10.3.2a (Rule 134 of total 280) .... done (Time = 0.00s, Memory = 0.0K)
    Checking Rule STARC05-2.11.3.1 (Rule 135 of total 280) .... done (Time = 0.00s, Memory = 0.0K)
    Checking Rule STARC05-2.1.3.1 (Rule 136 of total 280) .... done (Time = 0.00s, Memory = 0.0K)
    Checking Rule STARC05-2.10.1.4a (Rule 137 of total 280) .... done (Time = 0.00s, Memory = 16.0K)
    Checking Rule STARC05-2.10.1.4b (Rule 138 of total 280) .... done (Time = 0.00s, Memory = 0.0K)
    Checking Rule sim_race02 (Rule 139 of total 280) .... done (Time = 0.00s, Memory = -24.0K)
    Checking Rule W110 (Rule 140 of total 280) .... done (Time = 0.00s, Memory = 0.0K)
    Checking Rule W122 (Rule 141 of total 280) .... done (Time = 0.00s, Memory = 0.0K)
    Checking Rule W496a (Rule 142 of total 280) .... done (Time = 0.00s, Memory = 0.0K)
    Checking Rule W19 (Rule 143 of total 280) .... done (Time = 0.00s, Memory = 0.0K)
    Checking Rule W66 (Rule 144 of total 280) .... done (Time = 0.00s, Memory = 0.0K)
    Checking Rule W116 (Rule 145 of total 280) .... done (Time = 0.00s, Memory = 8.0K)
    Checking Rule W123 (Rule 146 of total 280) .... done (Time = 0.01s, Memory = 48.0K)
    Checking Rule W156 (Rule 147 of total 280) .... done (Time = 0.00s, Memory = -24.0K)
    Checking Rule W215 (Rule 148 of total 280) .... done (Time = 0.00s, Memory = 0.0K)
    Checking Rule W216 (Rule 149 of total 280) .... done (Time = 0.00s, Memory = 0.0K)
    Checking Rule W218 (Rule 150 of total 280) .... done (Time = 0.00s, Memory = 0.0K)
    Checking Rule W224 (Rule 151 of total 280) .... done (Time = 0.00s, Memory = 0.0K)
    Checking Rule W263 (Rule 152 of total 280) .... done (Time = 0.00s, Memory = 0.0K)
    Checking Rule W289 (Rule 153 of total 280) .... done (Time = 0.00s, Memory = 0.0K)
    Checking Rule W337 (Rule 154 of total 280) .... done (Time = 0.00s, Memory = 0.0K)
    Checking Rule W352 (Rule 155 of total 280) .... done (Time = 0.00s, Memory = 0.0K)
    Checking Rule W362 (Rule 156 of total 280) .... done (Time = 0.00s, Memory = 0.0K)
    Checking Rule W415a (Rule 157 of total 280) .... done (Time = 0.00s, Memory = 16.0K)
    Checking Rule W486 (Rule 158 of total 280) .... done (Time = 0.00s, Memory = -24.0K)
    Checking Rule W499 (Rule 159 of total 280) .... done (Time = 0.00s, Memory = 0.0K)
    Checking Rule W502 (Rule 160 of total 280) .... done (Time = 0.00s, Memory = 0.0K)
    Checking Rule W116 (Rule 161 of total 280) .... done (Time = 0.00s, Memory = 0.0K)
    Checking Rule W122 (Rule 162 of total 280) .... done (Time = 0.00s, Memory = 0.0K)
    Checking Rule W123 (Rule 163 of total 280) .... done (Time = 0.00s, Memory = 0.0K)
    Checking Rule W156 (Rule 164 of total 280) .... done (Time = 0.00s, Memory = 0.0K)
    Checking Rule W71 (Rule 165 of total 280) .... done (Time = 0.00s, Memory = 0.0K)
    Checking Rule W240 (Rule 166 of total 280) .... done (Time = 0.00s, Memory = 0.0K)
    Checking Rule W240 (Rule 167 of total 280) .... done (Time = 0.00s, Memory = 0.0K)
    Checking Rule W287a (Rule 168 of total 280) .... done (Time = 0.00s, Memory = 0.0K)
    Checking Rule W293 (Rule 169 of total 280) .... done (Time = 0.00s, Memory = 0.0K)
    Checking Rule W398 (Rule 170 of total 280) .... done (Time = 0.00s, Memory = 0.0K)
    Checking Rule W424 (Rule 171 of total 280) .... done (Time = 0.00s, Memory = 0.0K)
    Checking Rule W467 (Rule 172 of total 280) .... done (Time = 0.00s, Memory = 0.0K)
    Checking Rule W505 (Rule 173 of total 280) .... done (Time = 0.00s, Memory = 0.0K)
    Checking Rule W505 (Rule 174 of total 280) .... done (Time = 0.00s, Memory = 0.0K)
    Checking Rule W528 (Rule 175 of total 280) .... done (Time = 0.00s, Memory = 0.0K)
    Checking Rule W528 (Rule 176 of total 280) .... done (Time = 0.00s, Memory = 576.0K)
    Checking Rule Prereqs_Usage (Rule 177 of total 280) .... done (Time = 0.00s, Memory = -16.0K)
    Checking Rule Postreqs_CheckFuncTask (Rule 178 of total 280) .... done (Time = 0.00s, Memory = 0.0K)
    Checking Rule Prereqs_ConstantInput-ML (Rule 179 of total 280) .... done (Time = 0.00s, Memory = -24.0K)
    Checking Rule Prereqs_ConstantInput-ML (Rule 180 of total 280) .... done (Time = 0.00s, Memory = 0.0K)
    Checking Rule Prereqs_RptNegEdgeFF-ML (Rule 181 of total 280) .... done (Time = 0.00s, Memory = -32.0K)
    Checking Rule ReportPortInfo-ML (Rule 182 of total 280) .... done (Time = 0.00s, Memory = 0.0K)
    Checking Rule Prereqs_ReportPortInfo-ML (Rule 183 of total 280) .... done (Time = 0.00s, Memory = 0.0K)
    Checking Rule Prereqs_ReportPortInfo-ML (Rule 184 of total 280) .... done (Time = 0.00s, Memory = 0.0K)
    Checking Rule NoAssignX-ML (Rule 185 of total 280) .... done (Time = 0.00s, Memory = 0.0K)
    Checking Rule ParamWidthMismatch-ML (Rule 186 of total 280) .... done (Time = 0.00s, Memory = 0.0K)
    Checking Rule Postreqs_Usage_ML (Rule 187 of total 280) .... done (Time = 0.00s, Memory = 0.0K)
    Checking Rule NoXInCase-ML (Rule 188 of total 280) .... done (Time = 0.00s, Memory = 0.0K)
Checking ELABDU Rules for designUnit WORK_sram_w16_64
    Checking Rule Prereqs_STARC-2.3.6.1 (Rule 128 of total 280) .... done (Time = 0.00s, Memory = 0.0K)
    Checking Rule Prereqs_InferLatch (Rule 129 of total 280) .... done (Time = 0.00s, Memory = 0.0K)
    Checking Rule STARC05-2.1.5.3 (Rule 130 of total 280) .... done (Time = 0.00s, Memory = 0.0K)
    Checking Rule STARC05-2.2.3.3 (Rule 131 of total 280) .... done (Time = 0.00s, Memory = 8.0K)
    Checking Rule STARC05-2.3.1.6 (Rule 132 of total 280) .... done (Time = 0.00s, Memory = 0.0K)
    Checking Rule STARC05-2.10.2.3 (Rule 133 of total 280) .... done (Time = 0.00s, Memory = 0.0K)
    Checking Rule STARC05-2.10.3.2a (Rule 134 of total 280) .... done (Time = 0.00s, Memory = 0.0K)
    Checking Rule STARC05-2.11.3.1 (Rule 135 of total 280) .... done (Time = 0.00s, Memory = 0.0K)
    Checking Rule STARC05-2.1.3.1 (Rule 136 of total 280) .... done (Time = 0.00s, Memory = 0.0K)
    Checking Rule STARC05-2.10.1.4a (Rule 137 of total 280) .... done (Time = 0.00s, Memory = 0.0K)
    Checking Rule STARC05-2.10.1.4b (Rule 138 of total 280) .... done (Time = 0.00s, Memory = 0.0K)
    Checking Rule sim_race02 (Rule 139 of total 280) .... done (Time = 0.00s, Memory = 0.0K)
    Checking Rule W110 (Rule 140 of total 280) .... done (Time = 0.00s, Memory = 8.0K)
    Checking Rule W122 (Rule 141 of total 280) .... done (Time = 0.00s, Memory = -32.0K)
    Checking Rule W496a (Rule 142 of total 280) .... done (Time = 0.00s, Memory = 0.0K)
    Checking Rule W19 (Rule 143 of total 280) .... done (Time = 0.00s, Memory = 0.0K)
    Checking Rule W66 (Rule 144 of total 280) .... done (Time = 0.00s, Memory = 0.0K)
    Checking Rule W116 (Rule 145 of total 280) .... done (Time = 0.00s, Memory = 0.0K)
    Checking Rule W123 (Rule 146 of total 280) .... done (Time = 0.01s, Memory = 16.0K)
    Checking Rule W156 (Rule 147 of total 280) .... done (Time = 0.00s, Memory = 0.0K)
    Checking Rule W215 (Rule 148 of total 280) .... done (Time = 0.00s, Memory = 0.0K)
    Checking Rule W216 (Rule 149 of total 280) .... done (Time = 0.00s, Memory = 0.0K)
    Checking Rule W218 (Rule 150 of total 280) .... done (Time = 0.00s, Memory = 0.0K)
    Checking Rule W224 (Rule 151 of total 280) .... done (Time = 0.00s, Memory = 0.0K)
    Checking Rule W263 (Rule 152 of total 280) .... done (Time = 0.00s, Memory = 0.0K)
    Checking Rule W289 (Rule 153 of total 280) .... done (Time = 0.00s, Memory = 0.0K)
    Checking Rule W337 (Rule 154 of total 280) .... done (Time = 0.00s, Memory = 8.0K)
    Checking Rule W352 (Rule 155 of total 280) .... done (Time = 0.00s, Memory = 8.0K)
    Checking Rule W362 (Rule 156 of total 280) .... done (Time = 0.00s, Memory = -8.0K)
    Checking Rule W415a (Rule 157 of total 280) .... done (Time = 0.00s, Memory = -24.0K)
    Checking Rule W486 (Rule 158 of total 280) .... done (Time = 0.00s, Memory = 0.0K)
    Checking Rule W499 (Rule 159 of total 280) .... done (Time = 0.00s, Memory = 0.0K)
    Checking Rule W502 (Rule 160 of total 280) .... done (Time = 0.00s, Memory = 0.0K)
    Checking Rule W116 (Rule 161 of total 280) .... done (Time = 0.00s, Memory = 0.0K)
    Checking Rule W122 (Rule 162 of total 280) .... done (Time = 0.00s, Memory = 0.0K)
    Checking Rule W123 (Rule 163 of total 280) .... done (Time = 0.00s, Memory = 0.0K)
    Checking Rule W156 (Rule 164 of total 280) .... done (Time = 0.00s, Memory = 0.0K)
    Checking Rule W71 (Rule 165 of total 280) .... done (Time = 0.00s, Memory = 0.0K)
    Checking Rule W240 (Rule 166 of total 280) .... done (Time = 0.00s, Memory = 0.0K)
    Checking Rule W240 (Rule 167 of total 280) .... done (Time = 0.00s, Memory = 0.0K)
    Checking Rule W287a (Rule 168 of total 280) .... done (Time = 0.00s, Memory = 0.0K)
    Checking Rule W293 (Rule 169 of total 280) .... done (Time = 0.00s, Memory = 0.0K)
    Checking Rule W398 (Rule 170 of total 280) .... done (Time = 0.00s, Memory = 0.0K)
    Checking Rule W424 (Rule 171 of total 280) .... done (Time = 0.00s, Memory = 0.0K)
    Checking Rule W467 (Rule 172 of total 280) .... done (Time = 0.00s, Memory = 0.0K)
    Checking Rule W505 (Rule 173 of total 280) .... done (Time = 0.00s, Memory = 0.0K)
    Checking Rule W505 (Rule 174 of total 280) .... done (Time = 0.00s, Memory = 0.0K)
    Checking Rule W528 (Rule 175 of total 280) .... done (Time = 0.00s, Memory = 0.0K)
    Checking Rule W528 (Rule 176 of total 280) .... done (Time = 0.00s, Memory = 576.0K)
    Checking Rule Prereqs_Usage (Rule 177 of total 280) .... done (Time = 0.00s, Memory = -16.0K)
    Checking Rule Postreqs_CheckFuncTask (Rule 178 of total 280) .... done (Time = 0.00s, Memory = 0.0K)
    Checking Rule Prereqs_ConstantInput-ML (Rule 179 of total 280) .... done (Time = 0.00s, Memory = 0.0K)
    Checking Rule Prereqs_ConstantInput-ML (Rule 180 of total 280) .... done (Time = 0.00s, Memory = 0.0K)
    Checking Rule Prereqs_RptNegEdgeFF-ML (Rule 181 of total 280) .... done (Time = 0.00s, Memory = -24.0K)
    Checking Rule ReportPortInfo-ML (Rule 182 of total 280) .... done (Time = 0.00s, Memory = 0.0K)
    Checking Rule Prereqs_ReportPortInfo-ML (Rule 183 of total 280) .... done (Time = 0.00s, Memory = 0.0K)
    Checking Rule Prereqs_ReportPortInfo-ML (Rule 184 of total 280) .... done (Time = 0.00s, Memory = 0.0K)
    Checking Rule NoAssignX-ML (Rule 185 of total 280) .... done (Time = 0.00s, Memory = 0.0K)
    Checking Rule ParamWidthMismatch-ML (Rule 186 of total 280) .... done (Time = 0.00s, Memory = 0.0K)
    Checking Rule Postreqs_Usage_ML (Rule 187 of total 280) .... done (Time = 0.00s, Memory = 0.0K)
    Checking Rule NoXInCase-ML (Rule 188 of total 280) .... done (Time = 0.00s, Memory = 0.0K)
Checking ELABDU Rules for designUnit WORK_sram_w16_160
    Checking Rule Prereqs_STARC-2.3.6.1 (Rule 128 of total 280) .... done (Time = 0.00s, Memory = 0.0K)
    Checking Rule Prereqs_InferLatch (Rule 129 of total 280) .... done (Time = 0.00s, Memory = 0.0K)
    Checking Rule STARC05-2.1.5.3 (Rule 130 of total 280) .... done (Time = 0.00s, Memory = 0.0K)
    Checking Rule STARC05-2.2.3.3 (Rule 131 of total 280) .... done (Time = 0.00s, Memory = 8.0K)
    Checking Rule STARC05-2.3.1.6 (Rule 132 of total 280) .... done (Time = 0.00s, Memory = 0.0K)
    Checking Rule STARC05-2.10.2.3 (Rule 133 of total 280) .... done (Time = 0.00s, Memory = 0.0K)
    Checking Rule STARC05-2.10.3.2a (Rule 134 of total 280) .... done (Time = 0.00s, Memory = 0.0K)
    Checking Rule STARC05-2.11.3.1 (Rule 135 of total 280) .... done (Time = 0.00s, Memory = 0.0K)
    Checking Rule STARC05-2.1.3.1 (Rule 136 of total 280) .... done (Time = 0.00s, Memory = 0.0K)
    Checking Rule STARC05-2.10.1.4a (Rule 137 of total 280) .... done (Time = 0.00s, Memory = 0.0K)
    Checking Rule STARC05-2.10.1.4b (Rule 138 of total 280) .... done (Time = 0.00s, Memory = 0.0K)
    Checking Rule sim_race02 (Rule 139 of total 280) .... done (Time = 0.00s, Memory = 0.0K)
    Checking Rule W110 (Rule 140 of total 280) .... done (Time = 0.00s, Memory = 0.0K)
    Checking Rule W122 (Rule 141 of total 280) .... done (Time = 0.00s, Memory = 0.0K)
    Checking Rule W496a (Rule 142 of total 280) .... done (Time = 0.00s, Memory = 0.0K)
    Checking Rule W19 (Rule 143 of total 280) .... done (Time = 0.00s, Memory = 0.0K)
    Checking Rule W66 (Rule 144 of total 280) .... done (Time = 0.00s, Memory = 0.0K)
    Checking Rule W116 (Rule 145 of total 280) .... done (Time = 0.00s, Memory = 0.0K)
    Checking Rule W123 (Rule 146 of total 280) .... done (Time = 0.01s, Memory = -8.0K)
    Checking Rule W156 (Rule 147 of total 280) .... done (Time = 0.00s, Memory = 0.0K)
    Checking Rule W215 (Rule 148 of total 280) .... done (Time = 0.00s, Memory = 0.0K)
    Checking Rule W216 (Rule 149 of total 280) .... done (Time = 0.00s, Memory = 0.0K)
    Checking Rule W218 (Rule 150 of total 280) .... done (Time = 0.00s, Memory = 0.0K)
    Checking Rule W224 (Rule 151 of total 280) .... done (Time = 0.00s, Memory = 0.0K)
    Checking Rule W263 (Rule 152 of total 280) .... done (Time = 0.00s, Memory = 0.0K)
    Checking Rule W289 (Rule 153 of total 280) .... done (Time = 0.00s, Memory = -32.0K)
    Checking Rule W337 (Rule 154 of total 280) .... done (Time = 0.00s, Memory = 32.0K)
    Checking Rule W352 (Rule 155 of total 280) .... done (Time = 0.00s, Memory = 0.0K)
    Checking Rule W362 (Rule 156 of total 280) .... done (Time = 0.00s, Memory = 0.0K)
    Checking Rule W415a (Rule 157 of total 280) .... done (Time = 0.00s, Memory = 0.0K)
    Checking Rule W486 (Rule 158 of total 280) .... done (Time = 0.00s, Memory = 0.0K)
    Checking Rule W499 (Rule 159 of total 280) .... done (Time = 0.00s, Memory = 0.0K)
    Checking Rule W502 (Rule 160 of total 280) .... done (Time = 0.00s, Memory = 0.0K)
    Checking Rule W116 (Rule 161 of total 280) .... done (Time = 0.00s, Memory = 0.0K)
    Checking Rule W122 (Rule 162 of total 280) .... done (Time = 0.00s, Memory = 0.0K)
    Checking Rule W123 (Rule 163 of total 280) .... done (Time = 0.00s, Memory = 0.0K)
    Checking Rule W156 (Rule 164 of total 280) .... done (Time = 0.00s, Memory = 0.0K)
    Checking Rule W71 (Rule 165 of total 280) .... done (Time = 0.00s, Memory = 8.0K)
    Checking Rule W240 (Rule 166 of total 280) .... done (Time = 0.00s, Memory = 0.0K)
    Checking Rule W240 (Rule 167 of total 280) .... done (Time = 0.00s, Memory = 0.0K)
    Checking Rule W287a (Rule 168 of total 280) .... done (Time = 0.00s, Memory = 0.0K)
    Checking Rule W293 (Rule 169 of total 280) .... done (Time = 0.00s, Memory = 0.0K)
    Checking Rule W398 (Rule 170 of total 280) .... done (Time = 0.00s, Memory = 0.0K)
    Checking Rule W424 (Rule 171 of total 280) .... done (Time = 0.00s, Memory = 0.0K)
    Checking Rule W467 (Rule 172 of total 280) .... done (Time = 0.00s, Memory = 0.0K)
    Checking Rule W505 (Rule 173 of total 280) .... done (Time = 0.00s, Memory = 0.0K)
    Checking Rule W505 (Rule 174 of total 280) .... done (Time = 0.00s, Memory = 0.0K)
    Checking Rule W528 (Rule 175 of total 280) .... done (Time = 0.00s, Memory = 0.0K)
    Checking Rule W528 (Rule 176 of total 280) .... done (Time = 0.00s, Memory = 576.0K)
    Checking Rule Prereqs_Usage (Rule 177 of total 280) .... done (Time = 0.00s, Memory = -16.0K)
    Checking Rule Postreqs_CheckFuncTask (Rule 178 of total 280) .... done (Time = 0.00s, Memory = 0.0K)
    Checking Rule Prereqs_ConstantInput-ML (Rule 179 of total 280) .... done (Time = 0.00s, Memory = 0.0K)
    Checking Rule Prereqs_ConstantInput-ML (Rule 180 of total 280) .... done (Time = 0.00s, Memory = 0.0K)
    Checking Rule Prereqs_RptNegEdgeFF-ML (Rule 181 of total 280) .... done (Time = 0.00s, Memory = 0.0K)
    Checking Rule ReportPortInfo-ML (Rule 182 of total 280) .... done (Time = 0.00s, Memory = 0.0K)
    Checking Rule Prereqs_ReportPortInfo-ML (Rule 183 of total 280) .... done (Time = 0.00s, Memory = 0.0K)
    Checking Rule Prereqs_ReportPortInfo-ML (Rule 184 of total 280) .... done (Time = 0.00s, Memory = 0.0K)
    Checking Rule NoAssignX-ML (Rule 185 of total 280) .... done (Time = 0.00s, Memory = 0.0K)
    Checking Rule ParamWidthMismatch-ML (Rule 186 of total 280) .... done (Time = 0.00s, Memory = 0.0K)
    Checking Rule Postreqs_Usage_ML (Rule 187 of total 280) .... done (Time = 0.00s, Memory = 0.0K)
    Checking Rule NoXInCase-ML (Rule 188 of total 280) .... done (Time = 0.00s, Memory = 0.0K)
Checking ELABDU Rules for designUnit fullchip_tb
    Checking Rule Prereqs_FormalUnique-ML (Rule 189 of total 280) .... done (Time = 0.00s, Memory = 0.0K)
Checking ELABDU Rules for designUnit fullchip
    Checking Rule Prereqs_FormalUnique-ML (Rule 189 of total 280) .... done (Time = 0.00s, Memory = 0.0K)
Checking ELABDU Rules for designUnit core
    Checking Rule Prereqs_FormalUnique-ML (Rule 189 of total 280) .... done (Time = 0.00s, Memory = 0.0K)
Checking ELABDU Rules for designUnit mac_array
    Checking Rule Prereqs_FormalUnique-ML (Rule 189 of total 280) .... done (Time = 0.00s, Memory = 32.0K)
Checking ELABDU Rules for designUnit WORK_mac_col_8_20_8_1
    Checking Rule Prereqs_FormalUnique-ML (Rule 189 of total 280) .... done (Time = 0.00s, Memory = 0.0K)
Checking ELABDU Rules for designUnit mac_8in
    Checking Rule Prereqs_FormalUnique-ML (Rule 189 of total 280) .... done (Time = 0.00s, Memory = 8.0K)
Checking ELABDU Rules for designUnit WORK_mac_col_8_20_8_2
    Checking Rule Prereqs_FormalUnique-ML (Rule 189 of total 280) .... done (Time = 0.00s, Memory = 32.0K)
Checking ELABDU Rules for designUnit WORK_mac_col_8_20_8_3
    Checking Rule Prereqs_FormalUnique-ML (Rule 189 of total 280) .... done (Time = 0.00s, Memory = 16.0K)
Checking ELABDU Rules for designUnit WORK_mac_col_8_20_8_4
    Checking Rule Prereqs_FormalUnique-ML (Rule 189 of total 280) .... done (Time = 0.00s, Memory = 0.0K)
Checking ELABDU Rules for designUnit WORK_mac_col_8_20_8_5
    Checking Rule Prereqs_FormalUnique-ML (Rule 189 of total 280) .... done (Time = 0.00s, Memory = 0.0K)
Checking ELABDU Rules for designUnit WORK_mac_col_8_20_8_6
    Checking Rule Prereqs_FormalUnique-ML (Rule 189 of total 280) .... done (Time = 0.00s, Memory = 0.0K)
Checking ELABDU Rules for designUnit WORK_mac_col_8_20_8_7
    Checking Rule Prereqs_FormalUnique-ML (Rule 189 of total 280) .... done (Time = 0.00s, Memory = 0.0K)
Checking ELABDU Rules for designUnit WORK_mac_col_8_20_8_8
    Checking Rule Prereqs_FormalUnique-ML (Rule 189 of total 280) .... done (Time = 0.00s, Memory = -32.0K)
Checking ELABDU Rules for designUnit ofifo
    Checking Rule Prereqs_FormalUnique-ML (Rule 189 of total 280) .... done (Time = 0.00s, Memory = 0.0K)
Checking ELABDU Rules for designUnit fifo_depth16
    Checking Rule Prereqs_FormalUnique-ML (Rule 189 of total 280) .... done (Time = 0.00s, Memory = 0.0K)
Checking ELABDU Rules for designUnit fifo_mux_16_1
    Checking Rule Prereqs_FormalUnique-ML (Rule 189 of total 280) .... done (Time = 0.00s, Memory = 0.0K)
Checking ELABDU Rules for designUnit fifo_mux_8_1
    Checking Rule Prereqs_FormalUnique-ML (Rule 189 of total 280) .... done (Time = 0.00s, Memory = 0.0K)
Checking ELABDU Rules for designUnit fifo_mux_2_1
    Checking Rule Prereqs_FormalUnique-ML (Rule 189 of total 280) .... done (Time = 0.00s, Memory = 0.0K)
Checking ELABDU Rules for designUnit WORK_sram_w16_64
    Checking Rule Prereqs_FormalUnique-ML (Rule 189 of total 280) .... done (Time = 0.00s, Memory = 0.0K)
Checking ELABDU Rules for designUnit WORK_sram_w16_160
    Checking Rule Prereqs_FormalUnique-ML (Rule 189 of total 280) .... done (Time = 0.00s, Memory = 0.0K)
Checking Rule SGDC_waive24 (Rule 190 of total 280) .... done (Time = 0.00s, Memory = 0.0K)
Checking Rule SGDC_waive25 (Rule 191 of total 280) .... done (Time = 0.00s, Memory = 0.0K)
Checking Rule SGDC_waive31 (Rule 192 of total 280) .... done (Time = 0.00s, Memory = 0.0K)
Checking Rule SGDC_waive35 (Rule 193 of total 280) .... done (Time = 0.00s, Memory = 0.0K)
 Synthesizing module: sram_w16 (elaborated name: WORK_sram_w16_160) ... (Module 1 of total 20)  done 
 Synthesizing module: sram_w16 (elaborated name: WORK_sram_w16_64) ... (Module 2 of total 20)  done 
 Synthesizing module: fifo_mux_2_1 (elaborated name: fifo_mux_2_1) ... (Module 3 of total 20)  done 
 Synthesizing module: fifo_mux_8_1 (elaborated name: fifo_mux_8_1) ... (Module 4 of total 20)  done 
 Synthesizing module: fifo_mux_16_1 (elaborated name: fifo_mux_16_1) ... (Module 5 of total 20)  done 
 Synthesizing module: fifo_depth16 (elaborated name: fifo_depth16) ... (Module 6 of total 20)  done 
 Synthesizing module: ofifo (elaborated name: ofifo) ... (Module 7 of total 20)  done 
 Synthesizing module: mac_8in (elaborated name: mac_8in) ... (Module 8 of total 20)  done 
 Synthesizing module: mac_col (elaborated name: WORK_mac_col_8_20_8_8) ... (Module 9 of total 20)  done 
 Synthesizing module: mac_col (elaborated name: WORK_mac_col_8_20_8_7) ... (Module 10 of total 20)  done 
 Synthesizing module: mac_col (elaborated name: WORK_mac_col_8_20_8_6) ... (Module 11 of total 20)  done 
 Synthesizing module: mac_col (elaborated name: WORK_mac_col_8_20_8_5) ... (Module 12 of total 20)  done 
 Synthesizing module: mac_col (elaborated name: WORK_mac_col_8_20_8_4) ... (Module 13 of total 20)  done 
 Synthesizing module: mac_col (elaborated name: WORK_mac_col_8_20_8_3) ... (Module 14 of total 20)  done 
 Synthesizing module: mac_col (elaborated name: WORK_mac_col_8_20_8_2) ... (Module 15 of total 20)  done 
 Synthesizing module: mac_col (elaborated name: WORK_mac_col_8_20_8_1) ... (Module 16 of total 20)  done 
 Synthesizing module: mac_array (elaborated name: mac_array) ... (Module 17 of total 20)  done 
 Synthesizing module: core (elaborated name: core) ... (Module 18 of total 20)  done 
 Synthesizing module: fullchip (elaborated name: fullchip) ... (Module 19 of total 20)  done 
 Synthesizing module: fullchip_tb (elaborated name: fullchip_tb) ... (Module 20 of total 20)  done 
 Synthesis completed.
Checking Rule InferBlackBox (Rule 194 of total 280) .... done (Time = 0.01s, Memory = 0.0K)
Checking Rule checkCMD_mthresh (Rule 195 of total 280) .... done (Time = 0.00s, Memory = 0.0K)
Checking Rule SGDC_waive37 (Rule 196 of total 280) .... done (Time = 0.00s, Memory = 0.0K)
Checking Rule LogNMuxPrereq for module sram_w16 (Rule 197 of total 280) .... done (Time = 0.00s, Memory = 0.0K)
Checking Rule STARC-1.3.2.2_prereq for module sram_w16 (Rule 198 of total 280) .... done (Time = 0.00s, Memory = 0.0K)
Checking Rule Prereqs_sim_race07 for module sram_w16 (Rule 199 of total 280) .... done (Time = 0.00s, Memory = 0.0K)
Checking Rule W336 for module sram_w16 (Rule 200 of total 280) .... done (Time = 0.00s, Memory = 0.0K)
Checking Rule W414 for module sram_w16 (Rule 201 of total 280) .... done (Time = 0.00s, Memory = 0.0K)
Checking Rule W450L for module sram_w16 (Rule 202 of total 280) .... done (Time = 0.00s, Memory = 0.0K)
Checking Rule HangingNetPreReq-ML for module sram_w16 (Rule 203 of total 280) .... done (Time = 0.00s, Memory = 0.0K)
Checking Rule RegInputOutput-ML for module sram_w16 (Rule 204 of total 280) .... done (Time = 0.00s, Memory = 0.0K)
Checking Rule HVIssue_PreReq for module sram_w16 (Rule 205 of total 280) .... done (Time = 0.00s, Memory = 0.0K)
Checking Rule STARC05-2.5.1.7 for module sram_w16 (Rule 206 of total 280) .... done (Time = 0.00s, Memory = 0.0K)
Checking Rule STARC05-2.5.1.9 for module sram_w16 (Rule 207 of total 280) .... done (Time = 0.00s, Memory = 0.0K)
Checking Rule LogNMuxPrereq for module sram_w16 (Rule 197 of total 280) .... done (Time = 0.00s, Memory = 0.0K)
Checking Rule STARC-1.3.2.2_prereq for module sram_w16 (Rule 198 of total 280) .... done (Time = 0.00s, Memory = 0.0K)
Checking Rule Prereqs_sim_race07 for module sram_w16 (Rule 199 of total 280) .... done (Time = 0.00s, Memory = 0.0K)
Checking Rule W336 for module sram_w16 (Rule 200 of total 280) .... done (Time = 0.00s, Memory = 0.0K)
Checking Rule W414 for module sram_w16 (Rule 201 of total 280) .... done (Time = 0.00s, Memory = 0.0K)
Checking Rule W450L for module sram_w16 (Rule 202 of total 280) .... done (Time = 0.00s, Memory = 0.0K)
Checking Rule HangingNetPreReq-ML for module sram_w16 (Rule 203 of total 280) .... done (Time = 0.00s, Memory = 0.0K)
Checking Rule RegInputOutput-ML for module sram_w16 (Rule 204 of total 280) .... done (Time = 0.00s, Memory = 0.0K)
Checking Rule HVIssue_PreReq for module sram_w16 (Rule 205 of total 280) .... done (Time = 0.00s, Memory = 0.0K)
Checking Rule STARC05-2.5.1.7 for module sram_w16 (Rule 206 of total 280) .... done (Time = 0.00s, Memory = 0.0K)
Checking Rule STARC05-2.5.1.9 for module sram_w16 (Rule 207 of total 280) .... done (Time = 0.00s, Memory = 0.0K)
Checking Rule LogNMuxPrereq for module fifo_mux_2_1 (Rule 197 of total 280) .... done (Time = 0.00s, Memory = 0.0K)
Checking Rule STARC-1.3.2.2_prereq for module fifo_mux_2_1 (Rule 198 of total 280) .... done (Time = 0.00s, Memory = 0.0K)
Checking Rule Prereqs_sim_race07 for module fifo_mux_2_1 (Rule 199 of total 280) .... done (Time = 0.00s, Memory = 0.0K)
Checking Rule W336 for module fifo_mux_2_1 (Rule 200 of total 280) .... done (Time = 0.00s, Memory = 0.0K)
Checking Rule W414 for module fifo_mux_2_1 (Rule 201 of total 280) .... done (Time = 0.00s, Memory = 0.0K)
Checking Rule W450L for module fifo_mux_2_1 (Rule 202 of total 280) .... done (Time = 0.00s, Memory = 0.0K)
Checking Rule HangingNetPreReq-ML for module fifo_mux_2_1 (Rule 203 of total 280) .... done (Time = 0.00s, Memory = 0.0K)
Checking Rule RegInputOutput-ML for module fifo_mux_2_1 (Rule 204 of total 280) .... done (Time = 0.00s, Memory = 0.0K)
Checking Rule HVIssue_PreReq for module fifo_mux_2_1 (Rule 205 of total 280) .... done (Time = 0.00s, Memory = 0.0K)
Checking Rule STARC05-2.5.1.7 for module fifo_mux_2_1 (Rule 206 of total 280) .... done (Time = 0.00s, Memory = 0.0K)
Checking Rule STARC05-2.5.1.9 for module fifo_mux_2_1 (Rule 207 of total 280) .... done (Time = 0.00s, Memory = 0.0K)
Checking Rule LogNMuxPrereq for module fifo_mux_8_1 (Rule 197 of total 280) .... done (Time = 0.00s, Memory = 0.0K)
Checking Rule STARC-1.3.2.2_prereq for module fifo_mux_8_1 (Rule 198 of total 280) .... done (Time = 0.00s, Memory = 0.0K)
Checking Rule Prereqs_sim_race07 for module fifo_mux_8_1 (Rule 199 of total 280) .... done (Time = 0.00s, Memory = 0.0K)
Checking Rule W336 for module fifo_mux_8_1 (Rule 200 of total 280) .... done (Time = 0.00s, Memory = 0.0K)
Checking Rule W414 for module fifo_mux_8_1 (Rule 201 of total 280) .... done (Time = 0.00s, Memory = 0.0K)
Checking Rule W450L for module fifo_mux_8_1 (Rule 202 of total 280) .... done (Time = 0.00s, Memory = 0.0K)
Checking Rule HangingNetPreReq-ML for module fifo_mux_8_1 (Rule 203 of total 280) .... done (Time = 0.00s, Memory = 0.0K)
Checking Rule RegInputOutput-ML for module fifo_mux_8_1 (Rule 204 of total 280) .... done (Time = 0.00s, Memory = 0.0K)
Checking Rule HVIssue_PreReq for module fifo_mux_8_1 (Rule 205 of total 280) .... done (Time = 0.00s, Memory = 0.0K)
Checking Rule STARC05-2.5.1.7 for module fifo_mux_8_1 (Rule 206 of total 280) .... done (Time = 0.00s, Memory = 0.0K)
Checking Rule STARC05-2.5.1.9 for module fifo_mux_8_1 (Rule 207 of total 280) .... done (Time = 0.00s, Memory = 0.0K)
Checking Rule LogNMuxPrereq for module fifo_mux_16_1 (Rule 197 of total 280) .... done (Time = 0.00s, Memory = 0.0K)
Checking Rule STARC-1.3.2.2_prereq for module fifo_mux_16_1 (Rule 198 of total 280) .... done (Time = 0.00s, Memory = 0.0K)
Checking Rule Prereqs_sim_race07 for module fifo_mux_16_1 (Rule 199 of total 280) .... done (Time = 0.00s, Memory = 0.0K)
Checking Rule W336 for module fifo_mux_16_1 (Rule 200 of total 280) .... done (Time = 0.00s, Memory = 0.0K)
Checking Rule W414 for module fifo_mux_16_1 (Rule 201 of total 280) .... done (Time = 0.00s, Memory = 0.0K)
Checking Rule W450L for module fifo_mux_16_1 (Rule 202 of total 280) .... done (Time = 0.00s, Memory = 0.0K)
Checking Rule HangingNetPreReq-ML for module fifo_mux_16_1 (Rule 203 of total 280) .... done (Time = 0.00s, Memory = 0.0K)
Checking Rule RegInputOutput-ML for module fifo_mux_16_1 (Rule 204 of total 280) .... done (Time = 0.00s, Memory = 0.0K)
Checking Rule HVIssue_PreReq for module fifo_mux_16_1 (Rule 205 of total 280) .... done (Time = 0.00s, Memory = 0.0K)
Checking Rule STARC05-2.5.1.7 for module fifo_mux_16_1 (Rule 206 of total 280) .... done (Time = 0.00s, Memory = 0.0K)
Checking Rule STARC05-2.5.1.9 for module fifo_mux_16_1 (Rule 207 of total 280) .... done (Time = 0.00s, Memory = 0.0K)
Checking Rule LogNMuxPrereq for module fifo_depth16 (Rule 197 of total 280) .... done (Time = 0.00s, Memory = 0.0K)
Checking Rule STARC-1.3.2.2_prereq for module fifo_depth16 (Rule 198 of total 280) .... done (Time = 0.00s, Memory = 0.0K)
Checking Rule Prereqs_sim_race07 for module fifo_depth16 (Rule 199 of total 280) .... done (Time = 0.00s, Memory = 0.0K)
Checking Rule W336 for module fifo_depth16 (Rule 200 of total 280) .... done (Time = 0.00s, Memory = 0.0K)
Checking Rule W414 for module fifo_depth16 (Rule 201 of total 280) .... done (Time = 0.00s, Memory = 0.0K)
Checking Rule W450L for module fifo_depth16 (Rule 202 of total 280) .... done (Time = 0.00s, Memory = 0.0K)
Checking Rule HangingNetPreReq-ML for module fifo_depth16 (Rule 203 of total 280) .... done (Time = 0.00s, Memory = 0.0K)
Checking Rule RegInputOutput-ML for module fifo_depth16 (Rule 204 of total 280) .... done (Time = 0.00s, Memory = 0.0K)
Checking Rule HVIssue_PreReq for module fifo_depth16 (Rule 205 of total 280) .... done (Time = 0.00s, Memory = 0.0K)
Checking Rule STARC05-2.5.1.7 for module fifo_depth16 (Rule 206 of total 280) .... done (Time = 0.00s, Memory = 0.0K)
Checking Rule STARC05-2.5.1.9 for module fifo_depth16 (Rule 207 of total 280) .... done (Time = 0.00s, Memory = 0.0K)
Checking Rule LogNMuxPrereq for module ofifo (Rule 197 of total 280) .... done (Time = 0.00s, Memory = 0.0K)
Checking Rule STARC-1.3.2.2_prereq for module ofifo (Rule 198 of total 280) .... done (Time = 0.00s, Memory = 0.0K)
Checking Rule Prereqs_sim_race07 for module ofifo (Rule 199 of total 280) .... done (Time = 0.00s, Memory = 0.0K)
Checking Rule W336 for module ofifo (Rule 200 of total 280) .... done (Time = 0.00s, Memory = 0.0K)
Checking Rule W414 for module ofifo (Rule 201 of total 280) .... done (Time = 0.00s, Memory = 0.0K)
Checking Rule W450L for module ofifo (Rule 202 of total 280) .... done (Time = 0.00s, Memory = 0.0K)
Checking Rule HangingNetPreReq-ML for module ofifo (Rule 203 of total 280) .... done (Time = 0.00s, Memory = 0.0K)
Checking Rule RegInputOutput-ML for module ofifo (Rule 204 of total 280) .... done (Time = 0.00s, Memory = 0.0K)
Checking Rule HVIssue_PreReq for module ofifo (Rule 205 of total 280) .... done (Time = 0.00s, Memory = 0.0K)
Checking Rule STARC05-2.5.1.7 for module ofifo (Rule 206 of total 280) .... done (Time = 0.00s, Memory = 0.0K)
Checking Rule STARC05-2.5.1.9 for module ofifo (Rule 207 of total 280) .... done (Time = 0.00s, Memory = 0.0K)
Checking Rule LogNMuxPrereq for module mac_8in (Rule 197 of total 280) .... done (Time = 0.00s, Memory = 0.0K)
Checking Rule STARC-1.3.2.2_prereq for module mac_8in (Rule 198 of total 280) .... done (Time = 0.00s, Memory = 0.0K)
Checking Rule Prereqs_sim_race07 for module mac_8in (Rule 199 of total 280) .... done (Time = 0.00s, Memory = 0.0K)
Checking Rule W336 for module mac_8in (Rule 200 of total 280) .... done (Time = 0.00s, Memory = 0.0K)
Checking Rule W414 for module mac_8in (Rule 201 of total 280) .... done (Time = 0.00s, Memory = 0.0K)
Checking Rule W450L for module mac_8in (Rule 202 of total 280) .... done (Time = 0.00s, Memory = 0.0K)
Checking Rule HangingNetPreReq-ML for module mac_8in (Rule 203 of total 280) .... done (Time = 0.00s, Memory = 0.0K)
Checking Rule RegInputOutput-ML for module mac_8in (Rule 204 of total 280) .... done (Time = 0.00s, Memory = 0.0K)
Checking Rule HVIssue_PreReq for module mac_8in (Rule 205 of total 280) .... done (Time = 0.00s, Memory = 0.0K)
Checking Rule STARC05-2.5.1.7 for module mac_8in (Rule 206 of total 280) .... done (Time = 0.00s, Memory = 0.0K)
Checking Rule STARC05-2.5.1.9 for module mac_8in (Rule 207 of total 280) .... done (Time = 0.00s, Memory = 0.0K)
Checking Rule LogNMuxPrereq for module mac_col (Rule 197 of total 280) .... done (Time = 0.00s, Memory = 0.0K)
Checking Rule STARC-1.3.2.2_prereq for module mac_col (Rule 198 of total 280) .... done (Time = 0.00s, Memory = 0.0K)
Checking Rule Prereqs_sim_race07 for module mac_col (Rule 199 of total 280) .... done (Time = 0.00s, Memory = 0.0K)
Checking Rule W336 for module mac_col (Rule 200 of total 280) .... done (Time = 0.00s, Memory = 0.0K)
Checking Rule W414 for module mac_col (Rule 201 of total 280) .... done (Time = 0.00s, Memory = 0.0K)
Checking Rule W450L for module mac_col (Rule 202 of total 280) .... done (Time = 0.00s, Memory = 0.0K)
Checking Rule HangingNetPreReq-ML for module mac_col (Rule 203 of total 280) .... done (Time = 0.00s, Memory = 0.0K)
Checking Rule RegInputOutput-ML for module mac_col (Rule 204 of total 280) .... done (Time = 0.00s, Memory = 0.0K)
Checking Rule HVIssue_PreReq for module mac_col (Rule 205 of total 280) .... done (Time = 0.00s, Memory = 0.0K)
Checking Rule STARC05-2.5.1.7 for module mac_col (Rule 206 of total 280) .... done (Time = 0.00s, Memory = 0.0K)
Checking Rule STARC05-2.5.1.9 for module mac_col (Rule 207 of total 280) .... done (Time = 0.00s, Memory = 0.0K)
Checking Rule LogNMuxPrereq for module mac_col (Rule 197 of total 280) .... done (Time = 0.00s, Memory = 0.0K)
Checking Rule STARC-1.3.2.2_prereq for module mac_col (Rule 198 of total 280) .... done (Time = 0.00s, Memory = 0.0K)
Checking Rule Prereqs_sim_race07 for module mac_col (Rule 199 of total 280) .... done (Time = 0.00s, Memory = 0.0K)
Checking Rule W336 for module mac_col (Rule 200 of total 280) .... done (Time = 0.00s, Memory = 0.0K)
Checking Rule W414 for module mac_col (Rule 201 of total 280) .... done (Time = 0.00s, Memory = 0.0K)
Checking Rule W450L for module mac_col (Rule 202 of total 280) .... done (Time = 0.00s, Memory = 0.0K)
Checking Rule HangingNetPreReq-ML for module mac_col (Rule 203 of total 280) .... done (Time = 0.00s, Memory = 0.0K)
Checking Rule RegInputOutput-ML for module mac_col (Rule 204 of total 280) .... done (Time = 0.00s, Memory = 0.0K)
Checking Rule HVIssue_PreReq for module mac_col (Rule 205 of total 280) .... done (Time = 0.00s, Memory = 0.0K)
Checking Rule STARC05-2.5.1.7 for module mac_col (Rule 206 of total 280) .... done (Time = 0.00s, Memory = 0.0K)
Checking Rule STARC05-2.5.1.9 for module mac_col (Rule 207 of total 280) .... done (Time = 0.00s, Memory = 0.0K)
Checking Rule LogNMuxPrereq for module mac_col (Rule 197 of total 280) .... done (Time = 0.00s, Memory = 0.0K)
Checking Rule STARC-1.3.2.2_prereq for module mac_col (Rule 198 of total 280) .... done (Time = 0.00s, Memory = 0.0K)
Checking Rule Prereqs_sim_race07 for module mac_col (Rule 199 of total 280) .... done (Time = 0.00s, Memory = 0.0K)
Checking Rule W336 for module mac_col (Rule 200 of total 280) .... done (Time = 0.00s, Memory = 0.0K)
Checking Rule W414 for module mac_col (Rule 201 of total 280) .... done (Time = 0.00s, Memory = 0.0K)
Checking Rule W450L for module mac_col (Rule 202 of total 280) .... done (Time = 0.00s, Memory = 0.0K)
Checking Rule HangingNetPreReq-ML for module mac_col (Rule 203 of total 280) .... done (Time = 0.00s, Memory = 0.0K)
Checking Rule RegInputOutput-ML for module mac_col (Rule 204 of total 280) .... done (Time = 0.00s, Memory = 0.0K)
Checking Rule HVIssue_PreReq for module mac_col (Rule 205 of total 280) .... done (Time = 0.00s, Memory = 0.0K)
Checking Rule STARC05-2.5.1.7 for module mac_col (Rule 206 of total 280) .... done (Time = 0.00s, Memory = 0.0K)
Checking Rule STARC05-2.5.1.9 for module mac_col (Rule 207 of total 280) .... done (Time = 0.00s, Memory = 0.0K)
Checking Rule LogNMuxPrereq for module mac_col (Rule 197 of total 280) .... done (Time = 0.00s, Memory = 0.0K)
Checking Rule STARC-1.3.2.2_prereq for module mac_col (Rule 198 of total 280) .... done (Time = 0.00s, Memory = 0.0K)
Checking Rule Prereqs_sim_race07 for module mac_col (Rule 199 of total 280) .... done (Time = 0.00s, Memory = 0.0K)
Checking Rule W336 for module mac_col (Rule 200 of total 280) .... done (Time = 0.00s, Memory = 0.0K)
Checking Rule W414 for module mac_col (Rule 201 of total 280) .... done (Time = 0.00s, Memory = 0.0K)
Checking Rule W450L for module mac_col (Rule 202 of total 280) .... done (Time = 0.00s, Memory = 0.0K)
Checking Rule HangingNetPreReq-ML for module mac_col (Rule 203 of total 280) .... done (Time = 0.00s, Memory = 0.0K)
Checking Rule RegInputOutput-ML for module mac_col (Rule 204 of total 280) .... done (Time = 0.00s, Memory = 0.0K)
Checking Rule HVIssue_PreReq for module mac_col (Rule 205 of total 280) .... done (Time = 0.00s, Memory = 0.0K)
Checking Rule STARC05-2.5.1.7 for module mac_col (Rule 206 of total 280) .... done (Time = 0.00s, Memory = 0.0K)
Checking Rule STARC05-2.5.1.9 for module mac_col (Rule 207 of total 280) .... done (Time = 0.00s, Memory = 0.0K)
Checking Rule LogNMuxPrereq for module mac_col (Rule 197 of total 280) .... done (Time = 0.00s, Memory = 0.0K)
Checking Rule STARC-1.3.2.2_prereq for module mac_col (Rule 198 of total 280) .... done (Time = 0.00s, Memory = 0.0K)
Checking Rule Prereqs_sim_race07 for module mac_col (Rule 199 of total 280) .... done (Time = 0.00s, Memory = 0.0K)
Checking Rule W336 for module mac_col (Rule 200 of total 280) .... done (Time = 0.00s, Memory = 0.0K)
Checking Rule W414 for module mac_col (Rule 201 of total 280) .... done (Time = 0.00s, Memory = 0.0K)
Checking Rule W450L for module mac_col (Rule 202 of total 280) .... done (Time = 0.00s, Memory = 0.0K)
Checking Rule HangingNetPreReq-ML for module mac_col (Rule 203 of total 280) .... done (Time = 0.00s, Memory = 0.0K)
Checking Rule RegInputOutput-ML for module mac_col (Rule 204 of total 280) .... done (Time = 0.00s, Memory = 0.0K)
Checking Rule HVIssue_PreReq for module mac_col (Rule 205 of total 280) .... done (Time = 0.00s, Memory = 0.0K)
Checking Rule STARC05-2.5.1.7 for module mac_col (Rule 206 of total 280) .... done (Time = 0.00s, Memory = 0.0K)
Checking Rule STARC05-2.5.1.9 for module mac_col (Rule 207 of total 280) .... done (Time = 0.00s, Memory = 0.0K)
Checking Rule LogNMuxPrereq for module mac_col (Rule 197 of total 280) .... done (Time = 0.00s, Memory = 0.0K)
Checking Rule STARC-1.3.2.2_prereq for module mac_col (Rule 198 of total 280) .... done (Time = 0.00s, Memory = 0.0K)
Checking Rule Prereqs_sim_race07 for module mac_col (Rule 199 of total 280) .... done (Time = 0.00s, Memory = 0.0K)
Checking Rule W336 for module mac_col (Rule 200 of total 280) .... done (Time = 0.00s, Memory = 0.0K)
Checking Rule W414 for module mac_col (Rule 201 of total 280) .... done (Time = 0.00s, Memory = 0.0K)
Checking Rule W450L for module mac_col (Rule 202 of total 280) .... done (Time = 0.00s, Memory = 0.0K)
Checking Rule HangingNetPreReq-ML for module mac_col (Rule 203 of total 280) .... done (Time = 0.00s, Memory = 0.0K)
Checking Rule RegInputOutput-ML for module mac_col (Rule 204 of total 280) .... done (Time = 0.00s, Memory = 0.0K)
Checking Rule HVIssue_PreReq for module mac_col (Rule 205 of total 280) .... done (Time = 0.00s, Memory = 0.0K)
Checking Rule STARC05-2.5.1.7 for module mac_col (Rule 206 of total 280) .... done (Time = 0.00s, Memory = 0.0K)
Checking Rule STARC05-2.5.1.9 for module mac_col (Rule 207 of total 280) .... done (Time = 0.00s, Memory = 0.0K)
Checking Rule LogNMuxPrereq for module mac_col (Rule 197 of total 280) .... done (Time = 0.00s, Memory = 0.0K)
Checking Rule STARC-1.3.2.2_prereq for module mac_col (Rule 198 of total 280) .... done (Time = 0.00s, Memory = 0.0K)
Checking Rule Prereqs_sim_race07 for module mac_col (Rule 199 of total 280) .... done (Time = 0.00s, Memory = 0.0K)
Checking Rule W336 for module mac_col (Rule 200 of total 280) .... done (Time = 0.00s, Memory = 0.0K)
Checking Rule W414 for module mac_col (Rule 201 of total 280) .... done (Time = 0.00s, Memory = 0.0K)
Checking Rule W450L for module mac_col (Rule 202 of total 280) .... done (Time = 0.00s, Memory = 0.0K)
Checking Rule HangingNetPreReq-ML for module mac_col (Rule 203 of total 280) .... done (Time = 0.00s, Memory = 0.0K)
Checking Rule RegInputOutput-ML for module mac_col (Rule 204 of total 280) .... done (Time = 0.00s, Memory = 0.0K)
Checking Rule HVIssue_PreReq for module mac_col (Rule 205 of total 280) .... done (Time = 0.00s, Memory = 0.0K)
Checking Rule STARC05-2.5.1.7 for module mac_col (Rule 206 of total 280) .... done (Time = 0.00s, Memory = 0.0K)
Checking Rule STARC05-2.5.1.9 for module mac_col (Rule 207 of total 280) .... done (Time = 0.00s, Memory = 0.0K)
Checking Rule LogNMuxPrereq for module mac_col (Rule 197 of total 280) .... done (Time = 0.00s, Memory = 0.0K)
Checking Rule STARC-1.3.2.2_prereq for module mac_col (Rule 198 of total 280) .... done (Time = 0.00s, Memory = 0.0K)
Checking Rule Prereqs_sim_race07 for module mac_col (Rule 199 of total 280) .... done (Time = 0.00s, Memory = 0.0K)
Checking Rule W336 for module mac_col (Rule 200 of total 280) .... done (Time = 0.00s, Memory = 0.0K)
Checking Rule W414 for module mac_col (Rule 201 of total 280) .... done (Time = 0.00s, Memory = 0.0K)
Checking Rule W450L for module mac_col (Rule 202 of total 280) .... done (Time = 0.00s, Memory = 0.0K)
Checking Rule HangingNetPreReq-ML for module mac_col (Rule 203 of total 280) .... done (Time = 0.00s, Memory = 0.0K)
Checking Rule RegInputOutput-ML for module mac_col (Rule 204 of total 280) .... done (Time = 0.00s, Memory = 0.0K)
Checking Rule HVIssue_PreReq for module mac_col (Rule 205 of total 280) .... done (Time = 0.00s, Memory = 0.0K)
Checking Rule STARC05-2.5.1.7 for module mac_col (Rule 206 of total 280) .... done (Time = 0.00s, Memory = 0.0K)
Checking Rule STARC05-2.5.1.9 for module mac_col (Rule 207 of total 280) .... done (Time = 0.00s, Memory = 0.0K)
Checking Rule LogNMuxPrereq for module mac_array (Rule 197 of total 280) .... done (Time = 0.00s, Memory = 0.0K)
Checking Rule STARC-1.3.2.2_prereq for module mac_array (Rule 198 of total 280) .... done (Time = 0.00s, Memory = 0.0K)
Checking Rule Prereqs_sim_race07 for module mac_array (Rule 199 of total 280) .... done (Time = 0.00s, Memory = 0.0K)
Checking Rule W336 for module mac_array (Rule 200 of total 280) .... done (Time = 0.00s, Memory = 0.0K)
Checking Rule W414 for module mac_array (Rule 201 of total 280) .... done (Time = 0.00s, Memory = 0.0K)
Checking Rule W450L for module mac_array (Rule 202 of total 280) .... done (Time = 0.00s, Memory = 0.0K)
Checking Rule HangingNetPreReq-ML for module mac_array (Rule 203 of total 280) .... done (Time = 0.00s, Memory = 0.0K)
Checking Rule RegInputOutput-ML for module mac_array (Rule 204 of total 280) .... done (Time = 0.00s, Memory = 0.0K)
Checking Rule HVIssue_PreReq for module mac_array (Rule 205 of total 280) .... done (Time = 0.00s, Memory = 0.0K)
Checking Rule STARC05-2.5.1.7 for module mac_array (Rule 206 of total 280) .... done (Time = 0.00s, Memory = 0.0K)
Checking Rule STARC05-2.5.1.9 for module mac_array (Rule 207 of total 280) .... done (Time = 0.00s, Memory = 0.0K)
Checking Rule LogNMuxPrereq for module core (Rule 197 of total 280) .... done (Time = 0.00s, Memory = 0.0K)
Checking Rule STARC-1.3.2.2_prereq for module core (Rule 198 of total 280) .... done (Time = 0.00s, Memory = 0.0K)
Checking Rule Prereqs_sim_race07 for module core (Rule 199 of total 280) .... done (Time = 0.00s, Memory = 0.0K)
Checking Rule W336 for module core (Rule 200 of total 280) .... done (Time = 0.00s, Memory = 0.0K)
Checking Rule W414 for module core (Rule 201 of total 280) .... done (Time = 0.00s, Memory = 0.0K)
Checking Rule W450L for module core (Rule 202 of total 280) .... done (Time = 0.00s, Memory = 0.0K)
Checking Rule HangingNetPreReq-ML for module core (Rule 203 of total 280) .... done (Time = 0.00s, Memory = 0.0K)
Checking Rule RegInputOutput-ML for module core (Rule 204 of total 280) .... done (Time = 0.00s, Memory = 0.0K)
Checking Rule HVIssue_PreReq for module core (Rule 205 of total 280) .... done (Time = 0.00s, Memory = 0.0K)
Checking Rule STARC05-2.5.1.7 for module core (Rule 206 of total 280) .... done (Time = 0.00s, Memory = 0.0K)
Checking Rule STARC05-2.5.1.9 for module core (Rule 207 of total 280) .... done (Time = 0.00s, Memory = 0.0K)
Checking Rule LogNMuxPrereq for module fullchip (Rule 197 of total 280) .... done (Time = 0.00s, Memory = 0.0K)
Checking Rule STARC-1.3.2.2_prereq for module fullchip (Rule 198 of total 280) .... done (Time = 0.00s, Memory = 0.0K)
Checking Rule Prereqs_sim_race07 for module fullchip (Rule 199 of total 280) .... done (Time = 0.00s, Memory = 0.0K)
Checking Rule W336 for module fullchip (Rule 200 of total 280) .... done (Time = 0.00s, Memory = 0.0K)
Checking Rule W414 for module fullchip (Rule 201 of total 280) .... done (Time = 0.00s, Memory = 0.0K)
Checking Rule W450L for module fullchip (Rule 202 of total 280) .... done (Time = 0.00s, Memory = 0.0K)
Checking Rule HangingNetPreReq-ML for module fullchip (Rule 203 of total 280) .... done (Time = 0.00s, Memory = 0.0K)
Checking Rule RegInputOutput-ML for module fullchip (Rule 204 of total 280) .... done (Time = 0.00s, Memory = 0.0K)
Checking Rule HVIssue_PreReq for module fullchip (Rule 205 of total 280) .... done (Time = 0.00s, Memory = 0.0K)
Checking Rule STARC05-2.5.1.7 for module fullchip (Rule 206 of total 280) .... done (Time = 0.00s, Memory = 0.0K)
Checking Rule STARC05-2.5.1.9 for module fullchip (Rule 207 of total 280) .... done (Time = 0.00s, Memory = 0.0K)
Checking Rule LogNMuxPrereq for module fullchip_tb (Rule 197 of total 280) .... done (Time = 0.00s, Memory = 0.0K)
Checking Rule STARC-1.3.2.2_prereq for module fullchip_tb (Rule 198 of total 280) .... done (Time = 0.00s, Memory = 0.0K)
Checking Rule Prereqs_sim_race07 for module fullchip_tb (Rule 199 of total 280) .... done (Time = 0.00s, Memory = 0.0K)
Checking Rule W336 for module fullchip_tb (Rule 200 of total 280) .... done (Time = 0.00s, Memory = 0.0K)
Checking Rule W414 for module fullchip_tb (Rule 201 of total 280) .... done (Time = 0.00s, Memory = 0.0K)
Checking Rule W450L for module fullchip_tb (Rule 202 of total 280) .... done (Time = 0.00s, Memory = 0.0K)
Checking Rule HangingNetPreReq-ML for module fullchip_tb (Rule 203 of total 280) .... done (Time = 0.00s, Memory = 0.0K)
Checking Rule RegInputOutput-ML for module fullchip_tb (Rule 204 of total 280) .... done (Time = 0.00s, Memory = 0.0K)
Checking Rule HVIssue_PreReq for module fullchip_tb (Rule 205 of total 280) .... done (Time = 0.00s, Memory = 0.0K)
Checking Rule STARC05-2.5.1.7 for module fullchip_tb (Rule 206 of total 280) .... done (Time = 0.00s, Memory = 0.0K)
Checking Rule STARC05-2.5.1.9 for module fullchip_tb (Rule 207 of total 280) .... done (Time = 0.00s, Memory = 0.0K)
Performing semantic checks on SGDC contents
Checking Rule SGDC_testmode03 (Rule 69 of total 280) .... done (Time = 0.00s, Memory = 0.0K)
Checking Rule _abstractPortSGDC (Rule 208 of total 280) .... done (Time = 0.00s, Memory = 0.0K)
Checking Rule SGDC_abstract_port03 (Rule 209 of total 280) .... done (Time = 0.00s, Memory = 0.0K)
Checking Rule SGDC_abstract_port04 (Rule 210 of total 280) .... done (Time = 0.00s, Memory = 0.0K)
Checking Rule SGDC_abstract_port05 (Rule 211 of total 280) .... done (Time = 0.00s, Memory = 0.0K)
Checking Rule SGDC_abstract_port07 (Rule 212 of total 280) .... done (Time = 0.00s, Memory = 0.0K)
Checking Rule SGDC_abstract_port08 (Rule 213 of total 280) .... done (Time = 0.00s, Memory = 0.0K)
Checking Rule SGDC_abstract_port10 (Rule 214 of total 280) .... done (Time = 0.00s, Memory = 0.0K)
Checking Rule SGDC_abstract_port11 (Rule 215 of total 280) .... done (Time = 0.00s, Memory = 0.0K)
Checking Rule SGDC_abstract_port12 (Rule 216 of total 280) .... done (Time = 0.00s, Memory = 0.0K)
Checking Rule SGDC_abstract_port13 (Rule 217 of total 280) .... done (Time = 0.00s, Memory = 0.0K)
Checking Rule ReportUngroup (Rule 218 of total 280) .... done (Time = 0.00s, Memory = -8.0K)
Checking Rule LINT_portReten (Rule 219 of total 280) .... done (Time = 0.00s, Memory = 8.0K)
Checking Rule SGDC_abstract_port21 (Rule 220 of total 280) .... done (Time = 0.00s, Memory = 32.0K)
Checking Rule InferLatch (Rule 221 of total 280) .... done (Time = 0.00s, Memory = 32.0K)
Checking Rule UndrivenInTerm-ML (Rule 222 of total 280) .... done (Time = 0.07s, Memory = 40.0K)
Checking Rule SGDC_assume_path05 (Rule 223 of total 280) .... done (Time = 0.00s, Memory = 0.0K)
 Flattening fullchip_tb (.lib instances separately flattened) ....
 Flattening completed
Checking Rule SGDC_set_case_analysis_LC (Rule 224 of total 280) .... done (Time = 0.00s, Memory = 0.0K)
Checking Rule BufClock (Rule 225 of total 280) .... done (Time = 0.02s, Memory = 1720.0K)
Checking Rule CombLoop (Rule 226 of total 280) .... done (Time = 0.02s, Memory = 800.0K)
Checking Rule STARC05-2.5.1.2 (Rule 227 of total 280) .... done (Time = 0.00s, Memory = 0.0K)
Checking Rule STARC05-1.3.1.3 (Rule 228 of total 280) .... done (Time = 0.01s, Memory = 8.0K)
Checking Rule STARC05-1.4.3.4 (Rule 229 of total 280) .... done (Time = 0.00s, Memory = 0.0K)
Checking Rule FlopClockConstant (Rule 230 of total 280) .... done (Time = 0.01s, Memory = 0.0K)
Checking Rule FlopSRConst (Rule 231 of total 280) .... done (Time = 0.00s, Memory = 0.0K)
Checking Rule FlopEConst (Rule 232 of total 280) .... done (Time = 0.00s, Memory = 0.0K)
Checking Rule checkPinConnectedToSupply (Rule 233 of total 280) .... done (Time = 0.01s, Memory = 0.0K)
Checking Rule W392 (Rule 234 of total 280) .... done (Time = 0.00s, Memory = 96.0K)
Checking Rule W415 (Rule 235 of total 280) .... done (Time = 0.01s, Memory = 0.0K)
Checking Rule LatchFeedback (Rule 236 of total 280) .... done (Time = 0.02s, Memory = 0.0K)
Checking Rule STARC05-2.4.1.5 (Rule 237 of total 280) .... done (Time = 0.00s, Memory = 0.0K)
Checking Rule STARC05-1.2.1.2 (Rule 238 of total 280) .... done (Time = 0.01s, Memory = 96.0K)
Checking Rule AnalyzeBBox (Rule 239 of total 280) .... done (Time = 0.00s, Memory = 0.0K)
Checking Rule ReportCheckDataSummary (Rule 67 of total 280) .... done (Time = 0.00s, Memory = 0.0K)

Generating data for Console...

SpyGlass Rule Checking Complete.

Generating moresimple report from './spyglass-1/lint/lint_rtl/spyglass.vdb' to './spyglass-1/lint/lint_rtl/spyglass_reports/moresimple.rpt' ....

Generating runsummary report from './spyglass-1/lint/lint_rtl/spyglass.vdb' ....

Generating no_msg_reporting_rules report from './spyglass-1/lint/lint_rtl/spyglass.vdb' to './spyglass-1/lint/lint_rtl/spyglass_reports/no_msg_reporting_rules.rpt' ....

Policy specific data (reports) are present in the directory './spyglass-1/lint/lint_rtl/spyglass_reports'.

SpyGlass critical reports for the current run are present in directory './spyglass-1/consolidated_reports/lint_lint_rtl/'.

---------------------------------------------------------------------------------------------
Results Summary:
---------------------------------------------------------------------------------------------
   Goal Run           :      lint/lint_rtl
   Command-line read  :      0 error,      1 warning,      0 information message 
   Design Read        :      0 error,     50 warnings,     2 information messages
      Found 1 top module:
         fullchip_tb   (file: verilog/fullchip_tb.v)

   Blackbox Resolution:      0 error,      0 warning,      0 information message 
   SGDC Checks        :      0 error,      0 warning,      0 information message 
** Policy lint        :      1 error,     55 warnings,     1 information message 
   Policy morelint    :      4 errors,     0 warning,      0 information message 
   Policy starc2005   :      0 error,      1 warning,      0 information message 
   -------------------------------------------------------------------------------------
   Total              :      5 errors,   107 warnings,     3 information messages

  Total Number of Generated Messages     :       115 (5 errors, 107 warnings, 3 Infos)
  Number of Reported Messages            :       115 (5 errors, 107 warnings, 3 Infos)

  NOTE: It is recommended to first fix/reconcile fatals/errors reported on
        lines starting with ** as subsequent issues might be related to it.
        Please re-run SpyGlass once ** prefixed lines are fatal/error clean.

---------------------------------------------------------------------------------------------


run_goal: info: updating spyglass.log with goal summary
run_goal: info: spyglass.log successfully updated with goal summary
run_goal: warning: save/restore disabled for the currently selected goal, design query data is not saved
0 {Rule-checking completed with errors}current_goal: info: loading goal `lint/lint_abstract' (in progress)
current_goal: info: finished loading goal `lint/lint_abstract' (ok)

INFO:    SpyGlass will run goal(s) 'lint/lint_abstract'.


RULE-CHECKING IN MIXED MODE
Loading spyglass (SpyGlass_vP-2019.06-SP1-01) ... (picked from /opt/synopsys/spyglass/P-2019.06-SP1-1/SPYGLASS_HOME/policies/spyglass)
Loading lint (SpyGlass_vP-2019.06-SP1-01) ... (picked from /opt/synopsys/spyglass/P-2019.06-SP1-1/SPYGLASS_HOME/policies/lint)

        ********** LICENSE FAILURE NOTIFICATION **********
        Some of the required license features could not be checked out.

        Feature name: "save_restore 2019.06 (or > 2019.06)" [No job handle]
        Feature details: "save_restore" (license token)
                     - Required by SpyGlass
                     - Enables use of previously generated database

        SNPSLMD_LICENSE_FILE = 30000@qingteng
        LM_LICENSE_FILE = /opt/synopsys/license/license.dat

        Please check your license setup, or contact your CAD administrator.
        SpyGlass would disable save_restore feature and continue the normal run.
        ********** END OF LICENSE FAILURE NOTIFICATION **********


INFO [76]    Using './spyglass-1/WORK/64' as the Work Directory for 64bit precompiled dump.
Checking Rule PrecompileLibCheck01 (Rule 1 of total 137) .... done (Time = 0.00s, Memory = 0.0K)
Checking Rule PrecompileLibCheck02 (Rule 2 of total 137) .... done (Time = 0.00s, Memory = -32.0K)
Checking Rule PrecompileLibCheck03 (Rule 3 of total 137) .... done (Time = 0.00s, Memory = 0.0K)
Checking Rule PrecompileLibCheck04 (Rule 4 of total 137) .... done (Time = 0.00s, Memory = 0.0K)
Checking Rule AbstractInterface (Rule 5 of total 137) .... done (Time = 0.00s, Memory = 0.0K)
Checking Rule SGDC_assume_path01 (Rule 6 of total 137) .... done (Time = 0.00s, Memory = 0.0K)
Checking Rule SGDC_sdcschema02 (Rule 7 of total 137) .... done (Time = 0.00s, Memory = 32.0K)
Checking Rule SGDC_clock05 (Rule 8 of total 137) .... done (Time = 0.00s, Memory = 0.0K)
Checking Rule SGDC_clock09 (Rule 9 of total 137) .... done (Time = 0.00s, Memory = 0.0K)
Checking Rule SGDC_force_ta05 (Rule 10 of total 137) .... done (Time = 0.00s, Memory = 0.0K)
Checking Rule SGDC_require_path03 (Rule 11 of total 137) .... done (Time = 0.00s, Memory = 0.0K)
Checking Rule SGDC_require_value03 (Rule 12 of total 137) .... done (Time = 0.00s, Memory = 0.0K)
Checking Rule SGDC_voltagedomain05 (Rule 13 of total 137) .... done (Time = 0.00s, Memory = 8.0K)
Checking Rule SGDC_voltagedomain06 (Rule 14 of total 137) .... done (Time = 0.00s, Memory = 0.0K)
Checking Rule SGDC_voltagedomain07 (Rule 15 of total 137) .... done (Time = 0.00s, Memory = 8.0K)
Checking Rule SGDC_powerdomainoutputs02 (Rule 16 of total 137) .... done (Time = 0.00s, Memory = 8.0K)
Checking Rule SGDC_supply01 (Rule 17 of total 137) .... done (Time = 0.00s, Memory = 0.0K)
Checking Rule SGDC_waive01 (Rule 18 of total 137) .... done (Time = 0.00s, Memory = 0.0K)
Checking Rule SGDC_waive02 (Rule 19 of total 137) .... done (Time = 0.00s, Memory = 0.0K)
Checking Rule SGDC_waive03 (Rule 20 of total 137) .... done (Time = 0.00s, Memory = 0.0K)
Checking Rule SGDC_waive04 (Rule 21 of total 137) .... done (Time = 0.00s, Memory = 0.0K)
Checking Rule SGDC_waive05 (Rule 22 of total 137) .... done (Time = 0.00s, Memory = 0.0K)
Checking Rule SGDC_waive06 (Rule 23 of total 137) .... done (Time = 0.00s, Memory = 0.0K)
Checking Rule SGDC_waive07 (Rule 24 of total 137) .... done (Time = 0.00s, Memory = 0.0K)
Checking Rule SGDC_waive08 (Rule 25 of total 137) .... done (Time = 0.00s, Memory = 0.0K)
Checking Rule SGDC_waive09 (Rule 26 of total 137) .... done (Time = 0.00s, Memory = 0.0K)
Checking Rule SGDC_waive10 (Rule 27 of total 137) .... done (Time = 0.00s, Memory = 0.0K)
Checking Rule SGDC_waive11 (Rule 28 of total 137) .... done (Time = 0.00s, Memory = 0.0K)
Checking Rule SGDC_waive12 (Rule 29 of total 137) .... done (Time = 0.00s, Memory = 0.0K)
Checking Rule SGDC_waive13 (Rule 30 of total 137) .... done (Time = 0.00s, Memory = 0.0K)
Checking Rule SGDC_waive21 (Rule 31 of total 137) .... done (Time = 0.00s, Memory = 0.0K)
Checking Rule SGDC_waive22 (Rule 32 of total 137) .... done (Time = 0.00s, Memory = 0.0K)
Checking Rule SGDC_waive30 (Rule 33 of total 137) .... done (Time = 0.00s, Memory = 0.0K)
Checking Rule SGDC_waive32 (Rule 34 of total 137) .... done (Time = 0.00s, Memory = 0.0K)
Checking Rule SGDC_waive33 (Rule 35 of total 137) .... done (Time = 0.00s, Memory = 0.0K)
Checking Rule SGDC_waive36 (Rule 36 of total 137) .... done (Time = 0.00s, Memory = 24.0K)
Checking Rule SGDC_waive38 (Rule 37 of total 137) .... done (Time = 0.00s, Memory = 0.0K)
Checking Rule SGDC_fifo01 (Rule 38 of total 137) .... done (Time = 0.00s, Memory = 0.0K)
Checking Rule SGDC_libgroup01 (Rule 39 of total 137) .... done (Time = 0.00s, Memory = 0.0K)
Checking Rule SGDC_libgroup02 (Rule 40 of total 137) .... done (Time = 0.00s, Memory = 0.0K)
Checking Rule SGDC_libgroup04 (Rule 41 of total 137) .... done (Time = 0.00s, Memory = 0.0K)
Checking Rule SGDC_power_data01 (Rule 42 of total 137) .... done (Time = 0.00s, Memory = 8.0K)
Checking Rule SGDC_ungroup01 (Rule 43 of total 137) .... done (Time = 0.00s, Memory = 0.0K)
Checking Rule SGDC_abstract_port06 (Rule 44 of total 137) .... done (Time = 0.00s, Memory = 16.0K)
Checking Rule SGDC_abstract_port14 (Rule 45 of total 137) .... done (Time = 0.00s, Memory = 0.0K)
Checking Rule SGDC_abstract_port15 (Rule 46 of total 137) .... done (Time = 0.00s, Memory = 0.0K)
Checking Rule SGDC_abstract_port18 (Rule 47 of total 137) .... done (Time = 0.00s, Memory = 0.0K)
Checking Rule sdc_init_rule (Rule 48 of total 137) .... done (Time = 0.00s, Memory = 0.0K)
Checking Rule CMD_ignorelibs01 (Rule 49 of total 137) .... done (Time = 0.00s, Memory = 0.0K)
Checking Rule ReportRuleNotRun (Rule 50 of total 137) .... done (Time = 0.00s, Memory = 0.0K)
Checking Rule ReportStopSummary (Rule 51 of total 137) .... done (Time = 0.00s, Memory = 0.0K)
Checking Rule ReportIgnoreSummary (Rule 52 of total 137) .... done (Time = 0.00s, Memory = 0.0K)
 Analyzing source file "verilog/core.v" ....
 Analyzing source file "verilog/fifo_depth16.v" ....
 Analyzing source file "verilog/fifo_mux_2_1.v" ....
 Analyzing source file "verilog/fifo_mux_8_1.v" ....
 Analyzing source file "verilog/fifo_mux_16_1.v" ....
 Analyzing source file "verilog/fullchip.v" ....
 Analyzing source file "verilog/fullchip_tb.v" ....
 Analyzing source file "verilog/mac_8in.v" ....
 Analyzing source file "verilog/sram_w16.v" ....
 Analyzing source file "verilog/mac_array.v" ....
 Analyzing source file "verilog/mac_col.v" ....
 Analyzing source file "verilog/ofifo.v" ....
 Elaborating Top Verilog Design Unit 'fullchip_tb' .....
 done
Checking Rule ElabSummary (Rule 53 of total 137) .... done (Time = 0.00s, Memory = 0.0K)
Checking Rule ReportCheckDataSummary (Rule 54 of total 137) .... done (Time = 0.00s, Memory = 0.0K)
 Reading waiver file "./spyglass-1/lint/lint_abstract/spyglass_spysch/constraint/spg_autogenerated_waivers.sgdc" ...
 Generating SGDC file "./spyglass-1/lint/lint_abstract/spyglass_spysch/constraint/pragma2Constraint.sgdc" from pragmas in HDL source files ....
 Generating WAIVER file "./spyglass-1/lint/lint_abstract/spyglass_spysch/waiver/pragma2Waiver.swl" from pragmas in HDL source files ....
Checking Rule DetectTopDesignUnits (Rule 55 of total 137)
 Detected 1 top level design units:
     fullchip_tb
 .... done (Time = 0.00s, Memory = 0.0K)
Performing semantic checks on SGDC contents
Checking Rule SGDC_testmode03 (Rule 56 of total 137) .... done (Time = 0.00s, Memory = 0.0K)
Checking Rule ReportObsoletePragmas (Rule 57 of total 137) .... done (Time = 0.00s, Memory = 0.0K)
Checking Rule checkSGDC_01 (Rule 58 of total 137) .... done (Time = 0.00s, Memory = 0.0K)
Checking Rule checkSGDC_03 (Rule 59 of total 137) .... done (Time = 0.00s, Memory = 0.0K)
Checking Rule checkSGDC_08 (Rule 60 of total 137) .... done (Time = 0.00s, Memory = 0.0K)
Checking Rule GenerateConfMap (Rule 61 of total 137) .... done (Time = 0.00s, Memory = 0.0K)
Checking Rule SGDC_memorywritepin04 (Rule 62 of total 137) .... done (Time = 0.00s, Memory = 8.0K)
Checking Rule SGDC_reset02 (Rule 63 of total 137) .... done (Time = 0.00s, Memory = 8.0K)
Checking Rule SGDC_reset03 (Rule 64 of total 137) .... done (Time = 0.00s, Memory = 0.0K)
Checking Rule SGDC_libgroup03 (Rule 65 of total 137) .... done (Time = 0.00s, Memory = 0.0K)
Checking Rule SGDC_ungroup02 (Rule 66 of total 137) .... done (Time = 0.00s, Memory = 0.0K)
Checking Rule HdlLibDuCheck (Rule 67 of total 137) .... done (Time = 0.00s, Memory = -24.0K)
Checking Rule RtlDesignInfo (Rule 68 of total 137) .... done (Time = 0.00s, Memory = -16.0K)
Checking Rule preReq_W351 (Rule 69 of total 137) .... done (Time = 0.00s, Memory = 0.0K)
Checking Rule CheckCelldefine (Rule 70 of total 137) .... done (Time = 0.00s, Memory = 0.0K)
Checking Rule SGDC_waive23 (Rule 71 of total 137) .... done (Time = 0.00s, Memory = 0.0K)
Checking Rule SGDC_waive26 (Rule 72 of total 137) .... done (Time = 0.00s, Memory = 0.0K)
Checking Rule SGDC_waive27 (Rule 73 of total 137) .... done (Time = 0.00s, Memory = 0.0K)
Checking Rule SGDC_waive29 (Rule 74 of total 137) .... done (Time = 0.00s, Memory = 0.0K)
Checking ELABDU Rules for designUnit fullchip_tb
    Checking Rule Prereqs_Usage (Rule 75 of total 137) .... done (Time = 0.00s, Memory = 0.0K)
    Checking Rule Postreqs_CheckFuncTask (Rule 76 of total 137) .... done (Time = 0.00s, Memory = 0.0K)
Checking ELABDU Rules for designUnit fullchip
    Checking Rule Prereqs_Usage (Rule 75 of total 137) .... done (Time = 0.00s, Memory = 0.0K)
    Checking Rule Postreqs_CheckFuncTask (Rule 76 of total 137) .... done (Time = 0.00s, Memory = 0.0K)
Checking ELABDU Rules for designUnit core
    Checking Rule Prereqs_Usage (Rule 75 of total 137) .... done (Time = 0.00s, Memory = 0.0K)
    Checking Rule Postreqs_CheckFuncTask (Rule 76 of total 137) .... done (Time = 0.00s, Memory = 0.0K)
Checking ELABDU Rules for designUnit mac_array
    Checking Rule Prereqs_Usage (Rule 75 of total 137) .... done (Time = 0.00s, Memory = 0.0K)
    Checking Rule Postreqs_CheckFuncTask (Rule 76 of total 137) .... done (Time = 0.00s, Memory = 0.0K)
Checking ELABDU Rules for designUnit WORK_mac_col_8_20_8_1
    Checking Rule Prereqs_Usage (Rule 75 of total 137) .... done (Time = 0.00s, Memory = 0.0K)
    Checking Rule Postreqs_CheckFuncTask (Rule 76 of total 137) .... done (Time = 0.00s, Memory = 24.0K)
Checking ELABDU Rules for designUnit mac_8in
    Checking Rule Prereqs_Usage (Rule 75 of total 137) .... done (Time = 0.00s, Memory = 0.0K)
    Checking Rule Postreqs_CheckFuncTask (Rule 76 of total 137) .... done (Time = 0.00s, Memory = 0.0K)
Checking ELABDU Rules for designUnit WORK_mac_col_8_20_8_2
    Checking Rule Prereqs_Usage (Rule 75 of total 137) .... done (Time = 0.00s, Memory = 0.0K)
    Checking Rule Postreqs_CheckFuncTask (Rule 76 of total 137) .... done (Time = 0.00s, Memory = 0.0K)
Checking ELABDU Rules for designUnit WORK_mac_col_8_20_8_3
    Checking Rule Prereqs_Usage (Rule 75 of total 137) .... done (Time = 0.00s, Memory = 0.0K)
    Checking Rule Postreqs_CheckFuncTask (Rule 76 of total 137) .... done (Time = 0.00s, Memory = 0.0K)
Checking ELABDU Rules for designUnit WORK_mac_col_8_20_8_4
    Checking Rule Prereqs_Usage (Rule 75 of total 137) .... done (Time = 0.00s, Memory = 0.0K)
    Checking Rule Postreqs_CheckFuncTask (Rule 76 of total 137) .... done (Time = 0.00s, Memory = 0.0K)
Checking ELABDU Rules for designUnit WORK_mac_col_8_20_8_5
    Checking Rule Prereqs_Usage (Rule 75 of total 137) .... done (Time = 0.00s, Memory = 0.0K)
    Checking Rule Postreqs_CheckFuncTask (Rule 76 of total 137) .... done (Time = 0.00s, Memory = 0.0K)
Checking ELABDU Rules for designUnit WORK_mac_col_8_20_8_6
    Checking Rule Prereqs_Usage (Rule 75 of total 137) .... done (Time = 0.00s, Memory = 0.0K)
    Checking Rule Postreqs_CheckFuncTask (Rule 76 of total 137) .... done (Time = 0.00s, Memory = 0.0K)
Checking ELABDU Rules for designUnit WORK_mac_col_8_20_8_7
    Checking Rule Prereqs_Usage (Rule 75 of total 137) .... done (Time = 0.00s, Memory = 0.0K)
    Checking Rule Postreqs_CheckFuncTask (Rule 76 of total 137) .... done (Time = 0.00s, Memory = 0.0K)
Checking ELABDU Rules for designUnit WORK_mac_col_8_20_8_8
    Checking Rule Prereqs_Usage (Rule 75 of total 137) .... done (Time = 0.00s, Memory = 0.0K)
    Checking Rule Postreqs_CheckFuncTask (Rule 76 of total 137) .... done (Time = 0.00s, Memory = 0.0K)
Checking ELABDU Rules for designUnit ofifo
    Checking Rule Prereqs_Usage (Rule 75 of total 137) .... done (Time = 0.00s, Memory = 0.0K)
    Checking Rule Postreqs_CheckFuncTask (Rule 76 of total 137) .... done (Time = 0.00s, Memory = 0.0K)
Checking ELABDU Rules for designUnit fifo_depth16
    Checking Rule Prereqs_Usage (Rule 75 of total 137) .... done (Time = 0.00s, Memory = 0.0K)
    Checking Rule Postreqs_CheckFuncTask (Rule 76 of total 137) .... done (Time = 0.00s, Memory = -8.0K)
Checking ELABDU Rules for designUnit fifo_mux_16_1
    Checking Rule Prereqs_Usage (Rule 75 of total 137) .... done (Time = 0.00s, Memory = 8.0K)
    Checking Rule Postreqs_CheckFuncTask (Rule 76 of total 137) .... done (Time = 0.00s, Memory = 0.0K)
Checking ELABDU Rules for designUnit fifo_mux_8_1
    Checking Rule Prereqs_Usage (Rule 75 of total 137) .... done (Time = 0.00s, Memory = 0.0K)
    Checking Rule Postreqs_CheckFuncTask (Rule 76 of total 137) .... done (Time = 0.00s, Memory = 0.0K)
Checking ELABDU Rules for designUnit fifo_mux_2_1
    Checking Rule Prereqs_Usage (Rule 75 of total 137) .... done (Time = 0.00s, Memory = 0.0K)
    Checking Rule Postreqs_CheckFuncTask (Rule 76 of total 137) .... done (Time = 0.00s, Memory = 0.0K)
Checking ELABDU Rules for designUnit WORK_sram_w16_64
    Checking Rule Prereqs_Usage (Rule 75 of total 137) .... done (Time = 0.00s, Memory = 0.0K)
    Checking Rule Postreqs_CheckFuncTask (Rule 76 of total 137) .... done (Time = 0.00s, Memory = 0.0K)
Checking ELABDU Rules for designUnit WORK_sram_w16_160
    Checking Rule Prereqs_Usage (Rule 75 of total 137) .... done (Time = 0.00s, Memory = 0.0K)
    Checking Rule Postreqs_CheckFuncTask (Rule 76 of total 137) .... done (Time = 0.00s, Memory = 0.0K)
Checking Rule SGDC_waive24 (Rule 77 of total 137) .... done (Time = 0.00s, Memory = 0.0K)
Checking Rule SGDC_waive25 (Rule 78 of total 137) .... done (Time = 0.00s, Memory = 0.0K)
Checking Rule SGDC_waive31 (Rule 79 of total 137) .... done (Time = 0.00s, Memory = 0.0K)
Checking Rule SGDC_waive35 (Rule 80 of total 137) .... done (Time = 0.00s, Memory = 0.0K)
 Synthesizing module: sram_w16 (elaborated name: WORK_sram_w16_160) ... (Module 1 of total 20)  done 
 Synthesizing module: sram_w16 (elaborated name: WORK_sram_w16_64) ... (Module 2 of total 20)  done 
 Synthesizing module: fifo_mux_2_1 (elaborated name: fifo_mux_2_1) ... (Module 3 of total 20)  done 
 Synthesizing module: fifo_mux_8_1 (elaborated name: fifo_mux_8_1) ... (Module 4 of total 20)  done 
 Synthesizing module: fifo_mux_16_1 (elaborated name: fifo_mux_16_1) ... (Module 5 of total 20)  done 
 Synthesizing module: fifo_depth16 (elaborated name: fifo_depth16) ... (Module 6 of total 20)  done 
 Synthesizing module: ofifo (elaborated name: ofifo) ... (Module 7 of total 20)  done 
 Synthesizing module: mac_8in (elaborated name: mac_8in) ... (Module 8 of total 20)  done 
 Synthesizing module: mac_col (elaborated name: WORK_mac_col_8_20_8_8) ... (Module 9 of total 20)  done 
 Synthesizing module: mac_col (elaborated name: WORK_mac_col_8_20_8_7) ... (Module 10 of total 20)  done 
 Synthesizing module: mac_col (elaborated name: WORK_mac_col_8_20_8_6) ... (Module 11 of total 20)  done 
 Synthesizing module: mac_col (elaborated name: WORK_mac_col_8_20_8_5) ... (Module 12 of total 20)  done 
 Synthesizing module: mac_col (elaborated name: WORK_mac_col_8_20_8_4) ... (Module 13 of total 20)  done 
 Synthesizing module: mac_col (elaborated name: WORK_mac_col_8_20_8_3) ... (Module 14 of total 20)  done 
 Synthesizing module: mac_col (elaborated name: WORK_mac_col_8_20_8_2) ... (Module 15 of total 20)  done 
 Synthesizing module: mac_col (elaborated name: WORK_mac_col_8_20_8_1) ... (Module 16 of total 20)  done 
 Synthesizing module: mac_array (elaborated name: mac_array) ... (Module 17 of total 20)  done 
 Synthesizing module: core (elaborated name: core) ... (Module 18 of total 20)  done 
 Synthesizing module: fullchip (elaborated name: fullchip) ... (Module 19 of total 20)  done 
 Synthesizing module: fullchip_tb (elaborated name: fullchip_tb) ... (Module 20 of total 20)  done 
 Synthesis completed.
Checking Rule InferBlackBox (Rule 81 of total 137) .... done (Time = 0.01s, Memory = 0.0K)
Checking Rule checkCMD_mthresh (Rule 82 of total 137) .... done (Time = 0.00s, Memory = 8.0K)
Checking Rule SGDC_waive37 (Rule 83 of total 137) .... done (Time = 0.00s, Memory = 0.0K)
Performing semantic checks on SGDC contents
Checking Rule SGDC_testmode03 (Rule 56 of total 137) .... done (Time = 0.00s, Memory = 0.0K)
Checking Rule _abstractPortSGDC (Rule 84 of total 137) .... done (Time = 0.00s, Memory = 0.0K)
Checking Rule SGDC_abstract_port03 (Rule 85 of total 137) .... done (Time = 0.00s, Memory = 0.0K)
Checking Rule SGDC_abstract_port04 (Rule 86 of total 137) .... done (Time = 0.00s, Memory = 0.0K)
Checking Rule SGDC_abstract_port05 (Rule 87 of total 137) .... done (Time = 0.00s, Memory = 0.0K)
Checking Rule SGDC_abstract_port07 (Rule 88 of total 137) .... done (Time = 0.00s, Memory = 0.0K)
Checking Rule SGDC_abstract_port08 (Rule 89 of total 137) .... done (Time = 0.00s, Memory = 0.0K)
Checking Rule SGDC_abstract_port10 (Rule 90 of total 137) .... done (Time = 0.00s, Memory = 0.0K)
Checking Rule SGDC_abstract_port11 (Rule 91 of total 137) .... done (Time = 0.00s, Memory = 0.0K)
Checking Rule SGDC_abstract_port12 (Rule 92 of total 137) .... done (Time = 0.00s, Memory = 0.0K)
Checking Rule SGDC_abstract_port13 (Rule 93 of total 137) .... done (Time = 0.00s, Memory = 32.0K)
Checking Rule ReportUngroup (Rule 94 of total 137) .... done (Time = 0.00s, Memory = 0.0K)
Checking Rule LINT_portReten (Rule 95 of total 137) .... done (Time = 0.00s, Memory = 0.0K)
Checking Rule SGDC_abstract_port21 (Rule 96 of total 137) .... done (Time = 0.00s, Memory = 0.0K)
Checking Rule SGDC_assume_path05 (Rule 97 of total 137) .... done (Time = 0.00s, Memory = 0.0K)
 Flattening fullchip_tb (.lib instances separately flattened) ....
 Flattening completed
Checking Rule SGDC_set_case_analysis_LC (Rule 98 of total 137) .... done (Time = 0.00s, Memory = 0.0K)
Checking Rule LINT_abstract01 (Rule 99 of total 137) .... done (Time = 0.04s, Memory = 3904.0K)
Checking Rule AnalyzeBBox (Rule 100 of total 137) .... done (Time = 0.00s, Memory = 0.0K)
Checking Rule ReportCheckDataSummary (Rule 54 of total 137) .... done (Time = 0.00s, Memory = 0.0K)

Generating data for Console...

SpyGlass Rule Checking Complete.

Generating moresimple report from './spyglass-1/lint/lint_abstract/spyglass.vdb' to './spyglass-1/lint/lint_abstract/spyglass_reports/moresimple.rpt' ....

Generating runsummary report from './spyglass-1/lint/lint_abstract/spyglass.vdb' ....

Generating no_msg_reporting_rules report from './spyglass-1/lint/lint_abstract/spyglass.vdb' to './spyglass-1/lint/lint_abstract/spyglass_reports/no_msg_reporting_rules.rpt' ....

Policy specific data (reports) are present in the directory './spyglass-1/lint/lint_abstract/spyglass_reports'.

SpyGlass critical reports for the current run are present in directory './spyglass-1/consolidated_reports/lint_lint_abstract/'.

---------------------------------------------------------------------------------------------
Results Summary:
---------------------------------------------------------------------------------------------
   Goal Run           :      lint/lint_abstract
   Command-line read  :      0 error,      1 warning,      0 information message 
   Design Read        :      0 error,     50 warnings,     2 information messages
      Found 1 top module:
         fullchip_tb   (file: verilog/fullchip_tb.v)

   Blackbox Resolution:      0 error,      0 warning,      0 information message 
   SGDC Checks        :      0 error,      0 warning,      0 information message 
   Policy lint        :      0 error,      0 warning,      1 information message 
   -------------------------------------------------------------------------------------
   Total              :      0 error,     51 warnings,     3 information messages

  Total Number of Generated Messages     :        54 (0 error, 51 warnings, 3 Infos)
  Number of Reported Messages            :        54 (0 error, 51 warnings, 3 Infos)

---------------------------------------------------------------------------------------------


run_goal: info: updating spyglass.log with goal summary
run_goal: info: spyglass.log successfully updated with goal summary
run_goal: warning: save/restore disabled for the currently selected goal, design query data is not saved
0 {Rule-checking completed with warnings}current_goal: info: loading goal `lint/lint_rtl' (in progress)
current_goal: info: finished loading goal `lint/lint_rtl' (ok)
 Reading waiver file "./spyglass-1/lint/lint_rtl/spyglass_spysch/waiver/pragma2Waiver.swl" ...
